Job ID,Job URL,Job Title,Company Name,Status,Timestamp,WP ID
64b89be80e5e6d84,https://lv.linkedin.com/jobs/view/apsargs-c%C4%93s%C4%ABs-at-g4s-4398962550,Apsargs Cēsīs,,scraped,2026-07-07T01:58:09.996361,
ec9179e638a4f346,https://lv.linkedin.com/jobs/view/cash-collector-at-brink%E2%80%99s-inc-4418167274,Cash collector,,scraped,2026-07-07T01:58:20.195554,
932a24c5667a8dea,https://lv.linkedin.com/jobs/view/pitboss-at-luckystreak-4432357301,Pitboss,,scraped,2026-07-07T01:58:45.118574,
98be1b0b52775dcd,https://lv.linkedin.com/jobs/view/seaman-4435399779,Seaman,Self-employed,posted,2026-07-07T01:58:59.743660,20
2a6114b5bb6f8689,https://lv.linkedin.com/jobs/view/devops-engineer-at-impaya-4433795926,DevOps Engineer,IMPAYA,posted,2026-07-07T01:59:12.427771,22
cfd8aa501ee9a1f4,https://lv.linkedin.com/jobs/view/p%C4%81rdev%C4%93js-a-circle-k-ventspils-r%C5%ABpniec%C4%ABbas-iela-4-ventspils-at-circle-k-4435206444,"Pārdevējs/-a Circle K Ventspils (Rūpniecības iela 4, Ventspils)",,scraped,2026-07-07T01:59:14.971775,
a4f323f9776e4587,https://lv.linkedin.com/jobs/view/product-specialist%0A-%0A%0A-%0Amoller-baltic-import%0A%0A-%C2%B7%0A%0A-riga-at-moller-auto-baltic-4435514963,"Product Specialist
    

    
Moller Baltic Import

  ·

    Riga",,scraped,2026-07-07T01:59:21.474591,
909c33ead0dafe39,https://lv.linkedin.com/jobs/view/internal-auditor-at-circle-k-4330428917,Internal Auditor,,scraped,2026-07-07T01:59:28.309162,
48c66db12ee9c683,https://lv.linkedin.com/jobs/view/gr%C4%81matvedis-e-at-madara-cosmetics-4436749958,Grāmatvedis/-e,,scraped,2026-07-07T01:59:34.587862,
75954b841a126808,https://lv.linkedin.com/jobs/view/fraud-investigations-specialist-at-gocardless-4427607305,Fraud Investigations Specialist,,scraped,2026-07-07T01:59:41.174391,
709bf7309b3bf770,https://lv.linkedin.com/jobs/view/b2b-customer-support-operations-specialist-at-the-customization-group-4432305728,B2B Customer Support Operations Specialist,,scraped,2026-07-07T01:59:47.888650,
d484182d638d8635,https://lv.linkedin.com/jobs/view/vado%C5%A1ais-tehni%C4%B7is-at-adven-%E2%80%93-the-leading-partner-in-the-energy-transition-4410488432,Vadošais tehniķis,,scraped,2026-07-07T01:59:54.463660,
0a29f7f5c5361de1,https://lv.linkedin.com/jobs/view/atlases-partneris-e-at-rimi-baltic-group-4436316841,Atlases partneris/-e,,scraped,2026-07-07T02:00:01.746929,
92e994c6a8ee19b3,https://lv.linkedin.com/jobs/view/galvenais-%C4%81-gr%C4%81matvedis-e-at-brain-games-4432381294,Galvenais/-ā Grāmatvedis/-e,,scraped,2026-07-07T02:00:08.631557,
87907fd10e53b2a3,https://lv.linkedin.com/jobs/view/lead-it-recruiter-at-syntx-ai-at-syntx-ai-4433700226,Lead IT Recruiter at SYNTX AI,,scraped,2026-07-07T02:00:16.104911,
1895fd3351975223,https://lv.linkedin.com/jobs/view/product-manager-m-f-d-pulmonology-latvia-at-berlin-chemie-menarini-4432758445,Product Manager (m/f/d) Pulmonology - Latvia,,scraped,2026-07-07T02:00:28.889810,
2fa44111c8d6b679,https://lv.linkedin.com/jobs/view/autovad%C4%ABt%C4%81js-%E2%80%93-ekspeditors-infrastrukt%C5%ABras-uztur%C4%93%C5%A1anas-da%C4%BC%C4%81-at-b%C4%93rnu-kl%C4%ABnisk%C4%81-universit%C4%81tes-slimn%C4%ABca-children-s-clinical-university-hospital-4437119993,Autovadītājs – ekspeditors Infrastruktūras uzturēšanas daļā,,scraped,2026-07-07T02:00:35.812880,
e745b84eb085adfc,https://lv.linkedin.com/jobs/view/sick-pets-portfolio-manager-cne-f-m-x-at-mars-4435219918,Sick Pets Portfolio Manager CNE (f/m/x),,scraped,2026-07-07T02:00:43.378048,
55e4be5c70cdc5f3,https://lv.linkedin.com/jobs/view/jaun%C4%81kais-%C4%81-konsultants-e-audit%C4%81-at-ey-4368224590,Jaunākais/-ā konsultants/-e auditā,EY,posted,2026-07-07T02:01:50.532217,24
26deef43090638df,https://lv.linkedin.com/jobs/view/support-engineer-devex-tooling-at-accenture-baltics-4369840268,Support Engineer (DevEx & Tooling),Accenture Baltics,posted,2026-07-07T02:02:01.101010,26
f5fb662b34459587,https://lv.linkedin.com/jobs/view/senior-recruiter-at-extantia-4436930729,Senior Recruiter,,scraped,2026-07-07T02:02:03.804332,
ee5a34672fe018e0,https://lv.linkedin.com/jobs/view/gnc-engineer-px4-flight-tuning-at-redwire-4436960199,GNC Engineer-PX4 Flight Tuning,,scraped,2026-07-07T02:02:10.837289,
2c89765416c1d0cf,https://lv.linkedin.com/jobs/view/communications-specialist-at-octella-4437456208,Communications Specialist,,scraped,2026-07-07T02:02:29.023649,
62a92c90aa4d4ea4,https://lv.linkedin.com/jobs/view/business-development-manager-at-multipass-4432354612,Business Development Manager,,scraped,2026-07-07T02:02:36.371468,
31ec8cd74080b611,https://lv.linkedin.com/jobs/view/finance-assistant-at-jeld-wen-inc-4423140001,Finance Assistant,"JELD-WEN, Inc.",posted,2026-07-07T02:02:50.625054,28
12070a1b6ae3053f,https://lv.linkedin.com/jobs/view/mortgage-underwriter-freelance-ai-trainer-at-mindrift-4432362518,Mortgage Underwriter - Freelance AI Trainer,Mindrift,posted,2026-07-07T02:03:05.603310,30
34345e0b95606c09,https://lv.linkedin.com/jobs/view/freelance-chatbot-developer-whatsapp-telegram-discord-at-mindrift-4436738428,Freelance Chatbot Developer (WhatsApp / Telegram / Discord),,scraped,2026-07-07T02:03:08.218117,
459667e0652830a9,https://lv.linkedin.com/jobs/view/deployment-strategist-at-n8n-4435126332,Deployment Strategist,,scraped,2026-07-07T02:03:21.881814,
4e3be3d6a5f972fa,https://lv.linkedin.com/jobs/view/senior-project-manager-at-redwire-europe-4432328283,Senior Project Manager,,scraped,2026-07-07T02:03:28.184220,
ee0ef70566f17944,https://lv.linkedin.com/jobs/view/enterprise-account-executive-eu-b2b-at-tripleten-indonesia-4433724332,Enterprise Account Executive EU (B2B),TripleTen Indonesia,posted,2026-07-07T02:03:43.253968,32
522738595f839180,https://lv.linkedin.com/jobs/view/ams-account-manager-baltics-at-brink%E2%80%99s-inc-4436495975,AMS Account Manager Baltics,,scraped,2026-07-07T02:03:45.920195,
16180bfbe459ebe8,https://lv.linkedin.com/jobs/view/customer-service-specialist-at-georg-fischer-4424893643,Customer Service Specialist,,scraped,2026-07-07T02:04:01.543158,
31c362977c6f61b8,https://lv.linkedin.com/jobs/view/jurists-at-deloitte-4436184431,Jurists,Deloitte,posted,2026-07-07T02:04:24.113850,34
a518fc0c687ce6cf,https://lv.linkedin.com/jobs/view/ai-technical-designer-at-fyul-4416924027,AI Technical Designer,,scraped,2026-07-07T02:04:26.899810,
aba16947e1a5a010,https://lv.linkedin.com/jobs/view/senior-value-chain-development-expert-at-ntu-international-a-s-4436394101,Senior Value Chain Development Expert,,scraped,2026-07-07T02:04:33.954238,
998d2bef419e8934,https://lv.linkedin.com/jobs/view/unit-manager-risk-quantification-automation-at-luminor-group-4424191102,Unit Manager (Risk Quantification & Automation),Luminor Group,posted,2026-07-07T02:04:52.901261,36
d7040311ac5088e7,https://lv.linkedin.com/jobs/view/m%C4%81sas-pal%C4%ABgs-jaun%C4%81kais-m%C4%81sas-pal%C4%ABgs-1-acu-slim%C4%ABbu-noda%C4%BC%C4%81-at-paula-stradi%C5%86a-kl%C4%ABnisk%C4%81-universit%C4%81tes-slimn%C4%ABca-4434339559,MĀSAS PALĪGS / JAUNĀKAIS MĀSAS PALĪGS 1. Acu slimību nodaļā,,scraped,2026-07-07T02:04:55.487250,
53d7bc8b6ebcae5d,https://lv.linkedin.com/jobs/view/debt-agent-at-bondora-4436350431,Debt Agent,,scraped,2026-07-07T02:05:03.896703,
3e9012b6dbb92f19,https://lv.linkedin.com/jobs/view/technical-support-engineer-sl2-at-btcc-4435421870,Technical Support Engineer (SL2),,scraped,2026-07-07T02:05:10.949358,
f23dd359c479cfc4,https://lv.linkedin.com/jobs/view/application-security-engineer-at-dyninno-technologies-dynatech-4432368539,Application Security Engineer,,scraped,2026-07-07T02:05:17.531465,
4bf51ffb7d15e1a2,https://lv.linkedin.com/jobs/view/performance-marketing-lead-native-ads-at-capslock-4434634577,Performance Marketing Lead (Native Ads),,scraped,2026-07-07T02:05:24.223689,
a413698c9a5e04eb,https://lv.linkedin.com/jobs/view/solutions-consultant-%E2%80%93-netapp-nutanix-baltics-at-arrow-electronics-4436355928,Solutions Consultant – NetApp & Nutanix (Baltics),Arrow Electronics,posted,2026-07-07T02:06:51.150576,38
4c2fcd26fd43b0d5,https://lv.linkedin.com/jobs/view/customer-operations-representative-12-month-ftc-at-gocardless-4435867046,Customer Operations Representative (12-month FTC),,scraped,2026-07-07T02:06:53.792174,
d2fc21457dc34dc0,https://lv.linkedin.com/jobs/view/devops-engineer-at-arrise-4435471425,DevOps Engineer,,scraped,2026-07-07T02:08:04.233133,
c90a207127a2536b,https://lv.linkedin.com/jobs/view/entrepreneur-in-residence-eir-at-the-flex-4436933922,Entrepreneur in Residence (EIR),,scraped,2026-07-07T02:08:10.903699,
009e6161020d96c4,https://lv.linkedin.com/jobs/view/account-executive-at-dodoche-4436375972,Account Executive,Dodoche,posted,2026-07-07T02:08:24.090693,40
f0c6ee337d4fda76,https://lv.linkedin.com/jobs/view/senior-agri-food-logistics-cold-chain-expert-at-ntu-international-a-s-4436498437,Senior Agri-Food Logistics / Cold Chain Expert,,scraped,2026-07-07T02:08:26.726563,
47a4658aa898e91a,https://lv.linkedin.com/jobs/view/wolt-ads-promos-sales-manager-global-ads-at-wolt-4436213708,Wolt Ads & Promos Sales Manager - Global Ads,,scraped,2026-07-07T02:09:38.008491,
53903ec3c566b9e1,https://lv.linkedin.com/jobs/view/microsoft-dynamics-365-crm-developer-at-q-beyond-riga-4423168151,Microsoft Dynamics 365 CRM Developer,,scraped,2026-07-07T02:09:45.371769,
c4140eac00b4a270,https://lv.linkedin.com/jobs/view/study-start-up-lead-at-rho-4399223708,Study Start Up Lead,,scraped,2026-07-07T02:09:53.446112,
e57d60b37ea756c6,https://lv.linkedin.com/jobs/view/engineering-manager-100%25-remote-emea-at-pragmatike-4435802872,Engineering Manager (100% Remote EMEA),,scraped,2026-07-07T02:10:00.826626,
79d1fcdc52b8434d,https://lv.linkedin.com/jobs/view/manager-finance-business-partner-at-mastercard-4435839280,"Manager, Finance Business Partner",,scraped,2026-07-07T02:10:07.492562,
8b6a861cc61b8b48,https://lv.linkedin.com/jobs/view/hr-manager-supervisor-at-mgi-4435046518,HR Manager / Supervisor,,scraped,2026-07-07T02:10:34.050955,
554242e9ce4c4e55,https://lv.linkedin.com/jobs/view/clinical-trial-coordinator-at-thermo-fisher-scientific-4416376761,Clinical Trial Coordinator,,scraped,2026-07-07T02:10:43.815873,
664822405ad52adc,https://lv.linkedin.com/jobs/view/sales-director-at-stoli%C2%AE-group-4433700570,Sales Director,,scraped,2026-07-07T02:10:50.905773,
ee8f96ce053970dc,https://lv.linkedin.com/jobs/view/klientu-pieredzes-a%C4%A3entu-i-at-ipf-digital-4436309805,Klientu Pieredzes Aģentu/-i,,scraped,2026-07-07T02:11:09.278159,
20a2afda854a96e1,https://lv.linkedin.com/jobs/view/konstruktors-ras%C4%93t%C4%81js-ja-at-evopipes-4433167835,Konstruktors/rasētājs/-ja,,scraped,2026-07-07T02:11:16.149032,
2ea9d0e4fa95135b,https://lv.linkedin.com/jobs/view/quality-assurance-engineer-at-redwire-europe-4432340069,Quality Assurance Engineer,,scraped,2026-07-07T02:11:24.701044,
d2f642f7dd24cda7,https://lv.linkedin.com/jobs/view/commercial-real-estate-agent-at-alcenza-properties-l-l-c-4431918570,commercial real estate agent,,scraped,2026-07-07T02:11:31.882926,
ee32fb4e8dad995f,https://lv.linkedin.com/jobs/view/data-analyst-controlling-at-stora-enso-4435062339,"Data Analyst, Controlling",Stora Enso,posted,2026-07-07T02:12:52.436650,42
010f54f096c62c52,https://lv.linkedin.com/jobs/view/senior-data-analyst-at-taltap-4433169438,Senior Data Analyst,,scraped,2026-07-07T02:12:55.235409,
66f1a572e1e3c042,https://lv.linkedin.com/jobs/view/business-analyst-at-cgi-4436418272,Business Analyst,,scraped,2026-07-07T02:13:02.032001,
917c874f6edc4929,https://lv.linkedin.com/jobs/view/country-chief-accountant-bulgarian-speaking-at-roche-4417404416,Country Chief Accountant - Bulgarian speaking,,scraped,2026-07-07T02:13:09.355247,
23f0a5516db46981,https://lv.linkedin.com/jobs/view/it-projektu-vad%C4%ABt%C4%81js-a-at-vsia-autotransporta-direkcija-4432755658,IT PROJEKTU VADĪTĀJS/-A,,scraped,2026-07-07T02:13:16.720862,
03417f684e9aaeb7,https://lv.linkedin.com/jobs/view/full-stack-architect-at-arvato-systems-4433931662,Full-Stack Architect,,scraped,2026-07-07T02:13:23.938724,
85e79485786c2b79,https://lv.linkedin.com/jobs/view/growth-marketer-at-the-flex-4436766857,Growth Marketer,,scraped,2026-07-07T02:13:33.587386,
581ab29984c46d3d,https://lv.linkedin.com/jobs/view/head-of-platform-at-gomining-4436704670,Head of Platform,,scraped,2026-07-07T02:13:40.235888,
e481f79c2071928d,https://lv.linkedin.com/jobs/view/senior-microsoft-dynamics-365-erp-administrator-at-epam-systems-4432766616,Senior Microsoft Dynamics 365 ERP Administrator,EPAM Systems,posted,2026-07-07T02:13:57.233046,44
251e214cfe6e4622,https://lv.linkedin.com/jobs/view/servisa-klientu-konsultants-e%0A-%0A%0A-%0Aserviss%0A%0A-%C2%B7%0A%0A-moller-auto-lidosta-volkswagen-at-moller-auto-baltic-4435540041,"Servisa klientu konsultants/-e
    

    
Serviss

  ·

    Moller Auto Lidosta, Volkswagen",,scraped,2026-07-07T02:13:59.907135,
76108324fc51a273,https://lv.linkedin.com/jobs/view/devops-engineer-ai-model-evaluator-at-mercor-4431932172,DevOps Engineer - AI Model Evaluator,,scraped,2026-07-07T02:14:06.690542,
c6bd3b7386c4aaba,https://lv.linkedin.com/jobs/view/bilingual-tutor-ai-trainer-at-dataannotation-4304447266,Bilingual Tutor - AI Trainer,DataAnnotation,posted,2026-07-07T02:14:51.597682,46
af180e72b7761ca9,https://lv.linkedin.com/jobs/view/sports-data-collector-football-tukums-latvia-at-genius-sports-4426796010,"Sports Data Collector (Football) - Tukums, Latvia",,scraped,2026-07-07T02:14:54.168959,
ff0f794ae6fd8bb5,https://lv.linkedin.com/jobs/view/ui-saskar%C5%86u-dizainers-e-uz-noteiktu-laiku-l%C4%ABdz-2-gadiem-at-tet-lv-4435480450,UI Saskarņu dizainers/-e (Uz noteiktu laiku līdz 2 gadiem),,scraped,2026-07-07T02:15:00.749611,
f4ab3ef365c0aabb,https://lv.linkedin.com/jobs/view/project-manager-at-playtech-live-latvia-4403217441,Project Manager,,scraped,2026-07-07T02:15:13.035617,
1516fa56c6815fc3,https://lv.linkedin.com/jobs/view/web-digital-content-manager-at-if-insurance-baltic-4432760640,Web & Digital Content Manager,,scraped,2026-07-07T02:15:19.539181,
f3b156a3b7ed0d23,https://lv.linkedin.com/jobs/view/senior-training-and-capacity-development-expert-at-ntu-international-a-s-4434988244,Senior Training and Capacity Development Expert,,scraped,2026-07-07T02:15:26.194582,
7d82a2a365e9c560,https://lv.linkedin.com/jobs/view/virsb%C5%ABvju-tehniskais-eksperts%0A-%0A%0A-%0Avirsb%C5%ABves%0A%0A-%C2%B7%0A%0A-moller-auto-virsb%C5%ABvju-centrs-at-moller-auto-baltic-4435531527,"Virsbūvju tehniskais eksperts
    

    
Virsbūves

  ·

    Moller Auto Virsbūvju centrs",,scraped,2026-07-07T02:15:33.616002,
9fd9f60015c097dd,https://lv.linkedin.com/jobs/view/senior-accountant-at-circle-k-4425815843,Senior Accountant,,scraped,2026-07-07T02:15:40.393760,
fd4ec036e16dd4d7,https://lv.linkedin.com/jobs/view/tele2-p%C4%81rdo%C5%A1anas-speci%C4%81lists-t-c-riga-plaza-r%C4%ABg%C4%81-pieteik%C5%A1an%C4%81s-l%C4%ABdz-17-07-2026-at-tele2-latvia-4436275044,"Tele2 pārdošanas speciālists t/c Riga Plaza, Rīgā, pieteikšanās līdz 17.07.2026.",,scraped,2026-07-07T02:15:46.876146,
50cdc042c40f04f6,https://lv.linkedin.com/jobs/view/korporat%C4%ABvo-klientu-projektu-vad%C4%ABt%C4%81js-a%0A-%0A%0A-%0Atirdzniec%C4%ABba%0A%0A-%C2%B7%0A%0A-moller-auto-lidosta-volkswagen-at-moller-auto-baltic-4435521813,"Korporatīvo klientu projektu vadītājs/-a
    

    
Tirdzniecība

  ·

    Moller Auto Lidosta, Volkswagen",,scraped,2026-07-07T02:15:54.641269,
ec2e2f7c6a2ae7a3,https://lv.linkedin.com/jobs/view/tele2-p%C4%81rdo%C5%A1anas-speci%C4%81lists-t-c-damme-r%C4%ABg%C4%81-pieteik%C5%A1an%C4%81s-l%C4%ABdz-14-07-2026-at-tele2-latvia-4434381206,"Tele2 pārdošanas speciālists t/c Damme Rīgā, pieteikšanās līdz 14.07.2026.",,scraped,2026-07-07T02:17:04.705938,
55fbe91d896fd995,https://lv.linkedin.com/jobs/view/tele2-p%C4%81rdo%C5%A1anas-speci%C4%81lists-t-c-r%C4%ABga-plaza-at-tele2-latvia-4435453919,Tele2 pārdošanas speciālists t/c Rīga Plaza,,scraped,2026-07-07T02:18:15.948873,
dcf37b8984f386f1,https://lv.linkedin.com/jobs/view/uzraudzibas-eksperts-e-finan%C5%A1u-tehnolo%C4%A3iju-uzraudz%C4%ABbas-p%C4%81rvald%C4%93-at-latvijas-banka-4435020317,Uzraudzibas eksperts/-e Finanšu tehnoloģiju uzraudzības pārvaldē,,scraped,2026-07-07T02:18:23.716951,
60db08f848027483,https://lv.linkedin.com/jobs/view/consultant-eyp-transaction-diligence-at-ey-4426067725,Consultant - EYP Transaction Diligence,EY,posted,2026-07-07T02:19:44.724141,48
e3361d4d434ac3e3,https://lv.linkedin.com/jobs/view/assistant-manager-in-financial-crime-solutions-team-at-ey-4385043636,Assistant Manager in Financial Crime Solutions Team,EY,posted,2026-07-07T02:19:55.146619,50
c2fda9ef9c2d9264,https://lv.linkedin.com/jobs/view/tele2-p%C4%81rdo%C5%A1anas-speci%C4%81lists-t-c-spice-at-tele2-latvia-4436082529,Tele2 Pārdošanas speciālists t/c Spice,,scraped,2026-07-07T02:19:57.729615,
95147b3ff45c2631,https://lv.linkedin.com/jobs/view/senior-accountant-at-circle-k-4435477390,Senior Accountant,,scraped,2026-07-07T02:21:09.265996,
73809f3c62b1e18d,https://lv.linkedin.com/jobs/view/pieg%C4%81des-procesu-speci%C4%81lists-e-at-rimi-baltic-group-4434720777,Piegādes procesu speciālists/-e,,scraped,2026-07-07T02:21:15.678106,
073f0d534495b1bd,https://lv.linkedin.com/jobs/view/partnership-local-support-unit-manager-at-luminor-group-4435848085,Partnership & Local Support Unit Manager,Luminor Group,posted,2026-07-07T02:22:38.697733,52
8bd4b4ae4f42da5e,https://lv.linkedin.com/jobs/view/senior-product-designer-back-office-at-eyespy-recruitment-igaming-specialists-4436345945,"Senior Product Designer, Back Office",,scraped,2026-07-07T02:22:41.352102,
e43ef252d681ff0f,https://lv.linkedin.com/jobs/view/sports-data-collector-football-daugavpils-latvia-at-genius-sports-4426788876,"Sports Data Collector (Football) - Daugavpils, Latvia",,scraped,2026-07-07T02:22:47.765288,
0f3772b7d7525fbe,https://lv.linkedin.com/jobs/view/inform%C4%81cijas-dro%C5%A1%C4%ABbas-p%C4%81rvald%C4%ABbas-speci%C4%81lists-at-datakom-4436320059,INFORMĀCIJAS DROŠĪBAS PĀRVALDĪBAS SPECIĀLISTS,,scraped,2026-07-07T02:23:57.729878,
6540adc7e5dff80e,https://lv.linkedin.com/jobs/view/manager-ey-parthenon-strategy-execution-at-ey-parthenon-4405122597,Manager - EY-Parthenon Strategy & Execution,EY-Parthenon,posted,2026-07-07T02:25:16.688222,54
bd476c9252d23bc2,https://lv.linkedin.com/jobs/view/credit-analyst-senior-credit-analyst-vec%C4%81kais-%C4%81-kred%C4%ABtanal%C4%ABti%C4%B7is-e-seb-riga-at-seb-latvija-4435513603,"Credit Analyst / Senior Credit Analyst/ Vecākais /-ā kredītanalītiķis /-e | SEB, Riga",,scraped,2026-07-07T02:25:19.347936,
011bd47b42c62ec2,https://lv.linkedin.com/jobs/view/regulatory-change-manager-at-luminor-group-4437720269,Regulatory Change Manager,Luminor Group,posted,2026-07-07T02:25:39.431297,56
edb90c8b023f2bc5,https://lv.linkedin.com/jobs/view/sales-engineer-business-development-manager-at-abb-4437723108,Sales Engineer/Business Development Manager,,scraped,2026-07-07T02:25:42.088577,
f3d5dab6c9472507,https://lv.linkedin.com/jobs/view/link-building-manager-at-white-light-digital-marketing-4435325280,Link Building Manager,White Light Digital Marketing,posted,2026-07-07T02:26:23.615453,58
b780cf0a3b52cf8e,https://lv.linkedin.com/jobs/view/area-sales-manager-riga-at-mascot%C2%AE-workwear-4433178196,Area Sales Manager - Riga,,scraped,2026-07-07T02:26:26.338865,
22c2cbabdbd70538,https://lv.linkedin.com/jobs/view/german-speaking-service-desk-specialist-at-arvato-systems-4433935644,German Speaking Service Desk Specialist,,scraped,2026-07-07T02:26:32.818935,
276ad0ad308853bb,https://lv.linkedin.com/jobs/view/junior-master-data-specialist-at-datwyler-group-4435832907,Junior Master Data Specialist,Datwyler Group,posted,2026-07-07T02:27:58.028283,60
4904fec4d48a13fa,https://lv.linkedin.com/jobs/view/p%C4%81rdo%C5%A1anas-mened%C5%BEeris-at-gesr-clinic-4434401060,Pārdošanas menedžeris,,scraped,2026-07-07T02:28:00.687767,
2bbf9a6262a70b10,https://lv.linkedin.com/jobs/view/klientu-konsultants-e-ventspil%C4%AB-t-c-tobago-uz-noteiktu-laiku-%7E2-gadi-at-latvijas-mobilais-telefons-sia-4434343774,Klientu konsultants/-e Ventspilī t/c TOBAGO (uz noteiktu laiku ~2 gadi),,scraped,2026-07-07T02:29:10.350562,
b1bb0a90c5854de1,https://lv.linkedin.com/jobs/view/person%C4%81la-speci%C4%81lists-e-at-rimi-baltic-group-4434463625,Personāla speciālists/-e,,scraped,2026-07-07T02:29:18.145315,
53a58faa5f5010f0,https://lv.linkedin.com/jobs/view/slim%C4%ABbu-profilakses-speci%C4%81lists-at-ieslodz%C4%ABjuma-vietu-p%C4%81rvalde-4431563474,Slimību profilakses speciālists,,scraped,2026-07-07T02:29:24.910912,
de04c99d91a06f02,https://lv.linkedin.com/jobs/view/financial-controller-at-circle-k-4417174702,Financial Controller,,scraped,2026-07-07T02:29:46.821718,
1be10e34e1df05eb,https://lv.linkedin.com/jobs/view/service-administrator-at-manpower-latvia-4435544705,Service Administrator,,scraped,2026-07-07T02:29:53.430671,
3d28495882c44684,https://lv.linkedin.com/jobs/view/wealth-manager-at-luminor-group-4436713388,Wealth Manager,Luminor Group,posted,2026-07-07T02:30:12.192697,62
93d89fd15b336c11,https://lv.linkedin.com/jobs/view/korporat%C4%ABv%C4%81s-atbild%C4%ABbas-ilgtsp%C4%93jas-zi%C5%86o%C5%A1anas-vad%C4%ABt%C4%81js-a-at-rimi-baltic-group-4419404409,Korporatīvās atbildības (ilgtspējas) ziņošanas vadītājs/-a,,scraped,2026-07-07T02:30:14.801084,
c1cc70e88ed0f78f,https://lv.linkedin.com/jobs/view/methodology-and-process-owner-metodolo%C4%A3ijas-un-procesu-vad%C4%ABt%C4%81js-a-seb-riga-at-seb-latvija-4435554270,"Methodology and Process Owner /Metodoloģijas un procesu vadītājs(-a) | SEB, Riga",,scraped,2026-07-07T02:30:21.459892,
23c3b53951365b2b,https://lv.linkedin.com/jobs/view/senior-analyst-market-liquidity-risk-department-at-luminor-group-4437408912,Senior Analyst (Market & Liquidity Risk Department),Luminor Group,posted,2026-07-07T02:31:44.385004,64
3f99f83d3d17aef8,https://lv.linkedin.com/jobs/view/m%C4%81sa-1-acu-slim%C4%ABbu-noda%C4%BC%C4%81-at-paula-stradi%C5%86a-kl%C4%ABnisk%C4%81-universit%C4%81tes-slimn%C4%ABca-4434669202,MĀSA 1. Acu slimību nodaļā,,scraped,2026-07-07T02:31:47.042526,
a6b51ee846dab601,https://lv.linkedin.com/jobs/view/clearance-broker-at-fedex-4425474827,Clearance Broker,FedEx,posted,2026-07-07T02:32:09.828422,66
f995fb5c3d0fed90,https://lv.linkedin.com/jobs/view/digit%C4%81lo-produktu-p%C4%81rdo%C5%A1anas-speci%C4%81lists-e-vesel%C4%ABbas-tehnolo%C4%A3iju-jom%C4%81-at-datamed-4432394508,Digitālo produktu pārdošanas speciālists/-e veselības tehnoloģiju jomā,,scraped,2026-07-07T02:32:12.484119,
0e97509bc65aa38a,https://lv.linkedin.com/jobs/view/akt%C4%ABvu-un-pas%C4%ABvu-p%C4%81rvaldnieks-ce%E2%80%8B-treasury-vad%C4%ABt%C4%81js-a-%E2%80%8B-at-indexo-4432376025,AKTĪVU UN PASĪVU PĀRVALDNIEKS/-CE (Treasury  vadītājs/-a),,scraped,2026-07-07T02:32:19.558807,
724f5e96587a6dc4,https://lv.linkedin.com/jobs/view/uzraudz%C4%ABbas-eksperts-e-finan%C5%A1u-tehnolo%C4%A3iju-uzraudz%C4%ABbas-p%C4%81rvald%C4%93-at-latvijas-banka-4435013414,Uzraudzības eksperts/-e Finanšu tehnoloģiju uzraudzības pārvaldē,,scraped,2026-07-07T02:33:30.295178,
a22f874a4f7cdbfa,https://lv.linkedin.com/jobs/view/nacion%C4%81lo-kontu-datu-apstr%C4%81des-anal%C4%ABzes-un-izplat%C4%AB%C5%A1anas-da%C4%BCas-vad%C4%ABt%C4%81js-a-at-centr%C4%81l%C4%81-statistikas-p%C4%81rvalde-4433172885,"Nacionālo kontu datu apstrādes, analīzes un izplatīšanas daļas vadītājs/-a",,scraped,2026-07-07T02:33:37.999514,
ca219c31ed688161,https://lv.linkedin.com/jobs/view/technical-support-specialist-at-delaval-4434979294,Technical Support Specialist,DeLaval,posted,2026-07-07T02:33:56.180031,68
534a6c7da91126ff,https://lv.linkedin.com/jobs/view/data-technology-consultant-at-epam-systems-4398222820,Data Technology Consultant,EPAM Systems,posted,2026-07-07T02:35:27.631552,70
3389dfa5e9000c73,https://lv.linkedin.com/jobs/view/senior-financial-risk-analyst-at-eleving-group-4436712192,Senior Financial Risk Analyst,,scraped,2026-07-07T02:35:30.265528,
45c5e033c8e25526,https://lv.linkedin.com/jobs/view/senior-quality-assurance-engineer-at-redwire-europe-4432320667,Senior Quality Assurance Engineer,,scraped,2026-07-07T02:35:37.392138,
93e224b628e50f2f,https://lv.linkedin.com/jobs/view/distributed-systems-engineer-apache-spark-internals-remote-work-ref%23294292-at-bairesdev-4426563371,Distributed Systems Engineer (Apache Spark Internals) - Remote Work | REF#294292,,scraped,2026-07-07T02:35:44.323725,
654c6120c30710c9,https://lv.linkedin.com/jobs/view/senior-agricultural-insurance-and-rural-finance-expert-at-ntu-international-a-s-4436300774,Senior Agricultural Insurance and Rural Finance Expert,,scraped,2026-07-07T02:37:19.344456,
2ff651f659dc1982,https://lv.linkedin.com/jobs/view/spare-parts-planning-team-leader-at-epson-europe-b-v-4432333594,Spare Parts Planning Team Leader,,scraped,2026-07-07T02:37:27.217798,
8a8066f56d32454b,https://lv.linkedin.com/jobs/view/senior-qa-auditor-gcp-audits-at-iqvia-4435048966,Senior QA Auditor - GCP Audits,IQVIA,posted,2026-07-07T02:38:38.751693,72
e9c26323510e4e56,https://lv.linkedin.com/jobs/view/hr-data-specialist-at-epson-baltics-4433197464,HR Data Specialist,,scraped,2026-07-07T02:38:41.357508,
602810e362867113,https://lv.linkedin.com/jobs/view/spare-parts-administrator-at-epson-baltics-4431920916,Spare Parts Administrator,,scraped,2026-07-07T02:38:48.585147,
ae95237dfb59b7d8,https://lv.linkedin.com/jobs/view/manager-in-financial-crime-solutions-team-at-ey-4385044455,Manager in Financial Crime Solutions Team,EY,posted,2026-07-07T02:39:03.621932,74
2a468b747ea01e09,https://lv.linkedin.com/jobs/view/stream-processing-engineer-apache-flink-internals-remote-work-ref%23294338-at-bairesdev-4426561405,Stream Processing Engineer (Apache Flink Internals) - Remote Work | REF#294338,,scraped,2026-07-07T02:39:06.280709,
6d1ee1243230c71c,https://lv.linkedin.com/jobs/view/engineering-manager-sap-cap-java-at-epam-systems-4403242072,"Engineering Manager, SAP CAP Java",EPAM Systems,posted,2026-07-07T02:39:35.610031,76
fb970b5492ff9a87,https://lv.linkedin.com/jobs/view/senior-sap-fico-consultant-at-epam-systems-4363953731,Senior SAP FICO Consultant,EPAM Systems,posted,2026-07-07T02:39:58.700994,78
77d52a7fe8fbd4e3,https://lv.linkedin.com/jobs/view/senior-data-platform-engineer-remote-work-ref%23293900-at-bairesdev-4426567331,Senior Data Platform Engineer - Remote Work | REF#293900,,scraped,2026-07-07T02:40:01.437319,
10866a7aec949ac4,https://lv.linkedin.com/jobs/view/danish-speaking-customer-consultant-in-ingo-team-at-circle-k-4426136355,Danish Speaking Customer Consultant in INGO Team,,scraped,2026-07-07T02:40:11.827404,
c0a61f826f21a50f,https://lv.linkedin.com/jobs/view/principal-software-engineer-node-js-ref%23290188-at-bairesdev-4420450918,Principal Software Engineer (Node.js) | REF#290188,,scraped,2026-07-07T02:40:18.326929,
b3f0338ed75809e0,https://lv.linkedin.com/jobs/view/senior-devops-engineer-at-epam-systems-4402445576,Senior DevOps Engineer,EPAM Systems,posted,2026-07-07T02:40:59.703936,80
ad846035cdf0220a,https://lv.linkedin.com/jobs/view/senior-platform-engineer-kubernetes-remote-work-ref%23294051-at-bairesdev-4426552445,Senior Platform Engineer (Kubernetes) - Remote Work | REF#294051,,scraped,2026-07-07T02:41:02.375946,
545fe4982ae8c92e,https://lv.linkedin.com/jobs/view/senior-lead-sap-fi-ca-brim-consultant-at-epam-systems-4291127138,Senior/Lead SAP FI-CA (BRIM) Consultant,EPAM Systems,posted,2026-07-07T02:41:41.845272,82
62ab97a16b263290,https://lv.linkedin.com/jobs/view/lead-data-software-engineer-at-epam-systems-4339563206,Lead Data Software Engineer,EPAM Systems,posted,2026-07-07T02:42:09.267534,84
0aaf884357506d8c,https://lv.linkedin.com/jobs/view/senior-golang-developer-at-epam-systems-4403213189,Senior Golang Developer,EPAM Systems,posted,2026-07-07T02:42:52.998249,86
fffdc2808c501a5a,https://lv.linkedin.com/jobs/view/lead-software-engineer-solutions-at-mastercard-4358098034,Lead Software Engineer - Solutions,Mastercard,posted,2026-07-07T02:43:07.753270,88
3ee59c2836e9a02f,https://lv.linkedin.com/jobs/view/project-manager-marketing-execution-services-at-altavia-baltics-4427954202,Project Manager (Marketing Execution Services),ALTAVIA BALTICS,posted,2026-07-07T02:43:23.815305,90
a4d4dcc74335b98f,https://lv.linkedin.com/jobs/view/senior-java-backend-developer-remote-work-ref%23290290-at-bairesdev-4420471000,Senior Java Backend Developer - Remote Work | REF#290290,,scraped,2026-07-07T02:43:26.642428,
c5c3e4549649611a,https://lv.linkedin.com/jobs/view/senior-analyst-supply-analytics-bangkok-based-relocation-provided-at-agoda-4299772340,"Senior Analyst (Supply Analytics, Bangkok-based, Relocation provided)",Agoda,posted,2026-07-07T02:43:49.820466,92
0130b7c35f2ed3e4,https://lv.linkedin.com/jobs/view/it-product-delievery-automation-associate-at-3s-money-4433944472,IT Product Delievery / Automation Associate,,scraped,2026-07-07T02:43:52.517198,
966214839334d1fc,https://lv.linkedin.com/jobs/view/security-architect-at-luminor-group-4435164728,Security Architect,Luminor Group,posted,2026-07-07T02:44:11.281452,94
6b12b469bc0ff019,https://lv.linkedin.com/jobs/view/senior-software-engineer-java-%2B-observability-remote-work-ref%23293951-at-bairesdev-4426545462,Senior Software Engineer (Java + Observability) - Remote Work | REF#293951,BairesDev,posted,2026-07-07T02:44:19.771245,96
fa5e695a94fd10ae,https://lv.linkedin.com/jobs/view/cloud-native-net-engineer-with-ai-integration-focus-at-epam-systems-4377728635,Cloud Native .NET Engineer with AI Integration Focus,EPAM Systems,posted,2026-07-07T02:44:28.052731,98
21c5752668f394e9,https://lv.linkedin.com/jobs/view/senior-technical-engineer-network-at-intrum-4433934424,Senior Technical Engineer Network,,scraped,2026-07-07T02:44:30.676692,
53c8ab90ae9d619e,https://lv.linkedin.com/jobs/view/ikdienas-likvidit%C4%81tes-dar%C4%ABjumu-uzraudz%C4%ABbas-speci%C4%81lists-e-at-swedbank-latvija-4433958296,Ikdienas likviditātes darījumu uzraudzības speciālists(-e),,scraped,2026-07-07T02:44:38.258846,
1a02876ad4a47f43,https://lv.linkedin.com/jobs/view/advisory-consultant-senior-consultant-sr-t-riga-at-deloitte-4436186322,Advisory Consultant/ Senior Consultant | SR&T | Riga,Deloitte,posted,2026-07-07T02:44:53.821702,100
84e78fbf106aa830,https://lv.linkedin.com/jobs/view/senior-product-security-engineer-remote-work-ref%23293990-at-bairesdev-4426548492,Senior Product Security Engineer - Remote Work | REF#293990,,scraped,2026-07-07T02:44:56.596519,
bd792733bbbdd0d9,https://lv.linkedin.com/jobs/view/senior-accountant-for-r2r-ireland-at-circle-k-4426992707,Senior Accountant for R2R Ireland,,scraped,2026-07-07T02:45:04.108647,
8cd621006742658c,https://lv.linkedin.com/jobs/view/vec%C4%81kais-jurists-at-deloitte-4436179503,Vecākais jurists,Deloitte,posted,2026-07-07T02:45:21.392969,102
8cf1d7e4ebe3601f,https://lv.linkedin.com/jobs/view/vec%C4%81kais-klientu-sadarb%C4%ABbas-atbilst%C4%ABbas-speci%C4%81lists-e-at-swedbank-latvija-4432794263,Vecākais klientu sadarbības atbilstības speciālists(-e),,scraped,2026-07-07T02:45:24.033798,
bbc61e2d41018fad,https://lv.linkedin.com/jobs/view/senior-software-engineer-go-%2B-kubernetes-remote-work-ref%23294019-at-bairesdev-4426563352,Senior Software Engineer (Go + Kubernetes) - Remote Work | REF#294019,,scraped,2026-07-07T02:45:30.517402,
54f54622b10b4847,https://lv.linkedin.com/jobs/view/senior-qa-automation-engineer-at-intrum-4433170540,Senior QA Automation Engineer,,scraped,2026-07-07T02:45:37.730826,
b8a42edee9701be6,https://lv.linkedin.com/jobs/view/vad%C4%ABt%C4%81js-a-audita-noda%C4%BC%C4%81-at-pwc-latvija-4388233551,Vadītājs/-a Audita nodaļā,PwC Latvija,posted,2026-07-07T02:46:59.010713,104
bb8cf69343670352,https://lv.linkedin.com/jobs/view/senior-office-365-engineer-at-epam-systems-4400803825,Senior Office 365 Engineer,EPAM Systems,posted,2026-07-07T02:47:22.677549,106
ea0d0ab979f21623,https://lv.linkedin.com/jobs/view/salesforce-marketing-cloud-developer-at-accenture-baltics-4407647360,Salesforce Marketing Cloud Developer,Accenture Baltics,posted,2026-07-07T02:47:32.865960,108
eccbfd28109384c9,https://lv.linkedin.com/jobs/view/furniture-design-engineer-imos-cad-specialist-custom-furniture-production-4414861354,Furniture Design Engineer | IMOS CAD Specialist | Custom Furniture Production,AL.DE.MEBEL,posted,2026-07-07T02:47:39.649177,110
1fafb7a735024782,https://lv.linkedin.com/jobs/view/senior-net-software-engineer-with-blazor-at-epam-systems-4355316249,Senior .NET Software Engineer with Blazor,EPAM Systems,posted,2026-07-07T02:47:57.638849,112
9f4ca3b01f202151,https://lv.linkedin.com/jobs/view/lead-sap-fico-consultant-at-epam-systems-4363914623,Lead SAP FICO Consultant,EPAM Systems,posted,2026-07-07T02:49:38.968681,114
ed1ed0cb6d02d259,https://lv.linkedin.com/jobs/view/staff-systems-engineer-c%2B%2B-remote-work-ref%23289954-at-bairesdev-4420465459,Staff Systems Engineer (C++) - Remote Work | REF#289954,,scraped,2026-07-07T02:49:41.724670,
22786fbc8a6feb3f,https://lv.linkedin.com/jobs/view/senior-distributed-systems-engineer-remote-work-ref%23293789-at-bairesdev-4426545460,Senior Distributed Systems Engineer - Remote Work | REF#293789,,scraped,2026-07-07T02:50:00.309800,
f368d2038bc5434d,https://lv.linkedin.com/jobs/view/sales-representative-wholesale-at-circle-k-4435476484,Sales Representative Wholesale,,scraped,2026-07-07T02:50:42.866482,
5f748912a7993684,https://lv.linkedin.com/jobs/view/lead-data-devops-engineer-with-azure-at-epam-systems-4324705879,Lead Data DevOps Engineer with Azure,EPAM Systems,posted,2026-07-07T02:51:00.297223,116
6d4c8e0ff984f38c,https://lv.linkedin.com/jobs/view/senior-azure-devops-engineer-at-epam-systems-4382547980,Senior Azure DevOps Engineer,EPAM Systems,posted,2026-07-07T02:51:27.871508,118
330a41f96cb32f99,https://lv.linkedin.com/jobs/view/staff-software-engineer-go-remote-work-ref%23289798-at-bairesdev-4420459691,Staff Software Engineer (Go) - Remote Work | REF#289798,,scraped,2026-07-07T02:51:30.594221,
e7b5c67721ae3972,https://lv.linkedin.com/jobs/view/pas%C5%ABt%C4%ABjumu-datu-speci%C4%81listu-i-order-specialist-at-ae-partner-4436703100,Pasūtījumu datu speciālistu/-i | Order Specialist,,scraped,2026-07-07T02:51:37.981607,
9a00061e611601ae,https://lv.linkedin.com/jobs/view/senior-application-specialist-at-intrum-4434968540,Senior Application Specialist,,scraped,2026-07-07T02:51:44.660646,
01293a0ccddc46ac,https://lv.linkedin.com/jobs/view/senior-data-devops-engineer-with-azure-at-epam-systems-4324711877,Senior Data DevOps Engineer with Azure,EPAM Systems,posted,2026-07-07T02:53:07.941595,120
f8afe034ee0ad886,https://lv.linkedin.com/jobs/view/engineering-manager-sap-cap-node-js-at-epam-systems-4403747211,"Engineering Manager, SAP CAP Node.js",EPAM Systems,posted,2026-07-07T02:53:15.790935,122
6ad04697e1fd5a1c,https://lv.linkedin.com/jobs/view/darbs-r%C4%ABg%C4%81-purvciem%C4%81-kontroles-grup%C4%81-at-g4s-4437725148,"Darbs Rīgā, Purvciemā kontroles grupā.",,scraped,2026-07-07T12:18:42.306967,
b5e3235ee1b9ef90,https://lv.linkedin.com/jobs/view/vistas-ga%C4%BCas-atkaulot%C4%81js-a-at-forevers-4434504661,Vistas gaļas atkaulotājs/-a,,scraped,2026-07-07T12:18:52.305517,
5f4075ba380ee39a,https://lv.linkedin.com/jobs/view/banku-augstskola-at-university-of-latvia-faculty-of-economics-and-social-sciences-4434524643,Banku augstskola,University of Latvia Faculty of Economics and Social Sciences,posted,2026-07-07T12:19:14.490330,124
a47a9cdd275c56d6,https://lv.linkedin.com/jobs/view/tour-guide-4434518257,Tour Guide,AllureTours.lv,posted,2026-07-07T12:19:24.059573,126
54516762ed987421,https://lv.linkedin.com/jobs/view/receptionist-at-radisson-hotel-group-4437786163,Receptionist,Radisson Hotel Group,posted,2026-07-07T12:19:40.925006,128
2e8fa619cd4da0ff,https://lv.linkedin.com/jobs/view/%D1%81%D0%B1%D0%BE%D1%80%D1%89%D0%B8%D0%BA-%D0%BC%D0%B5%D1%82%D0%B0%D0%BB%D0%BB%D0%BE%D0%BA%D0%BE%D0%BD%D1%81%D1%82%D1%80%D1%83%D0%BA%D1%86%D0%B8%D0%B9-at-hirehub-sia-4433930992,Сборщик металлоконструкций,HireHub SIA,failed|wp_post_failed,2026-07-07T12:19:45.068452,
565c46cd07159e26,https://lv.linkedin.com/jobs/view/procurement-engineer-at-cg-resourcing-ltd-4437416293,Procurement Engineer,CG Resourcing Ltd,posted,2026-07-07T12:19:55.886057,130
2fce11ac1e7c1788,https://lv.linkedin.com/jobs/view/klientu-konsultants-at-storent-europe-4437415397,KLIENTU KONSULTANTS,,scraped,2026-07-07T12:19:58.326104,
f8a9d1a44912a955,https://lv.linkedin.com/jobs/view/general-manager-the-code-hotel-at-bullpen-capital-4432754238,"General Manager, The Code Hotel",Bullpen Capital,posted,2026-07-07T12:20:17.073083,132
0364aef04ba80b57,https://lv.linkedin.com/jobs/view/klientu-konsultants-at-storent-europe-4437415398,KLIENTU KONSULTANTS,,scraped,2026-07-07T12:20:19.839874,
65103e20d39aea24,https://lv.linkedin.com/jobs/view/eksakto-zin%C4%81t%C5%86u-un-tehnolo%C4%A3iju-fakult%C4%81te-at-university-of-latvia-faculty-of-economics-and-social-sciences-4434520800,Eksakto zinātņu un tehnoloģiju fakultāte,University of Latvia Faculty of Economics and Social Sciences,posted,2026-07-07T12:20:40.468799,134
c96b1da37380bffb,https://lv.linkedin.com/jobs/view/order-processing-agent-at-rs-4427493950,Order Processing Agent,,scraped,2026-07-07T12:20:49.154799,
b91c525347a942d3,https://lv.linkedin.com/jobs/view/office-administrator-at-intrum-4433952326,Office Administrator,,scraped,2026-07-07T12:20:55.904641,
c286a24536177349,https://lv.linkedin.com/jobs/view/accountant-at-aerones-4435211298,Accountant,,scraped,2026-07-07T12:21:04.251339,
c2ba5812438e88cc,https://lv.linkedin.com/jobs/view/data-steward-datu-p%C4%81rvaldnieks-ce-for-customer-oversight-and-digital-enablers-seb-riga-at-seb-latvija-4436902154,"Data Steward/ Datu pārvaldnieks(-ce) for Customer Oversight and Digital Enablers | SEB, Riga",,scraped,2026-07-07T12:21:14.482431,
7e31751b4c436955,https://lv.linkedin.com/jobs/view/klientu-konsultants-e-jelgavas-fili%C4%81l%C4%93-at-swedbank-latvija-4434520411,Klientu konsultants(-e) Jelgavas filiālē,,scraped,2026-07-07T12:21:22.273265,
18835ce1b578c58d,https://lv.linkedin.com/jobs/view/sales-controller-at-stora-enso-4435052893,Sales Controller,Stora Enso,posted,2026-07-07T12:21:43.585083,136
de25daae4c5f35f7,https://lv.linkedin.com/jobs/view/departamenta-direktora-vietnieks-ce-at-valsts-vides-dienests-4433952398,Departamenta direktora vietnieks/-ce,,scraped,2026-07-07T12:21:46.265048,
99023113d21d2080,https://lv.linkedin.com/jobs/view/application-specialist-servicenow-at-swedbank-latvija-4433701232,Application Specialist (ServiceNow),,scraped,2026-07-07T12:21:53.638008,
4cd13ef340beab5c,https://lv.linkedin.com/jobs/view/propulsion-system-technician-at-redwire-4435805788,Propulsion System Technician,Redwire,posted,2026-07-07T12:22:08.621396,138
71f70933a5c2d887,https://lv.linkedin.com/jobs/view/delivery-manager-at-arrise-4435478195,Delivery Manager,ARRISE,posted,2026-07-07T12:22:26.401570,140
acba9f04a38dbbab,https://lv.linkedin.com/jobs/view/p%C4%81rdev%C4%93js-kasieris-jysk-veikal%C4%81-krasta-iel%C4%81-at-jysk-baltics-4435176238,Pārdevējs - kasieris JYSK veikalā  Krasta ielā,JYSK Baltics,posted,2026-07-07T12:22:41.897327,142
a98c4fda3680c921,https://lv.linkedin.com/jobs/view/project-manager-at-eurowind-energy-neue-energien-4436308406,Project Manager,Eurowind Energy | Neue Energien,posted,2026-07-07T12:22:51.953036,144
fb228787dc21366f,https://lv.linkedin.com/jobs/view/money-laundering-reporting-officer-mlro-at-bleap-4433928767,Money Laundering Reporting Officer (MLRO),Bleap,posted,2026-07-07T12:23:04.185068,146
a75ed251ca25064a,https://lv.linkedin.com/jobs/view/customer-experience-consultant-at-a-p-moller-maersk-4427510217,Customer Experience Consultant,,scraped,2026-07-07T12:23:06.890346,
0bca0476e76d88aa,https://lv.linkedin.com/jobs/view/noliktavas-vad%C4%ABt%C4%81js-at-trialto-latvia-sia-4348965365,Noliktavas vadītājs,,scraped,2026-07-07T12:23:13.829287,
97a697a4500198bf,https://lv.linkedin.com/jobs/view/consumer-experience-programs-lead-at-philip-morris-international-4437101768,Consumer Experience Programs Lead,,scraped,2026-07-07T12:23:21.084364,
42cef5367a77e2d3,https://lv.linkedin.com/jobs/view/p%C4%81rdo%C5%A1anas-speci%C4%81lists-e-at-recipe-plus-4432775717,Pārdošanas speciālists/-e,,scraped,2026-07-07T12:23:28.161655,
d00643af229bcc15,https://lv.linkedin.com/jobs/view/%C5%ABdensdziedniec%C4%ABbas-speci%C4%81lists-fili%C4%81l%C4%93-anti-aging-institute-at-vesel%C4%ABbas-centrs-4-4434534121,"Ūdensdziedniecības speciālists filiālē ""Anti-Aging Institute""",,scraped,2026-07-07T12:23:35.169603,
3cd010d168a9f124,https://lv.linkedin.com/jobs/view/sales-account-manager-at-retn-4437785342,Sales Account Manager,,scraped,2026-07-07T12:23:43.425194,
49bba12da41bee4e,https://lv.linkedin.com/jobs/view/p%C4%81rdo%C5%A1anas-projektu-vad%C4%ABt%C4%81js-at-jcdecaux-4434521919,Pārdošanas projektu vadītājs,,scraped,2026-07-07T12:23:55.028504,
05e5b8a18d8c411a,https://lv.linkedin.com/jobs/view/uz%C5%86%C4%93m%C4%93jdarb%C4%ABbas-statistikas-departamenta-vec%C4%81kais-eksperts-e-at-centr%C4%81l%C4%81-statistikas-p%C4%81rvalde-4433925406,Uzņēmējdarbības statistikas departamenta vecākais eksperts/-e,,scraped,2026-07-07T12:24:02.326547,
0176e96449d32504,https://lv.linkedin.com/jobs/view/partnership-manager-fintech-at-trendsetters-4432764856,Partnership Manager (Fintech),,scraped,2026-07-07T12:24:09.804790,
6d6e4d9dbc1b08bd,https://lv.linkedin.com/jobs/view/vec%C4%81kais-kurjeru-komandas-vad%C4%ABt%C4%81js-a-at-omniva-4434625880,Vecākais kurjeru komandas vadītājs/-a,,scraped,2026-07-07T12:24:18.313235,
2506a59461f0f1f0,https://lv.linkedin.com/jobs/view/information-technology-project-coordinator-at-q-beyond-riga-4427825828,Information Technology Project Coordinator,,scraped,2026-07-07T12:24:25.589807,
16bb6bac61d4c994,https://lv.linkedin.com/jobs/view/produktu-vad%C4%ABt%C4%81js-a-programmat%C5%ABras-pakalpojumiem-un-integr%C4%93tajiem-ikt-risin%C4%81jumiem-valsts-amatpersonas-statuss-at-latvijas-valsts-radio-un-telev%C4%ABzijas-centrs-4435421816,Produktu vadītājs/-a programmatūras pakalpojumiem un integrētajiem IKT risinājumiem (Valsts amatpersonas statuss),,scraped,2026-07-07T12:24:35.902990,
f6acca40019a270b,https://lv.linkedin.com/jobs/view/risin%C4%81jumu-vad%C4%ABt%C4%81js-a-jauniem-produktiem-datorredzes-un-mobilit%C4%81tes-biznesam-at-latvijas-mobilais-telefons-sia-4435250762,Risinājumu vadītājs/-a (jauniem produktiem datorredzes un mobilitātes biznesam),,scraped,2026-07-07T12:24:43.529473,
52fbea3d9e0cc7d7,https://lv.linkedin.com/jobs/view/kvalit%C4%81tes-vad%C4%ABbas-sist%C4%93mas-speci%C4%81lists-e-quality-management-system-qms-specialis-at-ae-partner-4436478527,Kvalitātes vadības sistēmas speciālists/-e (Quality Management System (QMS) Specialis),,scraped,2026-07-07T12:24:54.973117,
51e0324ec4db3cca,https://lv.linkedin.com/jobs/view/marketing-manager-latvia-at-omniva-4435535834,Marketing Manager Latvia,,scraped,2026-07-07T12:25:04.049322,
7ab551ce8411182e,https://lv.linkedin.com/jobs/view/qa-specialist-at-decta-4436565748,QA Specialist,,scraped,2026-07-07T12:25:13.343122,
2e490581b1d54971,https://lv.linkedin.com/jobs/view/genesys-cloud-cx-support-engineer-at-intrum-4433923838,Genesys Cloud CX Support Engineer,,scraped,2026-07-07T12:25:33.452693,
5f0e006084f64a8b,https://lv.linkedin.com/jobs/view/p%C4%81rdo%C5%A1anas-vad%C4%ABt%C4%81js-industri%C4%81lie-s%C5%ABk%C5%86i-b2b-4433794673,PĀRDOŠANAS VADĪTĀJS (Industriālie sūkņi / B2B),LABIINK,posted,2026-07-07T12:25:49.995357,148
07ad53faf8b0bbc5,https://lv.linkedin.com/jobs/view/%D0%BC%D0%B5%D0%BD%D0%B5%D0%B4%D0%B6%D0%B5%D1%80-%D0%BF%D0%BE-%D0%BF%D1%80%D0%BE%D0%B4%D0%B0%D0%B6%D0%B0%D0%BC-4432322716,Менеджер по продажам,Systemax SIA,failed|wp_post_failed,2026-07-07T12:25:53.548478,
329d8627df00928c,https://lv.linkedin.com/jobs/view/m%C4%81sas-pal%C4%ABgs-jaun%C4%81kais-m%C4%81sas-pal%C4%ABgs-4-urolo%C4%A3ijas-noda%C4%BCa-pusslodzes-darbs-at-paula-stradi%C5%86a-kl%C4%ABnisk%C4%81-universit%C4%81tes-slimn%C4%ABca-4435247435,MĀSAS PALĪGS/JAUNĀKAIS MĀSAS PALĪGS 4. Uroloģijas nodaļa (pusslodzes darbs),,scraped,2026-07-07T12:25:56.125280,
458b17105956a8bb,https://lv.linkedin.com/jobs/view/invest%C4%ABciju-p%C4%81rvaldnieks-konsultants-at-luminor-group-4435460032,Investīciju pārvaldnieks - konsultants,Luminor Group,posted,2026-07-07T12:26:19.918912,150
a357ab290088a831,https://lv.linkedin.com/jobs/view/mehatronikas-in%C5%BEenieris-at-electronia-ltd-4433945102,MEHATRONIKAS INŽENIERIS,Electronia Ltd.,posted,2026-07-07T12:26:30.496050,152
16a289ec4e6e309b,https://lv.linkedin.com/jobs/view/operations-fp-a-analyst-at-aerones-4432621840,Operations FP&A Analyst,,scraped,2026-07-07T12:26:41.199702,
cd62809595fcc274,https://lv.linkedin.com/jobs/view/accountant-for-business-unit-germany-at-circle-k-4425297430,Accountant for Business Unit Germany,,scraped,2026-07-07T12:26:52.015126,
68a02596b97a4411,https://lv.linkedin.com/jobs/view/tech-lead-at-luminor-group-4437775121,Tech Lead,Luminor Group,posted,2026-07-07T12:27:16.685894,154
2d3b215b041968d5,https://lv.linkedin.com/jobs/view/financial-controller-at-circle-k-4435257062,Financial Controller,,scraped,2026-07-07T12:27:21.376567,
ce5d7e3b388f8f93,https://lv.linkedin.com/jobs/view/private-banking-specialist-biznesa-pakalpojumu-speci%C4%81lists-e-seb-riga-at-seb-latvija-4435515801,"Private Banking Specialist/Biznesa pakalpojumu speciālists/-e| SEB, Riga",,scraped,2026-07-07T12:27:27.803780,
dca285d1c824025e,https://lv.linkedin.com/jobs/view/gr%C4%81matvedis-e-kr%C4%81jumu-un-debitoru-uzskaites-jom%C4%81-at-b%C4%93rnu-kl%C4%ABnisk%C4%81-universit%C4%81tes-slimn%C4%ABca-children-s-clinical-university-hospital-4437129674,Grāmatvedis/-e krājumu un debitoru uzskaites jomā,,scraped,2026-07-07T12:27:35.854753,
a5bc9f6d7896d42c,https://lv.linkedin.com/jobs/view/senior-sales-specialist-at-strategic-staffing-solutions-4436312730,Senior Sales Specialist,Strategic Staffing Solutions,posted,2026-07-07T12:27:51.952109,156
b9d45ca70c4b0c32,https://lv.linkedin.com/jobs/view/gnc-engineer-px4-flight-tuning-at-redwire-europe-4421134080,GNC Engineer-PX4 Flight Tuning,,scraped,2026-07-07T12:27:54.558293,
53624b68e1128c26,https://lv.linkedin.com/jobs/view/danish-speaking-customer-support-for-booking-com-work-and-live-in-greece-at-mercier-consultancy-md-4437158758,Danish Speaking Customer Support for Booking.com - Work and Live in Greece,Mercier Consultancy MD,posted,2026-07-07T12:28:10.276709,158
e050c714568155dd,https://lv.linkedin.com/jobs/view/inventory-warehouse-operations-specialist-at-epson-europe-b-v-4437767334,Inventory & Warehouse Operations Specialist,,scraped,2026-07-07T12:28:20.964115,
cdce9a61fc44b6d3,https://lv.linkedin.com/jobs/view/gr%C4%81matvedis-at-radisson-hotel-group-4436311048,Grāmatvedis,Radisson Hotel Group,posted,2026-07-07T12:28:40.826015,160
0a0516efe83137fe,https://lv.linkedin.com/jobs/view/b2b-klientu-attiec%C4%ABbu-att%C4%ABst%C4%ABt%C4%81js-a-at-rolling-sia-4433174412,B2B klientu attiecību attīstītājs/-a,,scraped,2026-07-07T12:29:03.724675,
053b711f74f935ad,https://lv.linkedin.com/jobs/view/hr-specialist-at-kronospan-4437174687,HR Specialist,,scraped,2026-07-07T12:29:11.539445,
2957423ebb6613d2,https://lv.linkedin.com/jobs/view/ai-process-digitalisation-specialist-at-kronospan-4437178356,AI & Process Digitalisation Specialist,,scraped,2026-07-07T12:29:23.102028,
1c2b16858a8ef51f,https://lv.linkedin.com/jobs/view/information-security-manager-inform%C4%81cijas-dro%C5%A1%C4%ABbas-vad%C4%ABt%C4%81js-a-in-the-baltic-it-information-security-team-seb-riga-at-seb-latvija-4437727970,"Information Security Manager / Informācijas drošības vadītājs/-a in the Baltic IT & Information Security team | SEB, Riga",,scraped,2026-07-07T12:29:30.406239,
acd89b9a949c513e,https://lv.linkedin.com/jobs/view/automeh%C4%81ni%C4%B7is-at-scania-latvia-4435592940,Automehāniķis,,scraped,2026-07-07T12:29:39.938947,
bba4de7ccdb1fbca,https://lv.linkedin.com/jobs/view/senior-software-engineer-java-remote-work-ref%23293753-at-bairesdev-4426557399,Senior Software Engineer (Java) - Remote Work | REF#293753,BairesDev,posted,2026-07-07T12:29:58.504570,162
b002afb49446e7c2,https://lv.linkedin.com/jobs/view/express-lube-technician-at-mills-automotive-group-4433995781,Express / Lube Technician,Mills Automotive Group,posted,2026-07-07T12:30:12.158440,164
9772453a2d9f89ac,https://lv.linkedin.com/jobs/view/p%C4%81rdev%C4%93js-ned%C4%93%C4%BCas-nogal%C4%93s-jysk-veikal%C4%81-t-c-domina-s-5h-sv-5h-at-jysk-baltics-4435838265,"Pārdevējs nedēļas nogalēs JYSK veikalā t/c Domina"" (S-5h, SV-5h)",JYSK Baltics,posted,2026-07-07T12:30:29.827159,166
8475ea57def4f881,https://lv.linkedin.com/jobs/view/meta-ads-specialist-real-estate-fintech-performance-marketing-at-rocketscience-4437132960,Meta Ads Specialist - Real Estate & Fintech Performance Marketing,,scraped,2026-07-07T12:30:32.507257,
358b64ff110b3250,https://lv.linkedin.com/jobs/view/danish-speaking-customer-support-specialist-travel-industry-at-concentrix-4423684050,Danish-speaking Customer Support specialist (Travel industry),Concentrix,posted,2026-07-07T12:30:47.454825,168
0e7d1291094299ad,https://lv.linkedin.com/jobs/view/german-speaking-service-desk-specialist-at-strategic-staffing-solutions-4436482769,German Speaking Service Desk Specialist,Strategic Staffing Solutions,posted,2026-07-07T12:30:57.364893,170
b90da165bafd87d4,https://lv.linkedin.com/jobs/view/p%C4%81rdev%C4%93js-pre%C4%8Du-pie%C5%86%C4%93m%C4%93js-jysk-veikal%C4%81-t-c-domina-20h-ned%C4%93%C4%BC%C4%81-at-jysk-baltics-4435839199,"Pārdevējs - preču pieņēmējs JYSK veikalā T/C ""Domina"" (20h nedēļā)",JYSK Baltics,posted,2026-07-07T12:31:10.825589,172
cbfc3c61075ecfa7,https://lv.linkedin.com/jobs/view/lead-analyst-supply-analytics-bangkok-based-relocation-provided-at-agoda-4372113342,"Lead Analyst (Supply Analytics, Bangkok-based, Relocation provided)",Agoda,posted,2026-07-07T12:31:27.102804,174
f72f6ac23d630a42,https://lv.linkedin.com/jobs/view/d%C3%A9veloppeur-iot-6-mois-at-nextcog-4436958962,Développeur IOT ( 6 mois ),,scraped,2026-07-07T12:31:29.655323,
8285d2ca6048fdc2,https://lv.linkedin.com/jobs/view/charg%C3%A9-de-communication-marketing-technique-iot-6-mois-at-nextcog-4436974394,Chargé de Communication & Marketing Technique IOT ( 6 mois ),,scraped,2026-07-07T12:31:36.517921,
7493ecfdc90fad5a,https://lv.linkedin.com/jobs/view/back-end-staff-software-engineer-bangkok-based-relocation-provided-at-agoda-4299768512,"Back End Staff Software Engineer (Bangkok based, Relocation provided)",Agoda,posted,2026-07-07T12:31:53.195878,176
40bce5a57a72d58d,https://lv.linkedin.com/jobs/view/senior-software-engineer-frontend-pro-at-kraken-4416580309,Senior Software Engineer - Frontend - Pro,Kraken,posted,2026-07-07T12:32:05.230371,178
427aead0b5e81179,https://lv.linkedin.com/jobs/view/german-speaking-logistics-support-specialist-at-circle-k-4405984725,German Speaking Logistics Support Specialist,,scraped,2026-07-07T12:32:07.897363,
13e944934a5fc84c,https://lv.linkedin.com/jobs/view/apsarga-darbs-ogr%C4%93-at-g4s-4437723229,Apsarga darbs Ogrē,,scraped,2026-07-07T12:32:16.371545,
3785d95a5c62751b,https://lv.linkedin.com/jobs/view/manager-data-analytics-consulting-at-epam-systems-4355798034,"Manager, Data Analytics Consulting",EPAM Systems,posted,2026-07-07T12:32:33.159074,180
4edcbd5a3a5713cb,https://lv.linkedin.com/jobs/view/distributed-systems-engineer-apache-big-data-internals-remote-work-ref%23294476-at-bairesdev-4426570358,Distributed Systems Engineer (Apache Big Data Internals) - Remote Work | REF#294476,BairesDev,posted,2026-07-07T12:32:51.029937,182
dd795d0bdba0fe4f,https://lv.linkedin.com/jobs/view/sap-logistics-consultant-sd-s-4hana-at-epam-systems-4418765449,"SAP Logistics Consultant SD, S/4HANA",EPAM Systems,posted,2026-07-07T12:33:02.191248,184
e766e9d3760ccbca,https://lv.linkedin.com/jobs/view/sap-logistics-consultant-sd-s-4hana-at-epam-systems-4418761450,"SAP Logistics Consultant SD, S/4HANA",EPAM Systems,scraped,2026-07-07T12:33:06.397611,
2c4cb0495a2b365b,https://lv.linkedin.com/jobs/view/middle-level-software-engineer-to-credit-decisions-cft-at-swedbank-latvija-4433967049,Middle level Software Engineer to Credit Decisions CFT,,scraped,2026-07-07T12:33:11.084342,
6818ccc3f44b77bb,https://lv.linkedin.com/jobs/view/distributed-storage-engineer-apache-ozone-internals-remote-work-ref%23294430-at-bairesdev-4426557460,Distributed Storage Engineer (Apache Ozone Internals) - Remote Work | REF#294430,BairesDev,posted,2026-07-07T12:33:25.048791,186
d157810d86a7899f,https://lv.linkedin.com/jobs/view/human-machine-interface-hmi-ipt-lead-software-engineering-at-redwire-europe-4421138081,Human Machine Interface (HMI) IPT Lead- Software Engineering,,scraped,2026-07-07T12:33:29.702028,
28ab19e9e8d2c091,https://lv.linkedin.com/jobs/view/ruby-software-development-engineer-at-gocardless-4406645132,Ruby Software Development Engineer,,scraped,2026-07-07T12:33:39.060499,
fe485f55a5e24b3c,https://lv.linkedin.com/jobs/view/darbs-apsargam-r%C4%ABgas-centr%C4%81-at-g4s-4437705915,Darbs apsargam Rīgas centrā,,scraped,2026-07-07T12:33:50.151600,
d96d0a62065165c8,https://lv.linkedin.com/jobs/view/darbs-%C4%B7%C4%ABpsal%C4%81-mai%C5%86u-vad%C4%ABt%C4%81jam-at-g4s-4437705916,Darbs Ķīpsalā maiņu vadītājam,,scraped,2026-07-07T12:34:00.019870,
598772cd15eb62e7,https://lv.linkedin.com/jobs/view/apsargs-kontroles-grup%C4%81-r%C4%ABg%C4%81-%C4%B7engarag%C4%81-at-g4s-4437716629,"Apsargs kontroles grupā Rīgā, Ķengaragā",,scraped,2026-07-07T12:34:09.817517,
6011e2b7c4a7d637,https://lv.linkedin.com/jobs/view/tirdzniec%C4%ABbas-p%C4%81rst%C4%81vis-kurzemes-re%C4%A3ion%C4%81-at-scania-latvia-4435811099,Tirdzniecības pārstāvis Kurzemes reģionā,,scraped,2026-07-07T12:34:19.484775,
39b7360c3d599095,https://lv.linkedin.com/jobs/view/staff-java-backend-developer-remote-work-ref%23290332-at-bairesdev-4420468195,Staff Java Backend Developer - Remote Work | REF#290332,BairesDev,posted,2026-07-07T12:34:35.874288,188
3c5cb9c7a7c3dd22,https://lv.linkedin.com/jobs/view/darbs-apsargam-koknes%C4%93-at-g4s-4437723226,Darbs apsargam Koknesē,,scraped,2026-07-07T12:34:38.600471,
b914f67610d09ecf,https://lv.linkedin.com/jobs/view/consultant-product-security-regulatory-compliance-industrial-ot-ai-systems-at-epam-systems-4432390734,Consultant - Product Security & Regulatory Compliance (Industrial OT/AI Systems),EPAM Systems,posted,2026-07-07T12:34:56.424353,190
b56330fb35eb9aab,https://lv.linkedin.com/jobs/view/sap-fico-engineering-manager-at-epam-systems-4403762203,SAP FICO Engineering Manager,EPAM Systems,posted,2026-07-07T12:35:08.402058,192
c9f5b598dc722bd6,https://lv.linkedin.com/jobs/view/tirdzniec%C4%ABbas-p%C4%81rst%C4%81vis-kurzemes-re%C4%A3ion%C4%81-at-scania-latvia-4435804527,Tirdzniecības pārstāvis Kurzemes reģionā,,scraped,2026-07-07T12:35:11.118569,
a83f2f4303b51110,https://lv.linkedin.com/jobs/view/forward-deployed-engineer-chief-role-at-epam-systems-4433934054,Forward Deployed Engineer (Chief Role),EPAM Systems,posted,2026-07-07T12:35:26.736207,194
07b97af7c2d54d9f,https://lv.linkedin.com/jobs/view/senior-fpga-team-lead-at-isg-international-service-group-4436541210,Senior FPGA Team Lead,,scraped,2026-07-07T12:35:37.385515,
1b39d6bdfea2e2a4,https://lv.linkedin.com/jobs/view/senior-ai-compute-infrastructure-engineer-at-kraken-4415688125,Senior AI Compute Infrastructure Engineer,Kraken,posted,2026-07-07T12:35:53.615363,196
d438d5b014c3b750,https://lv.linkedin.com/jobs/view/apsargs-me%C5%BEciem%C4%81-industri%C4%81l%C4%81-objekt%C4%81-at-g4s-4437720497,Apsargs Mežciemā industriālā objektā,,scraped,2026-07-07T12:35:56.231544,
6d9f981b75050e17,https://lv.linkedin.com/jobs/view/german-speaking-logistics-support-team-lead-at-circle-k-4405979801,German Speaking Logistics Support Team Lead,,scraped,2026-07-07T12:36:06.197301,
ca769359772505cf,https://lv.linkedin.com/jobs/view/tax-manager-for-ckets-at-circle-k-4416307291,Tax Manager for CKETS,,scraped,2026-07-07T12:36:12.976423,
7fe549ee230ec8ae,https://lv.linkedin.com/jobs/view/travel-advisor-for-sas-with-danish-relocation-to-warsaw-at-concentrix-4436323393,Travel Advisor for SAS with Danish (Relocation to Warsaw),Concentrix,posted,2026-07-07T12:36:30.922325,198
5ce26dff73f53aa3,https://lv.linkedin.com/jobs/view/german-speaking-junior-logistics-support-specialist-at-circle-k-4406232237,German Speaking Junior Logistics Support Specialist,,scraped,2026-07-07T12:36:33.650914,
0be86abcfcbb9a38,https://lv.linkedin.com/jobs/view/p%C4%81rdev%C4%93js-a-circle-k-ziepniekkalns-ziepniekkalna-iela-9-r%C4%ABga-at-circle-k-4434336701,"Pārdevējs/-a Circle K Ziepniekkalns (Ziepniekkalna iela 9, Rīga)",,scraped,2026-07-07T12:36:39.993407,
3496dca20175f2f9,https://lv.linkedin.com/jobs/view/customer-experience-manager-at-exante-4436310056,Customer Experience Manager,,scraped,2026-07-07T20:33:59.851759,
b25f4521ddd47b80,https://lv.linkedin.com/jobs/view/head-of-sales-at-evotym-4435288637,Head of Sales,,scraped,2026-07-07T20:34:07.230885,
75592b03f23da01f,https://lv.linkedin.com/jobs/view/head-of-sales-at-evotym-4435299398,Head of Sales,,scraped,2026-07-07T20:34:14.077605,
1317748d83b0c744,https://lv.linkedin.com/jobs/view/cleaner-at-avanta-care-home-health-4432320272,Cleaner,Avanta Care Home Health,posted,2026-07-07T20:34:28.780009,200
1dd5849476130238,https://lv.linkedin.com/jobs/view/customer-support-specialist-freelance-ai-trainer-at-mindrift-4436194924,Customer Support Specialist - Freelance AI Trainer,Mindrift,posted,2026-07-07T20:34:37.595760,202
136c65557bf81a33,https://lv.linkedin.com/jobs/view/marketing-manager-at-centro-ortnec-4433174316,Marketing manager,,scraped,2026-07-07T20:34:40.456220,
64ca99c402a8c717,https://lv.linkedin.com/jobs/view/data-focused-project-coordinator-remote-contract-at-infuse-4437781657,"Data-Focused Project Coordinator (Remote, Contract)",INFUSE,posted,2026-07-07T20:34:53.299294,204
a591e86972e44410,https://lv.linkedin.com/jobs/view/real-estate-agent-at-certum-estate-4432377944,Real Estate Agent,,scraped,2026-07-07T20:34:57.997416,
b9b3111ee4330ea6,https://lv.linkedin.com/jobs/view/people-operations-specialist-hybrid-in-riga-at-fyul-4437841496,People Operations Specialist (Hybrid in Riga),FYUL,posted,2026-07-07T20:35:20.614859,206
44126d8defec97d9,https://lv.linkedin.com/jobs/view/ux-ui-design-lead-at-syntx-ai-4434520731,UX/UI Design Lead,SYNTX AI,posted,2026-07-07T20:35:37.578314,208
c3e478b24e12307a,https://lv.linkedin.com/jobs/view/sales-development-representative-eu-b2b-at-tripleten-indonesia-4433725301,Sales Development Representative EU (B2B),TripleTen Indonesia,posted,2026-07-07T20:35:48.542598,210
82a75336c183150e,https://lv.linkedin.com/jobs/view/product-manager-at-asbis-baltics-4426365146,Product Manager,,scraped,2026-07-07T20:35:57.194741,
a40857d38df9acd0,https://lv.linkedin.com/jobs/view/assistant-project-manager-at-perfection-media-e-commerce-growth-4434502571,Assistant Project Manager,Perfection Media | e-commerce growth,posted,2026-07-07T20:36:17.404428,212
4ec09884be644565,https://lv.linkedin.com/jobs/view/salesperson-at-venueplace-4434566025,Salesperson,,scraped,2026-07-07T20:36:28.220405,
6b25e10f284102ee,https://lv.linkedin.com/jobs/view/engineering-manager-100%25-remote-emea-cloud-computing-at-pragmatike-4435807373,Engineering Manager (100% Remote EMEA) - Cloud Computing,,scraped,2026-07-07T20:36:35.095335,
ef64c38b7500692d,https://lv.linkedin.com/jobs/view/private-banker-fintech-at-evotym-4435474745,Private Banker (Fintech),,scraped,2026-07-07T20:36:41.746776,
786a225eab76aa90,https://lv.linkedin.com/jobs/view/aml-specialist-at-evotym-4434399287,AML Specialist,,scraped,2026-07-07T20:36:48.375045,
308175076c505224,https://lv.linkedin.com/jobs/view/komunik%C4%81ciju-un-soci%C4%81lo-m%C4%93diju-assistents-at-latvian-badminton-federation-4434506708,Komunikāciju un Sociālo Mēdiju assistents,,scraped,2026-07-07T20:36:54.923731,
db4ff0202daec6b4,https://lv.linkedin.com/jobs/view/cards-operations-specialist-financial-services-at-payally-global-4436805989,Cards Operations Specialist - financial services,,scraped,2026-07-07T20:37:06.225135,
3ccbf1a7fe930230,https://lv.linkedin.com/jobs/view/emea-customer-care-representative-at-cabot-corporation-4437837368,EMEA Customer Care Representative,Cabot Corporation,posted,2026-07-07T20:37:24.780531,214
a096e54bc87fdf67,https://lv.linkedin.com/jobs/view/gr%C4%81matvedis-e-at-media-hub-riga-4434509873,Grāmatvedis/-e,,scraped,2026-07-07T20:37:33.437808,
aff48706701838e2,https://lv.linkedin.com/jobs/view/tele2-centra-p%C4%81rdo%C5%A1anas-speci%C4%81lists-t-c-rimi-j%C5%ABrmal%C4%81-at-tele2-latvia-4427714514,"Tele2 centra pārdošanas speciālists t/c Rimi, Jūrmalā",,scraped,2026-07-07T20:37:40.107216,
63402e38ce90e693,https://lv.linkedin.com/jobs/view/senior-survey-methodology-expert-at-ntu-international-a-s-4437814881,Senior Survey Methodology Expert,,scraped,2026-07-07T20:37:50.154590,
d9159f1699835460,https://lv.linkedin.com/jobs/view/klientu-apkalpo%C5%A1anas-operators-%E2%80%93-sta%C5%BEieris-e-darbs-uz-noteiktu-laiku-no-29-j%C5%ABlija-l%C4%ABdz-30-septembrim-at-r%C4%ABgas-satiksme-4435451244,KLIENTU APKALPOŠANAS OPERATORS – STAŽIERIS/-E (darbs uz noteiktu laiku no 29. jūlija līdz 30. septembrim),Rīgas satiksme,posted,2026-07-07T20:38:14.215156,216
a2c870ad393c66d1,https://lv.linkedin.com/jobs/view/vec%C4%81kais-biznesa-anal%C4%ABti%C4%B7is-e-naudas-p%C4%81rvald%C4%ABbas-departament%C4%81-at-luminor-group-4435478625,Vecākais biznesa analītiķis/-e (Naudas pārvaldības departamentā),Luminor Group,posted,2026-07-07T20:38:37.076262,218
f16031feda6c0651,https://lv.linkedin.com/jobs/view/lead-data-scientist-at-bondora-4437813209,Lead Data Scientist,,scraped,2026-07-07T20:38:39.732849,
218e8174419b4ffd,https://lv.linkedin.com/jobs/view/artificial-intelligence-co-founder-head-of-product-100-%25-remote-m-f-d-at-ewor-4435485074,Artificial Intelligence Co-Founder / Head of Product (100 % remote) (m/f/d),,scraped,2026-07-07T20:38:47.320129,
2cdf59b803ba2c5f,https://lv.linkedin.com/jobs/view/sports-data-collector-football-jelgava-latvia-at-genius-sports-4423167207,"Sports Data Collector (Football) - Jelgava, Latvia",,scraped,2026-07-07T20:38:58.114751,
cfb1f1c31d28aebd,https://lv.linkedin.com/jobs/view/gr%C4%81matvedis-e-at-storent-europe-4437410467,GRĀMATVEDIS /-E,,scraped,2026-07-07T20:39:04.628090,
2766967ceb4a9634,https://lv.linkedin.com/jobs/view/mlro-in-crypto-fintech-latvia-at-protegra-4433942751,MLRO in Crypto/Fintech (Latvia),,scraped,2026-07-07T20:39:11.045255,
5db3facee5302713,https://lv.linkedin.com/jobs/view/desktop-support-technician-at-sharp-brains-4434550307,Desktop Support Technician,,scraped,2026-07-07T20:39:18.426875,
7b6dba062e3d77be,https://lv.linkedin.com/jobs/view/medic%C4%ABnas-un-dz%C4%ABv%C4%ABbas-zin%C4%81t%C5%86u-fakult%C4%81te-at-university-of-latvia-faculty-of-economics-and-social-sciences-4434520801,Medicīnas un dzīvības zinātņu fakultāte,University of Latvia Faculty of Economics and Social Sciences,posted,2026-07-07T20:39:39.392399,220
bfcd18753a7f6a12,https://lv.linkedin.com/jobs/view/freelance-regional-clinical-trial-coordinator-at-rho-4416686774,Freelance Regional Clinical Trial Coordinator,Rho,posted,2026-07-07T20:39:51.092178,222
f5ea9dc8b67eb9cc,https://lv.linkedin.com/jobs/view/autoelektri%C4%B7is-at-moller-auto-baltic-4434604726,Autoelektriķis,,scraped,2026-07-07T20:39:53.760684,
2dfcf2106cc6ee49,https://lv.linkedin.com/jobs/view/projektu-vad%C4%ABbas-da%C4%BCas-vad%C4%ABt%C4%81js-a-at-b%C4%93rnu-kl%C4%ABnisk%C4%81-universit%C4%81tes-slimn%C4%ABca-children-s-clinical-university-hospital-4437123916,Projektu vadības daļas vadītājs/-a,,scraped,2026-07-07T20:40:00.778060,
4d3a5febfff16d5b,https://lv.linkedin.com/jobs/view/supply-chain-co-founder-head-of-engineering-100-%25-remote-m-f-d-at-ewor-4435476661,Supply Chain Co-Founder / Head of Engineering (100 % remote) (m/f/d),,scraped,2026-07-07T20:40:08.682208,
12382fbd28e684f8,https://lv.linkedin.com/jobs/view/datu-zin%C4%81tnieks-data-scientist-risk-and-fraud-detection-ml-at-evolution-4432328656,Datu zinātnieks / Data Scientist (Risk and fraud detection/ML),,scraped,2026-07-07T20:40:15.444290,
1b989733d88f6c13,https://lv.linkedin.com/jobs/view/security-guard-at-brink%E2%80%99s-inc-4435160997,Security guard,Brink’s Inc,posted,2026-07-07T20:40:35.866521,224
2700990ebbe43405,https://lv.linkedin.com/jobs/view/priv%C4%81tba%C5%86%C4%B7ieris-fintech-at-evotym-4435401192,Privātbaņķieris (FinTech),,scraped,2026-07-07T20:40:38.503083,
e08f421e648dcbc6,https://lv.linkedin.com/jobs/view/senior-fullstack-engineer-remote-at-pragmatike-4436797255,Senior Fullstack Engineer (Remote),,scraped,2026-07-07T20:40:45.167054,
9e2f7a86f69af135,https://lv.linkedin.com/jobs/view/sourcer-recruiter-at-cabot-corporation-4437169259,Sourcer / Recruiter,Cabot Corporation,posted,2026-07-07T20:41:02.738324,226
bcbe5600692c7ce2,https://lv.linkedin.com/jobs/view/apsargs-r%C4%ABgas-centr%C4%81-tirdzniec%C4%ABbas-objekt%C4%81-at-g4s-4437711761,"Apsargs Rīgas centrā, tirdzniecības objektā",,scraped,2026-07-07T20:41:09.457735,
9018272ce91d7568,https://lv.linkedin.com/jobs/view/operat%C4%ABvais-darbinieks-r%C4%ABgas-centr%C4%81-un-p%C4%81rdaugav%C4%81-at-g4s-4437719507,Operatīvais darbinieks Rīgas centrā un Pārdaugavā.,,scraped,2026-07-07T20:41:23.394331,
9ce3648dbee44db9,https://lv.linkedin.com/jobs/view/apsargs-ziepniekkaln%C4%81-at-g4s-4437721471,Apsargs Ziepniekkalnā,,scraped,2026-07-07T20:41:33.160479,
ea82094fcf2f3372,https://lv.linkedin.com/jobs/view/operat%C4%ABvais-darbinieks-sald%C5%AB-at-g4s-4437717578,Operatīvais darbinieks Saldū,,scraped,2026-07-07T20:41:42.663860,
f7d3bb696745e97e,https://lv.linkedin.com/jobs/view/apsargs-industri%C4%81l%C4%81-objekt%C4%81-%C4%B7%C4%ABpsal%C4%81-at-g4s-4437707857,Apsargs industriālā objektā Ķīpsalā,,scraped,2026-07-07T20:41:52.789618,
574b9b0f43554471,https://lv.linkedin.com/jobs/view/trade-management-and-support-officer-at-circle-k-4427732921,Trade Management and Support Officer,,scraped,2026-07-07T20:42:02.442654,
d7c3fb6b2ab31efd,https://lv.linkedin.com/jobs/view/team-leader-in-accounts-receivable-team-at-circle-k-4427704357,Team Leader in Accounts Receivable team,,scraped,2026-07-07T20:42:09.000774,
a1d3f89699c2c356,https://lv.linkedin.com/jobs/view/compliance-monitoring-officer-darb%C4%ABbas-atbilst%C4%ABbas-speci%C4%81lists-e-seb-riga-at-seb-latvija-4437138470,"Compliance monitoring officer/ Darbības atbilstības speciālists/-e | SEB, Riga",,scraped,2026-07-07T20:42:15.348660,
88e94ad217b5bfb7,https://lv.linkedin.com/jobs/view/m%C4%81sas-visp%C4%81r%C4%93j%C4%81s-apr%C5%ABpes-m%C4%81sa-pusaud%C5%BEu-atkar%C4%ABbu-%C4%81rst%C4%93%C5%A1anas-komand%C4%81-at-b%C4%93rnu-kl%C4%ABnisk%C4%81-universit%C4%81tes-slimn%C4%ABca-children-s-clinical-university-hospital-4437134332,Māsas (vispārējās aprūpes māsa) Pusaudžu atkarību ārstēšanas komandā,,scraped,2026-07-07T20:42:23.674409,
32f559c82285ac24,https://lv.linkedin.com/jobs/view/virsb%C5%ABvju-remonta-atsl%C4%93dznieki%0A-%0A%0A-%0Avirsb%C5%ABves%0A%0A-%C2%B7%0A%0A-moller-auto-virsb%C5%ABvju-centrs-at-moller-auto-baltic-4435540043,"Virsbūvju remonta atslēdznieki
    

    
Virsbūves

  ·

    Moller Auto Virsbūvju centrs",,scraped,2026-07-07T20:42:31.178030,
57bf170e8e6a4872,https://lv.linkedin.com/jobs/view/desktop-support-technician-at-sharp-brains-4434542879,Desktop Support Technician,,scraped,2026-07-07T20:42:37.757656,
0502c52ed6fa3eae,https://lv.linkedin.com/jobs/view/accountant-in-station-accounting-at-circle-k-4406534351,Accountant in Station Accounting,,scraped,2026-07-07T20:42:46.544794,
73091330421fd80b,https://lv.linkedin.com/jobs/view/project-manager-at-circle-k-4436592570,PROJECT MANAGER,,scraped,2026-07-07T20:42:52.878815,
7523cc290330895e,https://lv.linkedin.com/jobs/view/desktop-support-technician-at-sharp-brains-4434536951,Desktop Support Technician,,scraped,2026-07-07T20:43:03.061596,
a9893e27caa60a2a,https://lv.linkedin.com/jobs/view/senior-land-management-rangeland-expert-at-ntu-international-a-s-4435811245,Senior Land Management / Rangeland Expert,,scraped,2026-07-07T20:43:21.622193,
6e3e970d176336d3,https://lv.linkedin.com/jobs/view/finan%C5%A1u-sankciju-speci%C4%81lists-e-at-swedbank-latvija-4433196335,Finanšu sankciju speciālists(-e),,scraped,2026-07-07T20:43:28.901312,
490fe49478e5b667,https://lv.linkedin.com/jobs/view/senior-salesforce-developer-at-accenture-baltics-4369819852,Senior Salesforce Developer,Accenture Baltics,posted,2026-07-07T20:43:54.829923,228
313eb74b55ec265b,https://lv.linkedin.com/jobs/view/sap-project-manager-delivery-lead-at-accenture-baltics-4436835021,SAP Project Manager/Delivery Lead,Accenture Baltics,posted,2026-07-07T20:44:15.836312,230
2665ec65137aebe4,https://lv.linkedin.com/jobs/view/tehniskais-vad%C4%ABt%C4%81js-risku-un-finan%C5%A1u-atskaites-at-luminor-group-4436589829,Tehniskais vadītājs (Risku un Finanšu atskaites),Luminor Group,posted,2026-07-07T20:44:35.699579,232
0e4ba0aafe84535e,https://lv.linkedin.com/jobs/view/head-of-ict-risk-management-ikt-riska-vad%C4%ABbas-vad%C4%ABt%C4%81js-a-seb-riga-at-seb-latvija-4435516727,"Head of ICT Risk management (IKT riska vadības vadītājs/-a) | SEB, Riga",,scraped,2026-07-07T20:44:38.435807,
6e97ba126d15a016,https://lv.linkedin.com/jobs/view/head-of-customer-value-management-at-international-personal-finance-plc-4436596603,Head of Customer Value Management,,scraped,2026-07-07T20:44:45.894081,
ac5f617283817355,https://lv.linkedin.com/jobs/view/dro%C5%A1%C4%ABbas-arhitekts-e-at-luminor-group-4435241873,Drošības arhitekts/-e,Luminor Group,posted,2026-07-07T20:45:20.914991,234
9b9c0a1ecf63ea90,https://lv.linkedin.com/jobs/view/longevity-co-founder-cpo-100-%25-remote-m-f-d-at-ewor-4435478569,Longevity Co-Founder / CPO (100 % remote) (m/f/d),,scraped,2026-07-07T20:45:27.584438,
0ddd9cc9241495eb,https://lv.linkedin.com/jobs/view/sanctions-screening-specialist-seb-riga-at-seb-latvija-4436702885,"Sanctions Screening Specialist| SEB, Riga",,scraped,2026-07-07T20:45:36.465717,
f7b9ef3e4ffdbffe,https://lv.linkedin.com/jobs/view/data-analyst-in-baltic-banking-anti-financial-crime-at-swedbank-latvija-4433189505,Data Analyst in Baltic Banking Anti-Financial Crime,,scraped,2026-07-07T20:45:45.928539,
cb6f3e2a184e2354,https://lv.linkedin.com/jobs/view/it-transform%C4%81cijas-arhitekt%C5%ABras-vad%C4%ABt%C4%81js-a-at-latvijas-mobilais-telefons-sia-4436841581,IT transformācijas arhitektūras vadītājs/-a,,scraped,2026-07-07T20:45:54.474991,
ba8668d31178f3b6,https://lv.linkedin.com/jobs/view/vec%C4%81kais-projektu-vad%C4%ABt%C4%81js-jomas-eksperts-at-rtu-hpc-center-4432332688,VECĀKAIS PROJEKTU VADĪTĀJS / JOMAS EKSPERTS,,scraped,2026-07-07T20:46:04.605298,
1310119ee97153e2,https://lv.linkedin.com/jobs/view/senior-agricultural-statistics-expert-at-ntu-international-a-s-4437769495,Senior Agricultural Statistics Expert,,scraped,2026-07-07T20:46:12.562982,
f87eda94aa4832fe,https://lv.linkedin.com/jobs/view/responsible-gaming-specialist-at-olybet-group-4436548224,Responsible Gaming Specialist,,scraped,2026-07-07T20:46:19.976294,
318e1fca68fca71e,https://lv.linkedin.com/jobs/view/senior-quality-engineer-java-remote-work-ref%23293854-at-bairesdev-4426567333,Senior Quality Engineer (Java) - Remote Work | REF#293854,BairesDev,posted,2026-07-07T20:46:40.195209,236
0d7b282c72f1366b,https://lv.linkedin.com/jobs/view/vec%C4%81kais-%C4%81-uzraudz%C4%ABbas-eksperts-e-finan%C5%A1u-tehnolo%C4%A3iju-uzraudz%C4%ABbas-p%C4%81rvald%C4%93-at-latvijas-banka-4435022243,Vecākais/-ā uzraudzības eksperts/-e Finanšu tehnoloģiju uzraudzības pārvaldē,,scraped,2026-07-07T20:46:42.840053,
f617d30b7f52e329,https://lv.linkedin.com/jobs/view/danish-speaking-content-moderator-for-social-media-work-in-sofia-bulgaria-at-mercier-consultancy-md-4437734345,"Danish Speaking Content Moderator For Social Media - Work In Sofia, Bulgaria",Mercier Consultancy MD,posted,2026-07-07T20:47:03.149699,238
01ae439ea4c4dc9e,https://lv.linkedin.com/jobs/view/middle-data-engineer-for-real-time-streaming-platform-at-gr8-tech-4432824872,Middle Data Engineer for Real Time Streaming Platform,,scraped,2026-07-07T20:47:05.782422,
fe701753b2fff69b,https://lv.linkedin.com/jobs/view/senior-software-engineer-in-test-java-remote-work-ref%23293825-at-bairesdev-4426569322,Senior Software Engineer in Test (Java) - Remote Work | REF#293825,BairesDev,posted,2026-07-07T20:47:24.178837,240
762b8469e222dd6e,https://lv.linkedin.com/jobs/view/elektronikas-speci%C4%81lists-electronic-technician-at-kronospan-4408997012,Elektronikas speciālists/ Electronic technician,,scraped,2026-07-07T20:47:32.814790,
396355305cbce9cb,https://lv.linkedin.com/jobs/view/senior-cloud-infrastructure-engineer-at-avafin-4436710918,Senior Cloud Infrastructure Engineer,,scraped,2026-07-07T20:47:46.324156,
6226c1cec5d4bc58,https://lv.linkedin.com/jobs/view/crm-sfe-specialist-at-msd-4435311846,CRM & SFE Specialist,MSD,posted,2026-07-07T20:48:10.515462,242
9b4a3b36563f3401,https://lv.linkedin.com/jobs/view/p%C4%81rdev%C4%93js-ned%C4%93%C4%BCas-nogal%C4%93s-jysk-veikal%C4%81-t-c-s%C4%81g%C4%81-s-sv-20h-at-jysk-baltics-4437830542,"Pārdevējs nedēļas nogalēs JYSK veikalā t/c Sāgā (S, SV - 20h)",JYSK Baltics,posted,2026-07-07T20:48:43.702329,244
74f94162226ab1b8,https://lv.linkedin.com/jobs/view/contact-centre-support-administrator-at-epson-europe-b-v-4435588916,Contact Centre Support Administrator,,scraped,2026-07-07T20:48:46.385033,
97129e9bbdb1a26b,https://lv.linkedin.com/jobs/view/financial-controller-for-global-enterprise-groups-at-circle-k-4436595552,Financial Controller for Global Enterprise Groups,,scraped,2026-07-07T20:48:55.834554,
73504bf08101d60b,https://lv.linkedin.com/jobs/view/apsargs-kuld%C4%ABg%C4%81-at-g4s-4437713708,Apsargs Kuldīgā,,scraped,2026-07-07T20:49:02.078003,
f740aae53ca4f2bf,https://lv.linkedin.com/jobs/view/sap-logistics-consultant-sd-s-4hana-at-epam-systems-4418763465,"SAP Logistics Consultant SD, S/4HANA",EPAM Systems,posted,2026-07-07T20:49:16.877732,184
4b14c674508176a2,https://lv.linkedin.com/jobs/view/sap-logistics-scm-engineering-manager-at-epam-systems-4403764012,SAP Logistics (SCM) Engineering Manager,EPAM Systems,posted,2026-07-07T20:49:35.555013,246
6f02c32a2b931d15,https://lv.linkedin.com/jobs/view/senior-financial-controller-r2r-netherlands-at-circle-k-4427733911,Senior Financial Controller R2R Netherlands,,scraped,2026-07-07T20:49:38.309494,
c55f04a8dfdb6ad7,https://lv.linkedin.com/jobs/view/darbs-ludz%C4%81-at-g4s-4437709866,Darbs Ludzā,,scraped,2026-07-07T20:49:44.690998,
7a442d4e4d11beda,https://lv.linkedin.com/jobs/view/specialist-finance-in-accounts-receivable-team-at-circle-k-4436588469,Specialist Finance in Accounts Receivable team,,scraped,2026-07-07T20:49:54.367283,
4f62b6fd40b9fbe0,https://lv.linkedin.com/jobs/view/p%C4%81rdev%C4%93js-kasieris-jysk-krasta-iel%C4%81-pusslodzes-darbs-at-jysk-baltics-4437834446,Pārdevējs - kasieris JYSK Krasta ielā (pusslodzes darbs),JYSK Baltics,posted,2026-07-07T20:50:22.583442,248
78dc3e3940d4c46d,https://lv.linkedin.com/jobs/view/mai%C5%86u-vad%C4%ABt%C4%81js-r%C4%ABgas-centr%C4%81-at-g4s-4437719511,Maiņu vadītājs Rīgas centrā,,scraped,2026-07-07T20:50:29.384086,
7266d25b30383179,https://lv.linkedin.com/jobs/view/senior-verification-engineer-at-isg-international-service-group-4436531504,Senior Verification Engineer,,scraped,2026-07-07T20:50:38.961799,
411142d70af5c025,https://lv.linkedin.com/jobs/view/ux-ui-designer-at-the-flex-4436385365,UX/UI Designer,,scraped,2026-07-07T20:50:51.103606,
e19dab6e7f05abd1,https://lv.linkedin.com/jobs/view/senior-php-developer-at-eleving-group-4435825358,Senior PHP Developer,,scraped,2026-07-07T20:51:10.657029,
13329f4eb01600c7,https://lv.linkedin.com/jobs/view/senior-lead-ai-engineer-architect-at-epam-systems-4398218952,Senior / Lead AI Engineer / Architect,EPAM Systems,posted,2026-07-07T20:51:27.448865,250
3c030eba47b7fcfc,https://lv.linkedin.com/jobs/view/customer-contact-center-specialist-latvian-speaker-at-electrolux-group-4436355853,Customer Contact Center Specialist Latvian Speaker,Electrolux Group,posted,2026-07-07T20:52:32.856695,252
764af504d8260125,https://lv.linkedin.com/jobs/view/lawyer-specializing-in-personal-data-processing-at-decta-4435423680,Lawyer specializing in personal data processing,DECTA,posted,2026-07-07T20:53:20.522250,254
d37c6edf38077199,https://lv.linkedin.com/jobs/view/staff-software-engineer-fintech-back-end-bangkok-based-relocation-provided-at-agoda-4299782014,"Staff Software Engineer (FinTech) - Back End (Bangkok based, Relocation provided)",Agoda,posted,2026-07-07T20:53:34.231684,256
f4bda69f73398de0,https://lv.linkedin.com/jobs/view/accountant-with-german-language-skills-at-circle-k-4435470633,Accountant with German language skills,,scraped,2026-07-07T20:53:36.862966,
79fc35c42f6821eb,https://lv.linkedin.com/jobs/view/senior-devops-engineer-jenkins-scaling-expert-at-epam-systems-4432714108,Senior DevOps Engineer (Jenkins Scaling Expert),EPAM Systems,posted,2026-07-07T20:53:49.608686,258
65a7786ffcf24cd9,https://lv.linkedin.com/jobs/view/p%C4%81rdev%C4%93js-a-circle-k-gulbene-br%C4%ABv%C4%ABbas-iela-89a-gulbene-darbs-uz-noteiktu-laiku-l%C4%ABdz-30-09-2025-at-circle-k-4436841245,"Pārdevējs/-a Circle K Gulbene (Brīvības iela 89A, Gulbene) darbs uz noteiktu laiku līdz 30.09.2025",,scraped,2026-07-07T20:53:52.085108,
bc6a7d90fefbfa00,https://lv.linkedin.com/jobs/view/product-manager-at-atlas-uas-4436865146,Product Manager,,scraped,2026-07-08T07:19:40.001624,
8dfa95d3ee8173bc,https://lv.linkedin.com/jobs/view/compliance-analyst-freelance-ai-trainer-at-mindrift-4432341780,Compliance Analyst - Freelance AI Trainer,Mindrift,posted,2026-07-08T07:20:00.590536,270
4812502123a77e43,https://lv.linkedin.com/jobs/view/it-compliance-specialist-at-psi-cro-4427851036,IT Compliance Specialist,,scraped,2026-07-08T07:20:03.369327,
439fe770aea97ab8,https://lv.linkedin.com/jobs/view/claims-processing-agent-freelance-ai-trainer-at-mindrift-4432376698,Claims Processing Agent - Freelance AI Trainer,Mindrift,posted,2026-07-08T07:20:18.534698,272
9a59e02fec8e6ebf,https://lv.linkedin.com/jobs/view/fleet-sales-manager-latvia%0A-%0A%0A-%0Atirdzniec%C4%ABba%0A%0A-%C2%B7%0A%0A-moller-auto-lidosta-volkswagen-moller-auto-krasta-volkswagen-at-moller-auto-baltic-4435539040,"Fleet Sales Manager Latvia
    

    
Tirdzniecība

  ·

    Moller Auto Lidosta, Volkswagen, Moller Auto Krasta, Volkswagen",,scraped,2026-07-08T07:20:21.163465,
ae4d227035d0e861,https://lv.linkedin.com/jobs/view/ui-ux-designer-at-arrise-4325269534,UI/UX Designer,,scraped,2026-07-08T07:20:33.603907,
03bbe524b7252bfc,https://lv.linkedin.com/jobs/view/electronic-design-engineer-at-atlas-uas-4436865147,Electronic Design Engineer,,scraped,2026-07-08T07:20:40.107468,
654d6fd05f314551,https://lv.linkedin.com/jobs/view/met%C4%81lapstr%C4%81des-operators-e-at-caljan-4436850405,METĀLAPSTRĀDES OPERATORS/-E,,scraped,2026-07-08T07:20:46.437956,
eaeb9a926f80cd2d,https://lv.linkedin.com/jobs/view/media-buyer-tier-1-at-rocks-partners-4436883934,Media Buyer (Tier-1),,scraped,2026-07-08T07:21:06.657341,
6d8347594d87abcb,https://lv.linkedin.com/jobs/view/key-account-manager-at-ipsen-4407386125,Key Account Manager,,scraped,2026-07-08T07:21:17.449028,
cb151f1b94ae0daa,https://lv.linkedin.com/jobs/view/intere%C5%A1u-p%C4%81rst%C4%81v%C4%ABbas-konsultante-s-at-va-government-rud-pedersen-latvia-4433961465,Interešu pārstāvības konsultante/-s,,scraped,2026-07-08T07:21:23.850160,
4a569a7ba3280fb8,https://lv.linkedin.com/jobs/view/hospital-specialist-at-syneos-health-commercial-solutions-4437874200,Hospital Specialist,Syneos Health Commercial Solutions,posted,2026-07-08T07:22:04.071509,274
6bb1e62aba3cb60d,https://lv.linkedin.com/jobs/view/team-lead-head-media-buyer-tier-1-at-rocks-partners-4436895549,Team Lead / Head Media Buyer (Tier-1),,scraped,2026-07-08T07:22:14.742281,
e531b02c54687882,https://lv.linkedin.com/jobs/view/audit-manager-at-bdo-latvia-4434558335,Audit Manager,,scraped,2026-07-08T07:22:21.545122,
f4aecbbb44b3e097,https://lv.linkedin.com/jobs/view/elektrot%C4%ABklu-dispe%C4%8Ders-e-at-r%C4%ABgas-satiksme-4435450304,ELEKTROTĪKLU DISPEČERS / -E,Rīgas satiksme,posted,2026-07-08T07:23:04.185654,276
3928c5943749ffa6,https://lv.linkedin.com/jobs/view/data-analyst-ii-at-gocardless-4406638481,Data Analyst II,,scraped,2026-07-08T07:23:08.884082,
5e57fe54887b77b1,https://lv.linkedin.com/jobs/view/autoelektri%C4%B7is%0A-%0A%0A-%0Aserviss%0A%0A-%C2%B7%0A%0A-moller-auto-krasta-volkswagen-at-moller-auto-baltic-4435525811,"Autoelektriķis
    

    
Serviss

  ·

    Moller Auto Krasta, Volkswagen",,scraped,2026-07-08T07:23:15.435664,
19e95372299cd9c8,https://lv.linkedin.com/jobs/view/manager-account-management-at-mastercard-4434507063,"Manager, Account Management",Mastercard,posted,2026-07-08T07:23:50.855993,278
03da732ad6263e48,https://lv.linkedin.com/jobs/view/freelance-mobile-app-developer-ios-android-at-mindrift-4436712652,Freelance Mobile App Developer (iOS / Android),Mindrift,posted,2026-07-08T07:24:11.800838,280
fb4595ccc9cbdf79,https://lv.linkedin.com/jobs/view/cloud-network-engineer-at-paymentology-4437802417,Cloud Network Engineer,,scraped,2026-07-08T07:24:20.486563,
37e651fc4ba2c5a6,https://lv.linkedin.com/jobs/view/senior-python-engineer-at-taltap-4432760416,Senior Python Engineer,,scraped,2026-07-08T07:24:29.276923,
d7e4583f637fb0dc,https://lv.linkedin.com/jobs/view/intern-at-squalio-4423948251,Intern,,scraped,2026-07-08T07:24:39.600084,
7c2d5b4f1730330b,https://lv.linkedin.com/jobs/view/kyc-qc-analyst-at-3s-money-4428919884,KYC QC Analyst,,scraped,2026-07-08T07:24:46.255001,
c0ef45b804ef5fc7,https://lv.linkedin.com/jobs/view/ikt-komerci%C4%81lais-vad%C4%ABt%C4%81js-a-at-bite-latvija-4434539550,IKT komerciālais vadītājs/-a,,scraped,2026-07-08T07:24:54.741924,
6493de7eba626915,https://lv.linkedin.com/jobs/view/key-account-director-at-ebury-4437769632,Key Account Director,,scraped,2026-07-08T07:25:03.672368,
b80b7c8c6528e890,https://lv.linkedin.com/jobs/view/m%C4%81sa-endoskopiju-noda%C4%BC%C4%81-at-paula-stradi%C5%86a-kl%C4%ABnisk%C4%81-universit%C4%81tes-slimn%C4%ABca-4435255004,MĀSA Endoskopiju nodaļā,,scraped,2026-07-08T07:25:10.567418,
4b661d10316a16c7,https://lv.linkedin.com/jobs/view/mazlietotu-automobi%C4%BCu-tirdzniec%C4%ABbas-konsultants-e-jelgavas-centr%C4%81%0A-%0A%0A-%0Atirdzniec%C4%ABba%0A%0A-%C2%B7%0A%0A-moller-auto-jelgava-at-moller-auto-baltic-4435525800,"Mazlietotu automobiļu tirdzniecības konsultants/-e Jelgavas centrā
    

    
Tirdzniecība

  ·

     Moller Auto Jelgava",,scraped,2026-07-08T07:25:27.000344,
3e4d53cc20507795,https://lv.linkedin.com/jobs/view/ai-process-digitalisation-specialist-at-kronospan-4435443096,AI & Process Digitalisation Specialist,,scraped,2026-07-08T07:25:33.544601,
c2fc244b7d5c8097,https://lv.linkedin.com/jobs/view/%D1%81%D0%BF%D0%B5%D1%86%D0%B8%D0%B0%D0%BB%D0%B8%D1%81%D1%82-%D0%BF%D0%BE-%D0%BC%D0%B0%D1%80%D0%BA%D0%B5%D1%82%D0%B8%D0%BD%D0%B3%D1%83-%D0%B8-%D0%BF%D1%80%D0%BE%D0%B4%D0%B0%D0%B6%D0%B0%D0%BC-at-vario-health-equipment-sia-vario-4432395473,Специалист по маркетингу и продажам,,scraped,2026-07-08T07:25:40.640261,
7f47a7cc0f0eb443,https://lv.linkedin.com/jobs/view/kred%C4%ABtspeci%C4%81lists-at-lande-4434534949,Kredītspeciālists,,scraped,2026-07-08T07:25:55.502307,
cd0542ac22803a74,https://lv.linkedin.com/jobs/view/sql-c%23-developer-programm%C4%93t%C4%81js-a-seb-riga-at-seb-latvija-4437148548,"SQL / C# Developer / Programmētājs-/a | SEB, Riga",,scraped,2026-07-08T07:26:04.104523,
e105a8bef827443a,https://lv.linkedin.com/jobs/view/head-of-customer-value-management-at-ipf-digital-4437803146,Head of Customer Value Management,,scraped,2026-07-08T07:26:24.954424,
afc0050e5f87c5e6,https://lv.linkedin.com/jobs/view/noliktavas-vad%C4%ABt%C4%81js-at-trialto-latvia-sia-4434525744,Noliktavas vadītājs,,scraped,2026-07-08T07:26:32.492218,
f82e2b66c315de94,https://lv.linkedin.com/jobs/view/servisa-konsultants-e%0A-%0A%0A-%0Aserviss%0A%0A-%C2%B7%0A%0A-moller-auto-r%C4%ABga-audi-at-moller-auto-baltic-4435520878,"Servisa konsultants/-e
    

    
Serviss

  ·

    Moller Auto Rīga, Audi",,scraped,2026-07-08T07:26:39.390348,
f8b2240fbe862142,https://lv.linkedin.com/jobs/view/lead-system-engineer-uav-at-redwire-europe-4421101422,Lead System Engineer (UAV),,scraped,2026-07-08T07:26:45.656455,
d1ae24e539c5757f,https://lv.linkedin.com/jobs/view/lead-billing-data-analyst-billing-payments-subscription-analytics-at-ruby-labs-4437867670,"Lead Billing Data Analyst | Billing, Payments & Subscription Analytics",Ruby Labs,posted,2026-07-08T07:27:12.570914,282
7d93e57e0e93795c,https://lv.linkedin.com/jobs/view/partner%C4%ABbas-un-viet%C4%93j%C4%81-atbalsta-noda%C4%BCas-vad%C4%ABt%C4%81js-a-at-luminor-group-4434662790,Partnerības un vietējā atbalsta nodaļas vadītājs/-a,Luminor Group,posted,2026-07-08T07:27:44.116401,284
0fd0edfb4697465b,https://lv.linkedin.com/jobs/view/finance-and-business-analytics-senior-manager-at-cabot-corporation-4426804373,Finance and Business Analytics Senior Manager,Cabot Corporation,posted,2026-07-08T07:28:06.955680,286
598169415f743113,https://lv.linkedin.com/jobs/view/senior-accountant-bps-riga-at-deloitte-4436176749,Senior Accountant | BPS | Riga,Deloitte,posted,2026-07-08T07:28:17.176499,288
a5f90a33067a6cec,https://lv.linkedin.com/jobs/view/kyc-regulatory-analyst-regulat%C4%ABvo-p%C4%81rskatu-anal%C4%ABti%C4%B7is-e-seb-riga-at-seb-latvija-4407815101,"KYC Regulatory Analyst/ Regulatīvo pārskatu analītiķis/-e  | SEB, Riga",,scraped,2026-07-08T07:28:19.784305,
84a5750fab78cb41,https://lv.linkedin.com/jobs/view/senior-data-scientist-at-epam-systems-4309991185,Senior Data Scientist,EPAM Systems,posted,2026-07-08T07:28:41.133469,290
d0c217b88acce410,https://lv.linkedin.com/jobs/view/mazumtirdzniec%C4%ABbas-t%C4%ABkla-vad%C4%ABt%C4%81js-a-at-tet-lv-4436840618,Mazumtirdzniecības tīkla vadītājs/-a,,scraped,2026-07-08T07:28:45.765368,
43096d3bef0dc9c6,https://lv.linkedin.com/jobs/view/vec%C4%81kais-%C4%81-sist%C4%93mu-anal%C4%ABti%C4%B7is-e-bss-risin%C4%81jumiem-at-latvijas-mobilais-telefons-sia-4436831984,Vecākais/-ā sistēmu analītiķis/-e (BSS risinājumiem),,scraped,2026-07-08T07:29:03.335325,
a862e88c96d6b67c,https://lv.linkedin.com/jobs/view/vrachtwagen-chauffeur-ce-distributie-supermarkten-regio-genk-at-jacobs-transport-4437114781,Vrachtwagen Chauffeur CE - Distributie supermarkten (Regio Genk),,scraped,2026-07-08T07:29:10.615582,
e9d2be8faf8667f9,https://lv.linkedin.com/jobs/view/full-stack-java-developer-at-arrise-4435470421,Full-stack Java Developer,,scraped,2026-07-08T07:29:19.600245,
44fb196a2918b9f7,https://lv.linkedin.com/jobs/view/manual-qa-engineer-at-eleving-group-4435577259,Manual QA Engineer,,scraped,2026-07-08T07:29:28.213527,
81c36d9d76454331,https://lv.linkedin.com/jobs/view/safety-scientist-real-world-evidence-rwe-emea-at-thermo-fisher-scientific-4425349570,"Safety Scientist- Real World Evidence (RWE), EMEA",Thermo Fisher Scientific,posted,2026-07-08T07:29:41.278941,292
a98a025ea9578a84,https://lv.linkedin.com/jobs/view/spare-parts-planning-team-leader-at-epson-baltics-4433185903,Spare Parts Planning Team Leader,,scraped,2026-07-08T07:29:43.879476,
489153599badd916,https://lv.linkedin.com/jobs/view/risku-darb%C4%ABbas-nep%C4%81rtraukt%C4%ABbas-eksperts-e-at-rimi-baltic-group-4437141418,Risku& darbības nepārtrauktības eksperts/-e,,scraped,2026-07-08T07:29:52.947475,
6bda1ea133b7b617,https://lv.linkedin.com/jobs/view/a-s-elis-tekstila-serviss-aicina-pievienoties-akt%C4%ABvu-un-m%C4%93r%C4%B7tiec%C4%ABgu-tirdzniec%C4%ABbas-p%C4%81rst%C4%81vi-liep%C4%81ja-saldus-ventspils-kuld%C4%ABga-skrunda-at-elis-4406567305,"A/S Elis Tekstila Serviss aicina pievienoties aktīvu un mērķtiecīgu tirdzniecības pārstāvi (Liepāja, Saldus, Ventspils, Kuldīga, Skrunda)",,scraped,2026-07-08T07:30:01.649848,
93d7fc4297e483cf,https://lv.linkedin.com/jobs/view/dwh-engineer-at-eleving-group-4437791251,DWH Engineer,,scraped,2026-07-08T07:30:09.035501,
e19b3e96879ed244,https://lv.linkedin.com/jobs/view/cash-collector-at-brink%E2%80%99s-inc-4381951547,Cash collector,Brink’s Inc,posted,2026-07-08T07:30:30.076076,294
ffd81ab0ea931665,https://lv.linkedin.com/jobs/view/datu-anal%C4%ABti%C4%B7is-e-at-rimi-baltic-group-4437783300,Datu analītiķis/-e,,scraped,2026-07-08T07:30:38.767590,
75e87bea0d079d22,https://lv.linkedin.com/jobs/view/debt-agent-at-bondora-4437744927,Debt Agent,,scraped,2026-07-08T07:30:47.382329,
6d2f74d24ac191c1,https://lv.linkedin.com/jobs/view/ai-native-engineer-at-epam-systems-4411581325,AI Native Engineer,EPAM Systems,posted,2026-07-08T07:31:03.432354,296
8d6b2161651c6fb4,https://lv.linkedin.com/jobs/view/senior-backend-engineer-at-teya-4386880533,Senior Backend Engineer,,scraped,2026-07-08T07:31:06.146992,
3ed2605ee19e0a55,https://lv.linkedin.com/jobs/view/apsargs-c%C4%93s%C4%ABs-at-g4s-4437713703,Apsargs Cēsīs,,scraped,2026-07-08T07:31:16.550937,
1c53f858e4347312,https://lv.linkedin.com/jobs/view/f-c-academy-coordinator-at-circle-k-4435239705,F&C Academy Coordinator,,scraped,2026-07-08T07:31:36.513331,
f854916b550ffbc9,https://lv.linkedin.com/jobs/view/maks%C4%81jumu-iest%C4%81des-aml-nilltpfn-da%C4%BCas-vad%C4%ABt%C4%81js-a-at-pasts-4436722713,Maksājumu iestādes AML (NILLTPFN) daļas vadītājs/-a,,scraped,2026-07-08T07:31:56.802049,
4a78e0de2db6a056,https://lv.linkedin.com/jobs/view/vec%C4%81kais-klientu-sadarb%C4%ABbas-atbilst%C4%ABbas-speci%C4%81lists-e-at-swedbank-latvija-4432797264,Vecākais klientu sadarbības atbilstības speciālists(-e),,scraped,2026-07-08T07:32:04.486179,
1745a0f0279b2d84,https://lv.linkedin.com/jobs/view/office-manager-hr-assistant-at-madfin-tech-4437160696,Office Manager/ HR Assistant,,scraped,2026-07-08T13:20:51.869886,
19d5b78609bb61f3,https://lv.linkedin.com/jobs/view/ongoing-monitoring-officer-at-exante-4437409777,Ongoing Monitoring Officer,,scraped,2026-07-08T13:21:14.981175,
ea4691b0460360fd,https://lv.linkedin.com/jobs/view/onboarding-analyst-at-multipass-4426934782,Onboarding Analyst,,scraped,2026-07-08T13:21:22.306898,
bb601db6976551b3,https://lv.linkedin.com/jobs/view/lawyer-at-betby-4434846443,Lawyer,,scraped,2026-07-08T13:21:29.074787,
9a620eab19cb8c3e,https://lv.linkedin.com/jobs/view/people-business-partner-at-paymentology-4437871319,People Business Partner,,scraped,2026-07-08T13:21:41.872627,
713af875dfaef322,https://lv.linkedin.com/jobs/view/events-manager-at-psi-cro-4434814993,Events Manager,,scraped,2026-07-08T13:21:49.021636,
44eb416e5a077841,https://lv.linkedin.com/jobs/view/desktop-support-engineer-at-tech-people-247-4434830226,Desktop Support Engineer,Tech People 247,posted,2026-07-08T13:22:46.338657,298
bd219ac9146fd953,https://lv.linkedin.com/jobs/view/ugc-creator-manager-at-opal-4436411314,UGC Creator Manager,Opal,posted,2026-07-08T13:22:59.984420,300
f8e7cd600a8193a3,https://lv.linkedin.com/jobs/view/sales-executive-at-airline-support-baltic-4437782364,Sales Executive,,scraped,2026-07-08T13:23:02.632536,
d5548e04babfa94c,https://lv.linkedin.com/jobs/view/senior-project-manager-delivery-at-ruby-labs-4437189753,Senior Project Manager (Delivery),Ruby Labs,posted,2026-07-08T13:23:19.368306,302
aef7b8f92993665e,https://lv.linkedin.com/jobs/view/desktop-support-technician-at-sharp-brains-4434826265,Desktop Support Technician,Sharp Brains,posted,2026-07-08T13:24:15.906920,304
f8f2df03adcf0f29,https://lv.linkedin.com/jobs/view/desktop-support-technician-at-sharp-brains-4434542926,Desktop Support Technician,Sharp Brains,scraped,2026-07-08T13:25:35.768781,
0d512ec48918b3b4,https://lv.linkedin.com/jobs/view/senior-recruiter-at-aerones-4435054628,Senior Recruiter,Aerones,posted,2026-07-08T13:26:08.207326,306
d380ac6a71d93d79,https://lv.linkedin.com/jobs/view/senior-software-engineer-at-paymentology-4437811159,Senior Software Engineer,,scraped,2026-07-08T13:26:10.985157,
aaf9b05f35275bce,https://lv.linkedin.com/jobs/view/senior-email-marketing-manager-at-ruby-labs-4436732857,Senior Email Marketing Manager,Ruby Labs,posted,2026-07-08T13:26:31.256862,308
b96261b3419846ce,https://lv.linkedin.com/jobs/view/desktop-support-technician-at-sharp-brains-4434828174,Desktop Support Technician,Sharp Brains,posted,2026-07-08T13:27:14.870779,304
d422904d7d980d46,https://lv.linkedin.com/jobs/view/ai-video-creator-at-the-flex-4436772600,AI Video Creator,,scraped,2026-07-08T13:27:19.630461,
a7877077a0ae48ff,https://lv.linkedin.com/jobs/view/mobile-application-developer-at-taltap-4432757507,Mobile Application Developer,,scraped,2026-07-08T13:27:30.673902,
fd4fefca8d799dfb,https://lv.linkedin.com/jobs/view/senior-user-acquisition-manager-at-ruby-labs-4437461210,Senior User Acquisition Manager,Ruby Labs,posted,2026-07-08T13:27:46.513310,310
ff7aa6d025677278,https://lv.linkedin.com/jobs/view/cybersecurity-grc-consultant-at-scale-up-recruiting-partners-4437025088,Cybersecurity GRC Consultant,Scale Up Recruiting Partners,posted,2026-07-08T13:27:59.765142,312
23ffff1fbdc48c98,https://lv.linkedin.com/jobs/view/m%C4%81sa-neatliekam%C4%81s-medic%C4%ABnas-centr%C4%81-at-b%C4%93rnu-kl%C4%ABnisk%C4%81-universit%C4%81tes-slimn%C4%ABca-children-s-clinical-university-hospital-4437141074,Māsa Neatliekamās medicīnas centrā,,scraped,2026-07-08T13:28:04.407858,
c23e543dd0e9a7e0,https://lv.linkedin.com/jobs/view/seo-casino-sports-betting-content-writer-latvian-igaming-at-serpa-media-group-4434831901,SEO Casino & Sports Betting Content Writer (Latvian / iGaming),,scraped,2026-07-08T13:28:16.711774,
409c051f6280998d,https://lv.linkedin.com/jobs/view/it-applications-services-manager-baltics-at-dpd-latvija-4435811058,"IT Applications Services Manager, Baltics",,scraped,2026-07-08T13:28:25.602613,
5da74c703156020c,https://lv.linkedin.com/jobs/view/darbs-r%C4%ABg%C4%81-teik%C4%81-modern%C4%81-kompleks%C4%81-at-g4s-4437725146,"Darbs Rīgā, Teikā, modernā kompleksā",,scraped,2026-07-08T13:28:37.615797,
3ad2283338e5e9be,https://lv.linkedin.com/jobs/view/satura-un-komunik%C4%81cijas-speci%C4%81lists-e-at-iglu-soft-play-4434565888,Satura un komunikācijas speciālists/-e,,scraped,2026-07-08T13:28:59.533009,
53decbb4feeea847,https://lv.linkedin.com/jobs/view/senior-python-data-scraping-engineer-freelance-at-mindrift-4436313364,Senior Python Data Scraping Engineer (Freelance),Mindrift,posted,2026-07-08T13:29:21.598185,314
2b92ae632222056e,https://lv.linkedin.com/jobs/view/kvalit%C4%81tes-kontrolieris-at-consolis-latvija-sia-4438183628,Kvalitātes kontrolieris,,scraped,2026-07-08T13:29:24.307816,
2fe25a54fa507357,https://lv.linkedin.com/jobs/view/p%C4%81rdo%C5%A1anas-speci%C4%81lists-at-rgo-connect-4417921349,Pārdošanas speciālists,RGO Connect,posted,2026-07-08T13:29:43.043726,316
f1131b2d8e5da4e0,https://lv.linkedin.com/jobs/view/medical-representative-at-beiersdorf-4434567344,Medical Representative,,scraped,2026-07-08T13:29:47.725273,
b627076aa2576e26,https://lv.linkedin.com/jobs/view/product-quality-specialist-at-syntx-ai-4434826817,Product Quality Specialist,SYNTX AI,posted,2026-07-08T13:30:02.835338,318
39d6bfaf81971e05,https://lv.linkedin.com/jobs/view/marketing-project-manager-at-digmatix-latvia-4430936558,Marketing Project Manager,,scraped,2026-07-08T13:30:11.834150,
558bf4f3fa8aefc2,https://lv.linkedin.com/jobs/view/testu-automatiz%C4%81cijas-in%C5%BEenieris-e-qa-engineer-manual-automation-at-citadele-banka-4434841835,Testu automatizācijas inženieris/-e | QA Engineer (Manual & Automation),,scraped,2026-07-08T13:30:22.167463,
aed521723afde6af,https://lv.linkedin.com/jobs/view/senior-risk-officer-in-enterprise-risk-vec%C4%81kais-riska-specialists-e-seb-riga-at-seb-latvija-4438214524,"Senior Risk Officer in Enterprise Risk / Vecākais riska specialists/-e | SEB, Riga",,scraped,2026-07-08T13:30:35.644876,
d8e1f380a358caf7,https://lv.linkedin.com/jobs/view/senior-react-native-developer-at-ruby-labs-4436920343,Senior React Native Developer,Ruby Labs,posted,2026-07-08T13:30:52.737566,320
7800dd54efa88132,https://lv.linkedin.com/jobs/view/people-operations-specialist-at-epson-baltics-4433194544,People Operations Specialist,,scraped,2026-07-08T13:30:57.519562,
7919609c432845a2,https://lv.linkedin.com/jobs/view/senior-lead-it-recruiter-at-syntx-ai-at-syntx-ai-4434860058,Senior/Lead IT Recruiter at SYNTX AI,SYNTX AI,posted,2026-07-08T13:31:17.937443,322
af525ff612e68a37,https://lv.linkedin.com/jobs/view/danish-speaking-customer-support-jobs-work-and-live-in-sofia-at-mercier-consultancy-md-4437840576,Danish Speaking Customer Support Jobs - Work and Live in Sofia,Mercier Consultancy MD,posted,2026-07-08T13:31:36.418413,324
c7dc73167be1399f,https://lv.linkedin.com/jobs/view/hr-specialist-at-kronospan-4437046489,HR Specialist,,scraped,2026-07-08T13:31:45.091534,
24a90dc94d5a77d0,https://lv.linkedin.com/jobs/view/dutch-speaking-agent-for-hospitality-sector-relocation-to-greece-at-rdn-cons-4437848292,Dutch-Speaking Agent for Hospitality Sector -Relocation to Greece,RDN CONS,posted,2026-07-08T13:32:03.837313,326
0fdea7f4e14ca20c,https://lv.linkedin.com/jobs/view/vec%C4%81kais-%C4%81-uzraudz%C4%ABbas-eksperts-e-finan%C5%A1u-tehnolo%C4%A3iju-uzraudz%C4%ABbas-p%C4%81rvald%C4%93-at-latvijas-banka-4435023211,Vecākais/-ā uzraudzības eksperts/-e Finanšu tehnoloģiju uzraudzības pārvaldē,,scraped,2026-07-08T13:32:06.539071,
04b7d234eb2b7c6a,https://lv.linkedin.com/jobs/view/p%C4%81rdev%C4%93js-a-nepilns-darba-laiks-t-c-spice-at-lindex-4436596487,"Pārdevējs/a (nepilns darba laiks), t/c ""Spice""",,scraped,2026-07-08T13:32:22.255777,
2a4ce86ccb0e902c,https://lv.linkedin.com/jobs/view/ai-process-digitalisation-specialist-at-kronospan-4437045532,AI & Process Digitalisation Specialist,,scraped,2026-07-08T13:32:29.118725,
f6c4168c8bb4983c,https://lv.linkedin.com/jobs/view/lease-accountant-fixed-term-at-vivicta-4436499716,Lease Accountant (Fixed -term),Vivicta,posted,2026-07-08T13:32:43.632930,328
280defc418c865f1,https://lv.linkedin.com/jobs/view/head-of-logistics-at-kronus-4436324037,Head of Logistics,,scraped,2026-07-08T13:32:48.411771,
7b7d3aa49ca08247,https://lv.linkedin.com/jobs/view/dutch-speaking-agent-for-hospitality-sector-relocation-to-greece-at-rdn-cons-4437847341,Dutch-Speaking Agent for Hospitality Sector -Relocation to Greece,RDN CONS,scraped,2026-07-08T13:33:00.827061,
1fb839cb64c3feba,https://lv.linkedin.com/jobs/view/senior-1c-developer-4437753820,Senior 1C Developer,GPSPRO.eu,posted,2026-07-08T13:33:10.606951,330
293415b196f71d09,https://lv.linkedin.com/jobs/view/senior-customer-experience-and-sales-support-specialist-french-speaking-at-norit-activated-carbon-4434843563,Senior Customer Experience and Sales Support Specialist (French-speaking),,scraped,2026-07-08T13:33:15.312015,
972efb56ac1ce223,https://lv.linkedin.com/jobs/view/senior-cashier-at-brink%E2%80%99s-inc-4437168196,Senior cashier,Brink’s Inc,posted,2026-07-08T13:33:28.718051,332
63a6d8ee934b8a56,https://lv.linkedin.com/jobs/view/danish-speaking-game-presenter-at-playtech-live-latvia-4388341498,Danish speaking Game presenter,,scraped,2026-07-08T13:33:33.431419,
96af5e50934e7400,https://lv.linkedin.com/jobs/view/%C4%81rsta-pal%C4%ABgs-mutes-sejas-un-%C5%BEok%C4%BCu-ak%C5%ABt%C4%81s-pal%C4%ABdz%C4%ABbas-da%C4%BC%C4%81-at-paula-stradi%C5%86a-kl%C4%ABnisk%C4%81-universit%C4%81tes-slimn%C4%ABca-4434662349,"Ārsta palīgs Mutes, sejas un žokļu akūtās palīdzības daļā",,scraped,2026-07-08T13:33:39.952766,
3b5d9e2a7ee9475f,https://lv.linkedin.com/jobs/view/senior-java-developer-at-accenture-baltics-4407019955,Senior Java Developer,Accenture Baltics,posted,2026-07-08T13:34:00.396812,334
0129c81126168f35,https://lv.linkedin.com/jobs/view/danish-customer-service-agent-entry-level-at-rdn-cons-4437896949,Danish Customer Service Agent (Entry Level),RDN CONS,posted,2026-07-08T13:34:23.860472,336
8c5533d8203448da,https://lv.linkedin.com/jobs/view/p%C4%81rdev%C4%93js-pre%C4%8Du-pie%C5%86%C4%93m%C4%93js-jysk-veikal%C4%81-vien%C4%ABbas-gatv%C4%93-103-pusslodzes-darbs-at-jysk-baltics-4438190675,Pārdevējs - preču pieņēmējs JYSK veikalā Vienības gatvē 103 (pusslodzes darbs),JYSK Baltics,posted,2026-07-08T13:34:36.981999,338
ff8bbea5c760d4bb,https://lv.linkedin.com/jobs/view/mid-senior-data-engineer-risk-and-finance-reporting-at-luminor-group-4361254235,Mid/Senior Data Engineer (Risk and Finance Reporting),Luminor Group,posted,2026-07-08T13:34:56.275268,340
e8beee70ca78ed39,https://lv.linkedin.com/jobs/view/staff-software-engineer-java-remote-work-ref%23290030-at-bairesdev-4420454813,Staff Software Engineer (Java) - Remote Work | REF#290030,BairesDev,posted,2026-07-08T13:35:13.141997,342
e854fd5f9e858cd2,https://lv.linkedin.com/jobs/view/mai%C5%86as-vad%C4%ABt%C4%81js-a-at-fyul-4429548962,Maiņas vadītājs(-a),FYUL,posted,2026-07-08T13:35:25.286806,344
948ecf91f103cf53,https://lv.linkedin.com/jobs/view/desktop-support-technician-at-sharp-brains-4434815812,Desktop Support Technician,Sharp Brains,posted,2026-07-08T13:36:13.974751,304
1487b851ed783f20,https://lv.linkedin.com/jobs/view/senior-devops-platform-engineer-at-epam-systems-4434820807,Senior DevOps / Platform Engineer,EPAM Systems,posted,2026-07-08T13:36:22.550383,346
03b7ef6b44773294,https://lv.linkedin.com/jobs/view/office-manager-interim-at-amcham-latvia-4431076391,OFFICE MANAGER (INTERIM),,scraped,2026-07-08T18:57:37.984340,
ef3bf8002a3552a8,https://lv.linkedin.com/jobs/view/license-owner-operator-riga-at-stranger-soccer-4438263086,"License Owner / Operator, Riga",,scraped,2026-07-08T18:57:56.335497,
f88669126ac4a9a8,https://lv.linkedin.com/jobs/view/sales-agent-at-priv%C4%81tais-me%C5%BEs-4434847281,Sales Agent,,scraped,2026-07-08T18:58:23.055419,
60d6bf41f20202aa,https://lv.linkedin.com/jobs/view/project-manager-at-roche-4438260456,Project Manager,,scraped,2026-07-08T18:59:07.684190,
b33cfb50bdfe0dd0,https://lv.linkedin.com/jobs/view/recruiter-northern-europe-region-at-ssi-sch%C3%A4fer-4437754566,"Recruiter, Northern Europe region",,scraped,2026-07-08T18:59:19.071341,
d7916200043c3993,https://lv.linkedin.com/jobs/view/business-development-manager-networking-and-security-at-arrow-electronics-4410565171,Business Development Manager - Networking and Security,Arrow Electronics,posted,2026-07-08T18:59:50.166179,348
324b2f90cf30fa39,https://lv.linkedin.com/jobs/view/client-solutions-manager-x-at-aleph-4418273248,Client Solutions Manager - X,Aleph,posted,2026-07-08T19:00:20.942217,350
78269eae2d4609f9,https://lv.linkedin.com/jobs/view/assistant-lawyer-at-eu-law-firm-4434848060,Assistant Lawyer,,scraped,2026-07-08T19:00:23.596265,
0fa921a5393479cd,https://lv.linkedin.com/jobs/view/lauku-darbu-asistents-at-foran-baltic-4434536020,Lauku darbu asistents,,scraped,2026-07-08T19:00:30.660294,
84361b1a6cd285bd,https://lv.linkedin.com/jobs/view/junior-production-designer-at-circle-k-4436241268,Junior Production Designer,,scraped,2026-07-08T19:00:46.013413,
2c2cf1f19294cae4,https://lv.linkedin.com/jobs/view/desktop-support-technician-at-sharp-brains-4434560031,Desktop Support Technician,,scraped,2026-07-08T19:01:02.080176,
915f969b2795355b,https://lv.linkedin.com/jobs/view/investment-services-analyst-at-luminor-group-4438267204,Investment Services Analyst,Luminor Group,posted,2026-07-08T19:01:22.968349,352
78d6c4b3102d606e,https://lv.linkedin.com/jobs/view/senior-staff-engineer-computing-architecture-at-axelera-ai-4436403616,Senior/Staff Engineer - Computing Architecture,,scraped,2026-07-08T19:01:25.682228,
722715f975bb0302,https://lv.linkedin.com/jobs/view/cybersecurity-consultant-at-squalio-4437064927,Cybersecurity Consultant,,scraped,2026-07-08T19:01:33.039441,
8219ba4985aee4c3,https://lv.linkedin.com/jobs/view/mai%C5%86as-vec%C4%81kais-%C4%81-saimniec%C4%ABbas-noda%C4%BC%C4%81-at-radisson-hotel-group-4438186835,Maiņas vecākais/-ā saimniecības nodaļā,Radisson Hotel Group,posted,2026-07-08T19:01:52.993540,354
1617870b5cf01961,https://lv.linkedin.com/jobs/view/project-change-manager-at-roche-4438247746,Project Change Manager,,scraped,2026-07-08T19:02:01.851924,
b5f52f07e518323b,https://lv.linkedin.com/jobs/view/head-of-payments-products-at-swedbank-latvija-4433194373,Head of Payments Products,,scraped,2026-07-08T19:02:09.188321,
a30d87c47747f160,https://lv.linkedin.com/jobs/view/accountant-at-circle-k-4417172692,Accountant,,scraped,2026-07-08T19:02:19.714913,
7ba7066736691afe,https://lv.linkedin.com/jobs/view/purchase-specialist-with-chinese-at-kronospan-4429304216,Purchase Specialist with Chinese,,scraped,2026-07-08T19:02:35.883644,
1db58e366d4e3a46,https://lv.linkedin.com/jobs/view/danish-speaking-customer-representative-work-and-live-in-greece-at-mercier-consultancy-md-4438199173,Danish Speaking Customer Representative | Work and Live in Greece,Mercier Consultancy MD,posted,2026-07-08T19:02:57.751669,356
afd5aad1a21ed336,https://lv.linkedin.com/jobs/view/lifecycle-strategist-at-fyul-4410731348,Lifecycle Strategist,FYUL,posted,2026-07-08T19:03:13.870968,358
915b00d536ed7e97,https://lv.linkedin.com/jobs/view/veeva-vault-consultant-%E2%80%93-rim-qms-f-m-x-at-sii-poland-4432795161,Veeva Vault Consultant – RIM/QMS (f/m/x),,scraped,2026-07-08T19:03:24.582166,
8f80105158bbba55,https://lv.linkedin.com/jobs/view/python-developer-middle-senior-at-syntx-ai-4434826438,Python Developer (Middle/Senior),SYNTX AI,posted,2026-07-08T19:03:41.928265,360
9848d556719c6a91,https://lv.linkedin.com/jobs/view/m%C4%81rketinga-projektu-vad%C4%ABt%C4%81js-a-producents-e-at-bda-baltijas-datoru-akad%C4%93mija-4434871521,"Mārketinga projektu vadītājs/-a, producents/-e",,scraped,2026-07-08T19:03:48.597115,
9a522cab78b90f35,https://lv.linkedin.com/jobs/view/dutch-speaking-agent-for-hospitality-sector-relocation-to-greece-at-rdn-cons-4437843699,Dutch-Speaking Agent for Hospitality Sector -Relocation to Greece,RDN CONS,posted,2026-07-08T19:04:09.863747,326
d1de82401adf9301,https://lv.linkedin.com/jobs/view/dutch-speaking-agent-for-hospitality-sector-relocation-to-greece-at-rdn-cons-4437835857,Dutch-Speaking Agent for Hospitality Sector -Relocation to Greece,RDN CONS,scraped,2026-07-08T19:04:15.273724,
ae04feca77aa93ac,https://lv.linkedin.com/jobs/view/german-speaking-service-desk-specialist-at-arvato-systems-4434842086,German Speaking Service Desk Specialist,,scraped,2026-07-08T19:04:31.961131,
f7978cc27ab0fa86,https://lv.linkedin.com/jobs/view/senior-software-engineer-frontend-consumer-at-kraken-4437052821,Senior Software Engineer - Frontend - Consumer,Kraken,posted,2026-07-08T19:05:07.436785,362
b67652e36220ff7a,https://lv.linkedin.com/jobs/view/senior-business-analyst-cash-management-department-at-luminor-group-4436763539,Senior Business Analyst (Cash Management Department),Luminor Group,posted,2026-07-08T19:05:37.094476,364
b959d427dce81535,https://lv.linkedin.com/jobs/view/auditors-e-audita-noda%C4%BC%C4%81-at-pwc-latvija-4388228838,Auditors/-e Audita nodaļā,PwC Latvija,posted,2026-07-08T19:05:57.153090,366
13a96c293a5f0f82,https://lv.linkedin.com/jobs/view/country-product-manager-at-asus-4437060607,Country Product Manager,,scraped,2026-07-08T23:46:01.860115,
ec1a06bcc5801a1e,https://lv.linkedin.com/jobs/view/freight-forwarder-at-delamode-latvia-4434824657,Freight Forwarder,,scraped,2026-07-08T23:46:24.496703,
02bb951069ab5142,https://lv.linkedin.com/jobs/view/information-technology-specialist-at-sharp-brains-4434817931,Information Technology Specialist,,scraped,2026-07-08T23:46:55.055001,
6f39438e17c4452c,https://lv.linkedin.com/jobs/view/kyc-specialist-at-evotym-4436235844,KYC Specialist,,scraped,2026-07-08T23:47:09.414491,
9ceea447735c6f5a,https://lv.linkedin.com/jobs/view/b2b-startup-cofounder-marketing-at-startup-wise-guys-4433175938,B2B Startup Cofounder (Marketing),,scraped,2026-07-08T23:47:16.303239,
90f50b410df1f8b2,https://lv.linkedin.com/jobs/view/gameplay-engineer-at-devoted-studios-4437740710,Gameplay Engineer,Devoted Studios,posted,2026-07-08T23:47:34.215002,368
3aa89bcd637c0850,https://lv.linkedin.com/jobs/view/kyc-specialist-at-evotym-4436234897,KYC Specialist,,scraped,2026-07-08T23:47:36.898368,
7642a495bf710a44,https://lv.linkedin.com/jobs/view/desktop-support-technician-at-sharp-brains-4434820618,Desktop Support Technician,,scraped,2026-07-08T23:47:45.360526,
2198db88f0834257,https://lv.linkedin.com/jobs/view/head-of-user-acquisition-at-ruby-labs-4437454493,Head of User Acquisition,Ruby Labs,posted,2026-07-08T23:48:10.692781,370
1b21f6fa22c1c118,https://lv.linkedin.com/jobs/view/norwegian-speaking-digital-trust-and-safety-specialist-work-in-sofia-bulgaria-at-mercier-consultancy-md-4437145259,"Norwegian Speaking Digital Trust and Safety Specialist - Work In Sofia, Bulgaria",Mercier Consultancy MD,posted,2026-07-08T23:48:57.105961,372
60caa329e89843a6,https://lv.linkedin.com/jobs/view/deputy-head-of-fincrime-operations-at-evotym-4436842611,Deputy Head of Fincrime Operations,,scraped,2026-07-08T23:49:13.808101,
bddcbe1553b6c3ce,https://lv.linkedin.com/jobs/view/sales-director-at-adform-4432767231,Sales Director,,scraped,2026-07-08T23:49:26.446305,
a86a9fb66e08a8df,https://lv.linkedin.com/jobs/view/consumer-experience-programs-lead-at-philip-morris-international-4438229786,Consumer Experience Programs Lead,,scraped,2026-07-08T23:49:35.585864,
5c225a4a6d457c29,https://lv.linkedin.com/jobs/view/ai-automation-specialist-claude-accounting-workflows-at-bamboo-works-4437139796,AI Automation Specialist (Claude & Accounting Workflows),,scraped,2026-07-08T23:49:54.528446,
f8d33a67914227bb,https://lv.linkedin.com/jobs/view/dutch-speaking-agent-for-hospitality-sector-relocation-to-greece-at-rdn-cons-4437846374,Dutch-Speaking Agent for Hospitality Sector -Relocation to Greece,RDN CONS,posted,2026-07-08T23:51:01.849920,326
ca7b32c4f57fd1a5,https://lv.linkedin.com/jobs/view/p%C4%81rdo%C5%A1anas-vad%C4%ABt%C4%81js-a-met%C4%81lapstr%C4%81des-jom%C4%81-at-sia-tehserviss-4434503542,Pārdošanas vadītājs/-a metālapstrādes jomā,,scraped,2026-07-08T23:51:08.491939,
f669fe8b6c2ba3af,https://lv.linkedin.com/jobs/view/senior-data-engineer-redshift-at-welltech-4438244021,Senior Data Engineer (Redshift),,scraped,2026-07-08T23:51:20.134227,
1abecbb50a2d05a7,https://lv.linkedin.com/jobs/view/dutch-speaking-customer-experts-for-dyson-work-remote-in-greece-at-mercier-consultancy-md-4437761439,Dutch speaking Customer Experts for Dyson - Work Remote In Greece,Mercier Consultancy MD,posted,2026-07-08T23:51:34.449955,374
f52db0e246d8fdac,https://lv.linkedin.com/jobs/view/lead-ios-engineer-at-ruby-labs-4437871313,Lead IOS Engineer,Ruby Labs,posted,2026-07-08T23:51:48.839812,376
9f159f1d7604869e,https://lv.linkedin.com/jobs/view/senior-creative-producer-at-welltech-4436732872,Senior Creative Producer,,scraped,2026-07-08T23:51:51.567645,
d7e604074aa3ede8,https://lv.linkedin.com/jobs/view/embedded-system-engineer-at-strativ-group-4438247037,Embedded System Engineer,,scraped,2026-07-08T23:52:04.022180,
486811e79a750bd2,https://lv.linkedin.com/jobs/view/international-brand-development-partner-4434811999,International Brand Development Partner,JT FORMULA,posted,2026-07-08T23:52:21.457321,378
f5bbd4caeab24d3e,https://lv.linkedin.com/jobs/view/cleaner-at-avanta-care-home-health-4438198311,Cleaner,Avanta Care Home Health,posted,2026-07-08T23:52:28.366481,200
ef28128a100c4f63,https://lv.linkedin.com/jobs/view/junior-technical-consultant-ncu-at-whalebone-4438195838,Junior Technical Consultant | NCU,,scraped,2026-07-08T23:52:31.145661,
42321c48e9771ee4,https://lv.linkedin.com/jobs/view/danish-customer-service-agent-entry-level-at-rdn-cons-4436190109,Danish Customer Service Agent (Entry Level),RDN CONS,posted,2026-07-08T23:52:43.535558,336
1b8635b7f27367b2,https://lv.linkedin.com/jobs/view/p%C4%81rdev%C4%93js-kasieris-jysk-veikal%C4%81-slokas-iel%C4%81-115-pusslodzes-darbs-at-jysk-baltics-4438254871,Pārdevējs - kasieris JYSK veikalā Slokas ielā 115 (pusslodzes darbs),JYSK Baltics,posted,2026-07-08T23:53:32.004572,380
8d175456674bf463,https://lv.linkedin.com/jobs/view/p%C4%81rdev%C4%93js-kasieris-jysk-veikal%C4%81-vien%C4%ABbas-gatv%C4%93-103-pusslodzes-darbs-at-jysk-baltics-4438189819,Pārdevējs - kasieris JYSK veikalā Vienības gatvē 103 (pusslodzes darbs),JYSK Baltics,posted,2026-07-08T23:53:45.688028,382
bdc3a221a5cfe869,https://lv.linkedin.com/jobs/view/senior-analyst-associate-manager-marketing-strategy-bangkok-based-relocation-provided-at-agoda-4410550194,"Senior Analyst/ Associate Manager, Marketing Strategy (Bangkok based/ Relocation provided)",Agoda,posted,2026-07-08T23:54:19.750786,384
33f1b5ce8a1f2464,https://lv.linkedin.com/jobs/view/financial-controller-at-redwire-4437191896,Financial Controller,Redwire,posted,2026-07-09T11:26:06.189494,386
66d1fbcf5583b6fa,https://lv.linkedin.com/jobs/view/claims-processing-agent-freelance-ai-trainer-at-mindrift-4438196875,Claims Processing Agent - Freelance AI Trainer,Mindrift,posted,2026-07-09T11:26:21.268031,272
a23e7f90efd46160,https://lv.linkedin.com/jobs/view/csir-cdri-jobs-check-posts-qualification-salary-and-how-to-apply-at-the-kashmir-monitor-4435438992,"CSIR CDRI Jobs:  Check posts, qualification, salary, and how to apply",,scraped,2026-07-09T11:26:27.882106,
dc91a46b5cb61a70,https://lv.linkedin.com/jobs/view/information-systems-security-coordinator-at-28stone-4438629237,Information Systems Security Coordinator,28Stone,posted,2026-07-09T11:26:45.789333,388
15cff18c7dc2ad31,https://lv.linkedin.com/jobs/view/head-of-tax-at-the-customization-group-4437065736,Head of Tax,,scraped,2026-07-09T11:26:48.583812,
66b1bfcc118f7973,https://lv.linkedin.com/jobs/view/p%C4%81rdev%C4%93js-pre%C4%8Du-pie%C5%86%C4%93m%C4%93js-jysk-veikal%C4%81-slokas-iel%C4%81-115-at-jysk-baltics-4438625174,Pārdevējs - preču pieņēmējs JYSK veikalā Slokas ielā 115,JYSK Baltics,posted,2026-07-09T11:27:09.582760,390
cfe3bee97e412abc,https://lv.linkedin.com/jobs/view/front-desk-receptionist-4434514853,Front Desk Receptionist,FOROMS SIA,posted,2026-07-09T11:27:33.756017,392
efdf2be54b13bf3d,https://lv.linkedin.com/jobs/view/sales-specialist-at-delamode-latvia-4435640803,Sales Specialist,,scraped,2026-07-09T11:27:44.446261,
83b1b8f6d7cb0833,https://lv.linkedin.com/jobs/view/kreditoru-gr%C4%81matvedis-e-at-bonava-4434852716,Kreditoru grāmatvedis/-e,,scraped,2026-07-09T11:27:58.194461,
86df8699bba9163c,https://lv.linkedin.com/jobs/view/servisa-projektu-vad%C4%ABt%C4%81js-a-at-caljan-4437301251,SERVISA PROJEKTU VADĪTĀJS/-A,,scraped,2026-07-09T11:28:05.107894,
bd36efea2142e63d,https://lv.linkedin.com/jobs/view/klientu-atbalsta-speci%C4%81lists-e-at-inbank-4435658053,Klientu atbalsta speciālists/-e,,scraped,2026-07-09T11:28:42.129679,
0ba2f556fb72b3ba,https://lv.linkedin.com/jobs/view/latvian-prompt-creation-expert-at-welo-data-4435465128,Latvian Prompt Creation Expert,Welo Data,posted,2026-07-09T11:29:17.399887,394
8bcc5fd7c7d05951,https://lv.linkedin.com/jobs/view/p%C4%81rdev%C4%93js-a-circle-k-j%C5%ABrmala-dubultu-prospekts-42a-j%C5%ABrmala-at-circle-k-4437013214,"Pārdevējs/-a Circle K Jūrmala (Dubultu prospekts 42a, Jūrmala)",,scraped,2026-07-09T11:29:42.102029,
25eb5f83853f26f7,https://lv.linkedin.com/jobs/view/talent-acquisition-manager-at-rs-4428745362,Talent Acquisition Manager,,scraped,2026-07-09T11:29:50.689630,
f23ec7e895933f87,https://lv.linkedin.com/jobs/view/geo-and-aeo-optimization-specialist-at-ultahost-4437332214,GEO and AEO Optimization Specialist,UltaHost,posted,2026-07-09T11:30:09.601190,396
d2a6f99717ee5220,https://lv.linkedin.com/jobs/view/iot-technical-support-specialist-at-tele2-4438266011,IoT Technical Support Specialist,,scraped,2026-07-09T11:30:20.237256,
37d94411fdec97e9,https://lv.linkedin.com/jobs/view/sales-engineer-business-development-manager-at-abb-4438594463,Sales Engineer/Business Development Manager,,scraped,2026-07-09T11:30:44.005845,
dd400545fbc1c19c,https://lv.linkedin.com/jobs/view/senior-risk-officer-in-enterprise-risk-vec%C4%81kais-%C4%81-risku-vad%C4%ABbas-eksperts-e-seb-riga-at-seb-latvija-4438214524,"Senior Risk Officer in Enterprise Risk / Vecākais/-ā risku vadības eksperts/-e | SEB, Riga",,scraped,2026-07-09T11:30:59.701121,
8a94b160e41724fa,https://lv.linkedin.com/jobs/view/mekl%C4%93jam-apsargu-m%C4%81rup%C4%93-at-g4s-4437720484,Meklējam apsargu Mārupē,G4S,posted,2026-07-09T11:31:24.136196,398
b25a915ad44778e4,https://lv.linkedin.com/jobs/view/marketing-specialist-at-latvian-american-eye-center-4435666360,Marketing Specialist,,scraped,2026-07-09T11:31:30.791852,
713f3a1e15909f6e,https://lv.linkedin.com/jobs/view/cost-estimator-at-budimex-4434865348,Cost Estimator,Budimex,posted,2026-07-09T11:32:49.590258,400
c19fc08f2a72cda5,https://lv.linkedin.com/jobs/view/marketing-manager-maternity-cover-dtc-e-commerce-100%25-remote-eu-at-foxelli-group-4438592648,Marketing Manager  (maternity cover)| DTC E-commerce | 100% Remote EU,,scraped,2026-07-09T11:33:08.320202,
6bb7da415e096584,https://lv.linkedin.com/jobs/view/desktop-support-specialist-at-sharp-brains-4434821446,Desktop Support Specialist,,scraped,2026-07-09T11:33:14.640978,
c120d1e39478db41,https://lv.linkedin.com/jobs/view/analyst-senior-analyst-associate-manager-marketing-analytics-bangkok-based-relocation-provided-at-agoda-4410547379,"Analyst/Senior Analyst/Associate Manager, Marketing Analytics (Bangkok Based, relocation provided)",Agoda,posted,2026-07-09T11:33:34.722682,402
7182fae74b0dc86d,https://lv.linkedin.com/jobs/view/latvian-quality-assurance-lead-qal-at-sme-careers-4428804860,Latvian Quality Assurance Lead (QAL),SME Careers,posted,2026-07-09T11:33:42.966467,404
6f5a6d50f14d9293,https://lv.linkedin.com/jobs/view/senior-software-developer-lva-at-intrum-4433191265,"Senior Software Developer, Lva",,scraped,2026-07-09T11:33:47.638092,
87f69bf4e856122a,https://lv.linkedin.com/jobs/view/senior-java-developer-with-focus-on-cloud-at-swisscom-devops-center-riga-4433150963,Senior Java Developer (with focus on Cloud),,scraped,2026-07-09T11:33:55.918425,
77711fcd23dab858,https://lv.linkedin.com/jobs/view/product-lead-at-coinpayments-4437314021,Product Lead,,scraped,2026-07-09T11:34:03.365997,
de53bdd10f00e17d,https://lv.linkedin.com/jobs/view/lead-platform-security-engineer-at-epam-systems-4434827843,Lead Platform Security Engineer,EPAM Systems,posted,2026-07-09T11:34:16.404839,406
34811340891a95e1,https://lv.linkedin.com/jobs/view/software-engineer-to-credit-decisions-team-at-swedbank-latvija-4427354729,Software Engineer to Credit Decisions team,,scraped,2026-07-09T11:34:23.127060,
de8e32320b2d7606,https://lv.linkedin.com/jobs/view/senior-ui-ux-designer-at-arrise-4325299380,Senior UI/UX Designer,,scraped,2026-07-09T11:34:33.782879,
eb55103383245850,https://lv.linkedin.com/jobs/view/senior-business-analyst-with-hands-on-ai-expertise-at-epam-systems-4302992529,Senior Business Analyst with hands-on AI expertise,EPAM Systems,posted,2026-07-09T11:34:48.830771,408
31c87be742b589f7,https://lv.linkedin.com/jobs/view/p%C4%81rdev%C4%93js-pre%C4%8Du-pie%C5%86%C4%93m%C4%93js-jysk-veikal%C4%81-slokas-iel%C4%81-115-pusslodzes-darbs-at-jysk-baltics-4438621266,Pārdevējs - preču pieņēmējs JYSK veikalā Slokas ielā 115 (pusslodzes darbs),JYSK Baltics,posted,2026-07-09T11:35:02.424161,410
b32661d1a16a54f6,https://lv.linkedin.com/jobs/view/senior-security-test-software-engineer-at-epam-systems-4435652915,Senior Security & Test Software Engineer,EPAM Systems,posted,2026-07-09T11:35:13.371072,412
d400a9625e35d87e,https://lv.linkedin.com/jobs/view/lead-net-software-engineer-with-aws-eks-at-epam-systems-4377736646,Lead .NET Software Engineer with AWS EKS,EPAM Systems,posted,2026-07-09T11:35:28.421236,414
ce7588a599d79e8b,https://lv.linkedin.com/jobs/view/deputy-head-of-fincrime-operations-at-evotym-4436830976,Deputy Head of Fincrime Operations,,scraped,2026-07-09T11:35:33.093500,
1bb5417685e1bcd3,https://lv.linkedin.com/jobs/view/automazg%C4%81t%C4%81js%0A-%0A%0A-%0Aserviss%0A%0A-%C2%B7%0A%0A-p%C4%93rnciems-at-moller-auto-baltic-4438592560,"Automazgātājs
    

    
Serviss

  ·

    Pērnciems",,scraped,2026-07-09T18:29:04.196735,
6f078cc61356542b,https://lv.linkedin.com/jobs/view/vizu%C4%81lais-dekorators-r%C4%ABga-plaza-pilna-slodze-at-h-m-4438627095,"Vizuālais Dekorators, Rīga Plaza (pilna slodze)",H&M,posted,2026-07-09T18:29:22.259859,416
99aaf9ff2143b606,https://lv.linkedin.com/jobs/view/job-ad-name-at-kesko-senukai-digital-e-commerce-4438275176,Job ad name,Kesko Senukai Digital (e-commerce),posted,2026-07-09T18:29:36.681913,418
8e5ecf98506ad39e,https://lv.linkedin.com/jobs/view/delivery-planner-at-rs-4437376552,Delivery Planner,,scraped,2026-07-09T18:29:39.351995,
1b3fe7d4cfd4fd78,https://lv.linkedin.com/jobs/view/grafiskais-dizainers-e-graphic-designer-at-evolution-4435680180,Grafiskais dizainers(-e)/ Graphic Designer,,scraped,2026-07-09T18:29:53.826087,
fe2f4a57889a4395,https://lv.linkedin.com/jobs/view/back-office-support-team-lead-customer-operations-at-inbank-4435649288,Back Office Support Team Lead (Customer Operations),,scraped,2026-07-09T18:30:07.051277,
7636e27a8551f944,https://lv.linkedin.com/jobs/view/ra%C5%BEo%C5%A1anas-tehnologu-at-kinetics-modern-nail-brand-4438648505,Ražošanas tehnologu,Kinetics. Modern nail brand,posted,2026-07-09T18:30:33.050196,420
bee9d0dcfdbce507,https://lv.linkedin.com/jobs/view/account-manager-turkish-speaker-at-scrambly-4435903236,Account Manager - Turkish speaker,,scraped,2026-07-09T18:30:53.680590,
2bc3d2cb95d3c0b6,https://lv.linkedin.com/jobs/view/global-hse-director-riga-latvia-based-position-at-aerones-4437566379,"Global HSE Director (Riga, Latvia based position)",,scraped,2026-07-09T18:31:00.108423,
4fd2ad3285a2b068,https://lv.linkedin.com/jobs/view/desktop-support-engineer-at-tech-zone-llc-4434566886,Desktop Support Engineer,Tech Zone LLC,posted,2026-07-09T18:31:17.916841,298
b32bf863fcaf8d47,https://lv.linkedin.com/jobs/view/product-marketing-manager-igaming-asia-specialist-at-diamante-tech-4438603496,Product Marketing Manager (iGaming / Asia Specialist),Diamante Tech,posted,2026-07-09T18:31:33.573758,422
559c90619f60dd4a,https://lv.linkedin.com/jobs/view/project-sales-specialist-at-social-tech-4435618999,Project Sales Specialist,,scraped,2026-07-09T18:31:36.298722,
7494ac2291972d3d,https://lv.linkedin.com/jobs/view/abuse-and-compliance-manager-at-ultahost-4437316957,Abuse and Compliance Manager,UltaHost,posted,2026-07-09T18:31:53.803123,424
2fa2977d74485451,https://lv.linkedin.com/jobs/view/ra%C5%BEo%C5%A1anas-tehnologu-at-kinetics-modern-nail-brand-4438646575,Ražošanas tehnologu,Kinetics. Modern nail brand,posted,2026-07-09T18:32:17.689075,426
06accba11ba43bfe,https://lv.linkedin.com/jobs/view/automeh%C4%81ni%C4%B7is-e%0A-%0A%0A-%0Aserviss%0A%0A-%C2%B7%0A%0A-moller-auto-lidosta-volkswagen-moller-auto-krasta-volkswagen-moller-auto-r%C4%ABga-audi-at-moller-auto-baltic-4438599339,"Automehāniķis/-e
    

    
Serviss

  ·

    Moller Auto Lidosta, Volkswagen, Moller Auto Krasta, Volkswagen, Moller Auto Rīga, Audi",,scraped,2026-07-09T18:32:28.258788,
1c7ae049bcd0b4e2,https://lv.linkedin.com/jobs/view/head-of-accounting-at-the-customization-group-4437066669,Head of Accounting,,scraped,2026-07-09T18:32:41.315345,
e54379bc26dfa3dc,https://lv.linkedin.com/jobs/view/python-developer-at-betby-4435671525,Python Developer,,scraped,2026-07-09T18:32:49.812917,
69f8dd11652b9a69,https://lv.linkedin.com/jobs/view/klientu-apkalpo%C5%A1anas-un-kredit%C4%93%C5%A1anas-speci%C4%81lists-4435663820,Klientu apkalpošanas un kreditēšanas speciālists,NORD Credits,posted,2026-07-09T18:33:16.114297,428
8fbbc00070373c83,https://lv.linkedin.com/jobs/view/manual-packing-operator-tieto-banktech-m-f-d-at-tieto-4430457770,"Manual Packing operator, Tieto Banktech (m/f/d)",Tieto,posted,2026-07-09T18:33:34.942454,430
8c85e8a0755f5c1d,https://lv.linkedin.com/jobs/view/product-manager-it-components-at-asbis-baltics-4426365146,Product Manager - IT Components,,scraped,2026-07-09T18:33:41.669422,
3b80cc226ceae180,https://lv.linkedin.com/jobs/view/real-estate-agent-at-pilat-nekustamie-%C4%ABpa%C5%A1umi-4435667554,Real Estate Agent,,scraped,2026-07-09T18:33:49.668284,
bee68389a2a0f685,https://lv.linkedin.com/jobs/view/it-business-analyst-at-accenture-baltics-4437572663,IT Business Analyst,Accenture Baltics,posted,2026-07-09T18:34:16.740804,432
f897131e3157b2fc,https://lv.linkedin.com/jobs/view/procesu-vad%C4%ABt%C4%81js-uz-noteiktu-laiku-l%C4%ABdz-%7E1-5-gadiem-at-tele2-latvia-4437557619,"Procesu vadītājs (uz noteiktu laiku līdz ~1,5 gadiem)",,scraped,2026-07-09T18:34:37.367846,
e46206238928a170,https://lv.linkedin.com/jobs/view/chief-accountant-for-intercompany-team-at-circle-k-4426935783,Chief Accountant for Intercompany team,,scraped,2026-07-09T18:34:47.185315,
40717977d4d98eb9,https://lv.linkedin.com/jobs/view/aws-engineer-at-luminor-group-4438619404,AWS Engineer,Luminor Group,posted,2026-07-09T18:35:15.307771,434
078bdac128e54c3a,https://lv.linkedin.com/jobs/view/gnc-engineer-px4-configuration-at-redwire-4436939877,GNC Engineer-PX4 Configuration,Redwire,posted,2026-07-09T18:35:47.893938,436
86284bc58167a489,https://lv.linkedin.com/jobs/view/sales-manager-at-fixparts-online-4434523747,Sales Manager,,scraped,2026-07-09T18:35:50.631739,
b143ea31b485bfd9,https://lv.linkedin.com/jobs/view/sous-chef-with-experience-in-turkish-cuisine-at-baltic-beach-hotel-spa-4435653887,SOUS-CHEF with experience in Turkish Cuisine,,scraped,2026-07-09T18:36:17.862413,
9b31bd2a0859c9a0,https://lv.linkedin.com/jobs/view/desktop-support-specialist-at-sharp-brains-solutions-4435689156,Desktop Support Specialist,,scraped,2026-07-09T18:36:33.311190,
a406f4939d8d60ca,https://lv.linkedin.com/jobs/view/p%C4%81rdev%C4%93js-ned%C4%93%C4%BCas-nogal%C4%93s-jysk-veikal%C4%81-slokas-iel%C4%81-115-s-5h-sv-5h-at-jysk-baltics-4438625169,"Pārdevējs nedēļas nogalēs JYSK veikalā Slokas ielā 115 (S-5h, SV-5h)",JYSK Baltics,posted,2026-07-09T18:36:59.898190,438
6bb64105b8df5c24,https://lv.linkedin.com/jobs/view/senior-consultant-in-audit-at-ey-4385033888,Senior Consultant in Audit,EY,posted,2026-07-09T18:37:14.601236,440
3b3a8b1a229b41ab,https://lv.linkedin.com/jobs/view/nodalas-vad%C4%ABt%C4%81js-a-t-c-alfa-h-m-r%C4%ABga-pilna-slodze-at-h-m-4420274999,"Nodalas Vadītājs (-a) T/C Alfa H&M, Rīga (pilna slodze)",H&M,posted,2026-07-09T18:37:52.731420,442
ba0ddb24b9b9426c,https://lv.linkedin.com/jobs/view/functional-consultant-oracle-ebs-m-f-d-at-tieto-4430460695,"Functional consultant, Oracle EBS (m/f/d)",Tieto,posted,2026-07-09T18:38:17.316173,444
372eae2b6ef1b9e5,https://lv.linkedin.com/jobs/view/senior-sap-fica-consultant-at-epam-systems-4399513754,Senior SAP FICA Consultant,EPAM Systems,posted,2026-07-09T18:38:35.339109,446
c13f47131b4891c7,https://lv.linkedin.com/jobs/view/finnish-speaking-customer-support-consultant-tieto-banktech-m-f-d-at-tieto-4430463640,Finnish speaking Customer Support Consultant - Tieto Banktech (m/f/d),Tieto,posted,2026-07-09T18:38:57.777692,448
5a37292d014187d9,https://lv.linkedin.com/jobs/view/research-communications-specialist-at-intetics-4438638130,Research & Communications Specialist,Intetics,posted,2026-07-09T23:55:18.506847,450
10167dd5deb85d14,https://lv.linkedin.com/jobs/view/sales-support-executive-baltics-at-mars-4417883683,Sales Support Executive Baltics,Mars,posted,2026-07-09T23:56:02.390959,452
41cc131e3fd8c99c,https://lv.linkedin.com/jobs/view/ai-native-technical-product-manager-at-aerones-4437359835,AI Native Technical Product Manager,,scraped,2026-07-09T23:56:31.056351,
0c39c2497fbac6e0,https://lv.linkedin.com/jobs/view/%D0%BC%D0%B5%D0%BD%D0%B5%D0%B4%D0%B6%D0%B5%D1%80-%D0%BF%D0%BE-%D0%BF%D1%80%D0%BE%D0%B4%D0%B0%D0%B6%D0%B0%D0%BC-at-aldens-holding-ltd-4426492845,Менеджер по продажам,,scraped,2026-07-09T23:56:59.580555,
46da7cd5a7c51890,https://lv.linkedin.com/jobs/view/senior-backend-developer-at-5blue-software-4438642759,Senior Backend Developer,,scraped,2026-07-09T23:57:10.272587,
d1a874a5f153d934,https://lv.linkedin.com/jobs/view/head-of-ai-data-engineering-at-tele2-latvia-4437552952,Head of AI & Data Engineering,,scraped,2026-07-09T23:57:25.178686,
a46c443b9e5a5a2a,https://lv.linkedin.com/jobs/view/travel-consultant-danish-speaking-latvia-remote-onsite-at-lingo-nova-4435790724,Travel Consultant (Danish Speaking) Latvia - REMOTE / Onsite,Lingo-nova,posted,2026-07-09T23:57:51.987722,454
4303425010f8640a,https://lv.linkedin.com/jobs/view/system-analyst-junior-system-analyst-tieto-banktech-m-f-d-at-tieto-4430459825,System Analyst / Junior System Analyst - Tieto Banktech (m/f/d),Tieto,posted,2026-07-09T23:58:48.990682,456
d21d066cb8b697d5,https://lv.linkedin.com/jobs/view/senior-python-data-scraping-engineer-freelance-at-mindrift-4438595654,Senior Python Data Scraping Engineer (Freelance),Mindrift,posted,2026-07-09T23:59:11.431482,314
ab9f4e00b76d3b1b,https://lv.linkedin.com/jobs/view/credit-risk-manager-at-luminor-group-4438665807,Credit Risk Manager,Luminor Group,posted,2026-07-09T23:59:35.047606,458
f1b2e502ae6ecffa,https://lv.linkedin.com/jobs/view/business-development-manager-networking-and-security-at-arrow-electronics-4410563258,Business Development Manager - Networking and Security,Arrow Electronics,posted,2026-07-09T23:59:54.282935,348
5f931fb945d81f7a,https://lv.linkedin.com/jobs/view/card-scheme-manager-at-3s-money-4435647507,Card Scheme Manager,,scraped,2026-07-10T00:00:00.944900,
55e92c8b86f2c69c,https://lv.linkedin.com/jobs/view/system-analyst-administrator-cards-team-at-luminor-group-4438662966,System Analyst / Administrator (Cards Team),Luminor Group,posted,2026-07-10T00:00:56.642340,460
98151843fa9f280c,https://lv.linkedin.com/jobs/view/desktop-support-specialist-at-sharp-brains-solutions-4435676585,Desktop Support Specialist,,scraped,2026-07-10T00:01:33.072237,
b3a22d3875a19255,https://lv.linkedin.com/jobs/view/met%C4%81la-sl%C4%ABp%C4%93t%C4%81js-a-t%C4%ABr%C4%ABt%C4%81js-a-at-rk-metals-4435955597,Metāla slīpētājs/-a // tīrītājs/-a,,scraped,2026-07-10T11:25:07.570149,
fc7b362a68beaa60,https://lv.linkedin.com/jobs/view/head-of-assets-technology-disputes-legal-department-relocation-to-cyprus-at-freedom24-4438602111,"Head of Assets, Technology & Disputes Legal Department (Relocation to Cyprus)",,scraped,2026-07-10T11:25:32.275688,
b14788fd6cd17904,https://lv.linkedin.com/jobs/view/soc-analyst-at-arvato-systems-4435962339,SOC Analyst,,scraped,2026-07-10T11:25:38.931266,
b03cc982573cf74f,https://lv.linkedin.com/jobs/view/merchant-underwriter-riga-at-vialet-4437556107,Merchant Underwriter (Riga),,scraped,2026-07-10T11:25:51.445541,
d717f2a343c0ef4a,https://lv.linkedin.com/jobs/view/elektroiekr%C4%81v%C4%93ja-vad%C4%ABt%C4%81js-a-at-kesko-senukai-digital-e-commerce-4439050205,Elektroiekrāvēja vadītājs/-a,Kesko Senukai Digital (e-commerce),posted,2026-07-10T11:26:14.043258,462
cb2c6dc5a3e5e73d,https://lv.linkedin.com/jobs/view/compliance-analyst-freelance-ai-trainer-at-mindrift-4438595586,Compliance Analyst - Freelance AI Trainer,Mindrift,posted,2026-07-10T11:26:47.192511,270
fd674018b2740ce3,https://lv.linkedin.com/jobs/view/metin%C4%81t%C4%81js-a-at-rk-metals-4435944719,Metinātājs/-a,,scraped,2026-07-10T11:27:01.818050,
8290902f224ca7b9,https://lv.linkedin.com/jobs/view/desktop-support-specialist-at-sharp-brains-solutions-4435690028,Desktop Support Specialist,,scraped,2026-07-10T11:27:08.354978,
4c38013beb906fbd,https://lv.linkedin.com/jobs/view/infekciju-kontroles-m%C4%81sa-infekciju-slim%C4%ABbu-un-hospit%C4%81l%C4%81s-epidemiolo%C4%A3ijas-konsultat%C4%ABvaj%C4%81-dienest%C4%81-ishekd-at-paula-stradi%C5%86a-kl%C4%ABnisk%C4%81-universit%C4%81tes-slimn%C4%ABca-4437975034,INFEKCIJU KONTROLES MĀSA Infekciju slimību un hospitālās epidemioloģijas konsultatīvajā dienestā (ISHEKD),,scraped,2026-07-10T11:27:51.368643,
125f3fbe1e83a1ca,https://lv.linkedin.com/jobs/view/copywriter-meta-ads-webinar-funnels-at-recodemand-corp-4437940342,Copywriter - Meta Ads & Webinar Funnels,,scraped,2026-07-10T11:28:06.230018,
5e4907df9644c637,https://lv.linkedin.com/jobs/view/cnc-fr%C4%93z%C4%93%C5%A1anas-operators-e-at-rk-metals-4435945709,CNC frēzēšanas operators/-e,,scraped,2026-07-10T11:28:28.551105,
93f245506498dd7b,https://lv.linkedin.com/jobs/view/business-controller-at-brink%E2%80%99s-inc-4438668586,Business Controller,Brink’s Inc,posted,2026-07-10T11:28:54.218522,464
bc37cec4045fd04d,https://lv.linkedin.com/jobs/view/information-technology-service-management-itsm-process-manager-%E2%80%93-change-configuration-management-at-smartposti-4437950251,Information Technology Service Management (ITSM) Process Manager – Change & Configuration Management,,scraped,2026-07-10T11:29:20.888963,
55552d0c87f8d4fa,https://lv.linkedin.com/jobs/view/sales-engineer-business-development-manager-at-abb-4439014433,Sales Engineer/Business Development Manager,,scraped,2026-07-10T11:29:33.906582,
4df10ba3b50c8c7b,https://lv.linkedin.com/jobs/view/content-marketing-specialist-dach-at-fyul-4430707099,Content Marketing Specialist DACH,FYUL,posted,2026-07-10T11:29:50.524900,466
66d6451c316e53b2,https://lv.linkedin.com/jobs/view/business-development-manager-networking-and-security-at-arrow-electronics-4409942587,Business Development Manager - Networking and Security,Arrow Electronics,posted,2026-07-10T11:30:21.377480,348
7a45d610b574e4b0,https://lv.linkedin.com/jobs/view/automeh%C4%81ni%C4%B7is-at-scania-latvia-4429790825,Automehāniķis,,scraped,2026-07-10T11:30:27.973311,
e88193ae9246ffdf,https://lv.linkedin.com/jobs/view/senior-information-technology-consultant-at-pasts-4439038389,Senior Information Technology Consultant,,scraped,2026-07-10T11:30:51.519804,
856b871192cee61a,https://lv.linkedin.com/jobs/view/procesu-vad%C4%ABbas-da%C4%BCas-vad%C4%ABt%C4%81js-a-at-maxima-latvija-4435965263,Procesu vadības daļas vadītājs/a,,scraped,2026-07-10T11:31:25.206483,
74fd143956ff6acb,https://lv.linkedin.com/jobs/view/senior-angular-developer-at-xm-4426079125,Senior Angular Developer,XM,posted,2026-07-10T11:31:47.803549,468
30984c5477d13ac5,https://lv.linkedin.com/jobs/view/site-reliability-engineer-at-epam-systems-4384053653,Site Reliability Engineer,EPAM Systems,posted,2026-07-10T11:32:06.387338,470
eb0a979d2586c564,https://lv.linkedin.com/jobs/view/site-reliability-team-lead-at-epam-systems-4423110401,Site Reliability Team Lead,EPAM Systems,posted,2026-07-10T11:32:25.213448,472
21b4f180c13d7637,https://lv.linkedin.com/jobs/view/senior-analyst-app-marketing-bangkok-based-relocation-provided-at-agoda-4410536965,"Senior Analyst, App Marketing (Bangkok Based, Relocation Provided)",Agoda,posted,2026-07-10T11:32:54.017525,474
e2521be770a3ecd2,https://lv.linkedin.com/jobs/view/danish-speaking-game-presenter-at-playtech-latvia-4388341498,Danish speaking Game presenter,Playtech Latvia,posted,2026-07-10T11:33:12.192314,476
9f8e725736e2f037,https://lv.linkedin.com/jobs/view/spare-parts-interpreter-experienced-at-wagga-trucks-4438307176,Spare Parts Interpreter - Experienced,,scraped,2026-07-10T18:10:33.468506,
fcb90e41d7649ede,https://lv.linkedin.com/jobs/view/information-technology-service-management-itsm-process-manager-%E2%80%93-change-configuration-management-at-posti-messaging-latvia-4435945756,Information Technology Service Management (ITSM) Process Manager – Change & Configuration Management,,scraped,2026-07-10T18:11:01.969213,
8fc1aae62cfe3a0d,https://lv.linkedin.com/jobs/view/manager-study-start-up-at-emerald-clinical-4438324458,"Manager, Study Start Up",,scraped,2026-07-10T18:11:08.209910,
78865301437b6d63,https://lv.linkedin.com/jobs/view/application-specialist-workday-integrations-at-intrum-4434835318,Application Specialist- Workday Integrations,,scraped,2026-07-10T18:11:18.910248,
1e88d4b3cfbb25df,https://lv.linkedin.com/jobs/view/sustainability-specialist-at-danone-4437839787,Sustainability Specialist,,scraped,2026-07-10T18:11:32.777353,
79d45fbadf3fe156,https://lv.linkedin.com/jobs/view/sales-administrator-at-cabot-corporation-4438197432,Sales Administrator,Cabot Corporation,posted,2026-07-10T18:11:59.963210,478
06ab7913065f6801,https://lv.linkedin.com/jobs/view/vado%C5%A1ais-tehni%C4%B7is-at-v%C3%A4rmev%C3%A4rden-ab-4437952819,Vadošais tehniķis,,scraped,2026-07-10T18:12:02.675745,
61def761b821ed20,https://lv.linkedin.com/jobs/view/telep%C4%81rdo%C5%A1anas-speci%C4%81lists-e-darbs-no-jebkura-at-tet-lv-4435939991,Telepārdošanas speciālists/-e (darbs no jebkura...,,scraped,2026-07-10T18:12:10.675702,
86488a1f1e1b8b2f,https://lv.linkedin.com/jobs/view/member-of-the-board-of-advisors-at-westfield-fc-4436063639,Member of the Board of Advisors,,scraped,2026-07-10T18:12:18.318801,
f63b687c102058fb,https://lv.linkedin.com/jobs/view/pieg%C4%81des-procesu-speci%C4%81lists-e-at-rimi-baltic-group-4439064154,Piegādes procesu speciālists/-e,,scraped,2026-07-10T18:12:37.433671,
aabf7ddc3d477b55,https://lv.linkedin.com/jobs/view/key-account-manager-at-iit-distribution-baltics-%F0%9F%87%B1%F0%9F%87%B9-%F0%9F%87%B1%F0%9F%87%BB-%F0%9F%87%AA%F0%9F%87%AA-4436605119,Key Account Manager,iIT Distribution Baltics 🇱🇹 🇱🇻 🇪🇪,posted,2026-07-10T18:12:53.236727,480
8d7ae1e9f33bcabf,https://lv.linkedin.com/jobs/view/quality-engineer-qa-engineer-at-accenture-baltics-4426670455,Quality engineer / QA engineer,Accenture Baltics,posted,2026-07-10T18:13:14.346906,482
26cce2431368c8a7,https://lv.linkedin.com/jobs/view/sales-development-representative-at-fyul-4429795936,Sales Development Representative,FYUL,posted,2026-07-10T18:13:44.846935,484
448c61b4b15bf153,https://lv.linkedin.com/jobs/view/information-technology-service-management-itsm-process-manager-%E2%80%93-incident-request-problem-knowledge-management-at-posti-messaging-latvia-4435951637,"Information Technology Service Management (ITSM) Process Manager – Incident, Request, Problem & Knowledge Management",,scraped,2026-07-10T18:13:51.453751,
51eaaac71f831d32,https://lv.linkedin.com/jobs/view/it-project-manager-at-syntx-ai-4435993733,IT Project manager,SYNTX AI,posted,2026-07-10T18:14:27.241934,486
c9f6f945a46690cd,https://lv.linkedin.com/jobs/view/person%C4%81la-speci%C4%81lists-person%C4%81la-vad%C4%ABbas-da%C4%BC%C4%81-at-paula-stradi%C5%86a-kl%C4%ABnisk%C4%81-universit%C4%81tes-slimn%C4%ABca-4437953762,PERSONĀLA SPECIĀLISTS Personāla vadības daļā,,scraped,2026-07-10T18:14:35.944293,
344234a6b3ae4d58,https://lv.linkedin.com/jobs/view/freelance-social-media-digital-marketing-manager-lithuania-latvia-estonia-all-genders-at-knipex-4437558296,"Freelance Social Media & Digital Marketing Manager Lithuania, Latvia, Estonia (all genders)",,scraped,2026-07-10T18:14:44.344578,
6ad2175f58088194,https://lv.linkedin.com/jobs/view/infrastructure-developer-at-atlas-uas-4436847970,Infrastructure Developer,,scraped,2026-07-10T18:14:50.868644,
db6536d3badeec30,https://lv.linkedin.com/jobs/view/dutch-speaking-front-office-technical-customer-support-relocate-to-bulgaria-at-mercier-consultancy-md-4437832128,Dutch Speaking Front Office Technical Customer Support | Relocate to Bulgaria,Mercier Consultancy MD,posted,2026-07-10T18:15:06.358982,488
8e0b82456477fcf2,https://lv.linkedin.com/jobs/view/kvalit%C4%81tes-in%C5%BEenieris-e-at-rk-metals-4435957529,Kvalitātes inženieris/-e,,scraped,2026-07-10T18:15:10.987136,
a777ec53264fc6b1,https://lv.linkedin.com/jobs/view/test-automation-engineer-at-swisscom-devops-center-riga-4435953550,Test Automation Engineer,,scraped,2026-07-10T18:15:25.523894,
58423c733b723651,https://lv.linkedin.com/jobs/view/hr-people-partner-at-syntx-ai-4435979408,HR People Partner,SYNTX AI,posted,2026-07-10T18:15:56.981465,490
c3ed8512e2e6c739,https://lv.linkedin.com/jobs/view/search-engine-optimization-manager-at-gammaplus-4439080619,Search Engine Optimization Manager,,scraped,2026-07-10T18:16:01.659681,
be249e21cbf0e99d,https://lv.linkedin.com/jobs/view/datu-anal%C4%ABti%C4%B7is-e-at-rimi-baltic-group-4439064155,Datu analītiķis/-e,,scraped,2026-07-10T18:16:10.020910,
a837b355fdcad38f,https://lv.linkedin.com/jobs/view/product-owner-produkta-%C4%ABpa%C5%A1nieks-ce-for-tax-compliance-team-at-finance-and-risk-tribe-seb-riga-at-seb-latvija-4438592698,"Product Owner/ Produkta īpašnieks (-ce) for Tax Compliance team at Finance and Risk Tribe | SEB, Riga",,scraped,2026-07-10T18:16:23.021119,
6f64a926c591c60d,https://lv.linkedin.com/jobs/view/billing-support-specialist-cash-subcustody-team-r%C4%93%C4%B7inu-apstr%C4%81des-speci%C4%81lists-e-seb-riga-at-seb-latvija-4429015515,"Billing Support Specialist- Cash & SubCustody team/ Rēķinu apstrādes speciālists/-e | SEB, Riga",,scraped,2026-07-10T18:16:32.690800,
89332ba18c44684a,https://lv.linkedin.com/jobs/view/tele2-p%C4%81rdo%C5%A1anas-speci%C4%81lists-t-c-spice-pieteik%C5%A1an%C4%81s-l%C4%ABdz-20-07-2026-at-tele2-latvia-4436274101,"Tele2 Pārdošanas speciālists t/c Spice, pieteikšanās līdz 20.07.2026.",,scraped,2026-07-10T18:16:45.764404,
2c64d4e8bdc7bb6a,https://lv.linkedin.com/jobs/view/aws-in%C5%BEenieris-e-at-luminor-group-4437587700,AWS inženieris/-e,Luminor Group,posted,2026-07-10T18:17:34.048982,492
7ffc9ee8a8a9ace4,https://lv.linkedin.com/jobs/view/business-development-manager-at-iit-distribution-baltics-%F0%9F%87%B1%F0%9F%87%B9-%F0%9F%87%B1%F0%9F%87%BB-%F0%9F%87%AA%F0%9F%87%AA-4439082468,Business Development Manager,iIT Distribution Baltics 🇱🇹 🇱🇻 🇪🇪,posted,2026-07-10T18:17:59.371316,494
ab8089023627ec0d,https://lv.linkedin.com/jobs/view/data-governance-officer-at-xm-4423610782,Data Governance Officer,XM,posted,2026-07-10T18:18:30.964238,496
82c20f9e9da94b19,https://lv.linkedin.com/jobs/view/information-technology-service-management-itsm-process-manager-%E2%80%93-incident-request-problem-knowledge-management-at-smartposti-4437945605,"Information Technology Service Management (ITSM) Process Manager – Incident, Request, Problem & Knowledge Management",,scraped,2026-07-10T18:18:43.613878,
3d37a9c3b763458a,https://lv.linkedin.com/jobs/view/bi-anal%C4%ABti%C4%B7is-e-at-elva-tavs-strat%C4%93%C4%A3iskais-it-partneris-4439055628,BI analītiķis /-e,,scraped,2026-07-10T18:18:52.468303,
651f315152d2048e,https://lv.linkedin.com/jobs/view/head-of-ai-data-engineering-pieteik%C5%A1an%C4%81s-l%C4%ABdz-23-07-2026-at-tele2-latvia-4437990965,"Head of AI & Data Engineering, pieteikšanās līdz 23.07.2026.",,scraped,2026-07-10T18:19:04.721160,
58aaead3fe919d07,https://lv.linkedin.com/jobs/view/key-account-manager-dermatology-at-abbvie-4437396097,Key Account Manager Dermatology,AbbVie,posted,2026-07-10T18:19:33.274274,498
154a9b3b4445f07c,https://lv.linkedin.com/jobs/view/p%C4%81rdev%C4%93js-a-nepilns-darba-laiks-t-c-ostmala-at-lindex-4437535887,"Pārdevējs/a (nepilns darba laiks), t/c ""Ostmala""",,scraped,2026-07-10T18:19:39.788310,
fa5e703fb10e1a19,https://lv.linkedin.com/jobs/view/p%C4%81rdev%C4%93js-a-konsultants-e-uz-noteiktu-laiku-tet-veikal%C4%81-t-c-valleta-at-tet-lv-4437595494,Pārdevējs/-a - konsultants/-e (uz noteiktu laiku)Tet veikalā T/C Valleta,,scraped,2026-07-10T18:19:46.246988,
ec58a37df8970d59,https://lv.linkedin.com/jobs/view/customer-service-representative-emea-temporary-contract-1-5-2-years-at-allnex-4437580070,"Customer Service Representative EMEA (Temporary contract 1,5 - 2 years)",,scraped,2026-07-10T18:19:57.812771,
a0e311029ae91cd6,https://lv.linkedin.com/jobs/view/sap-abap-developer-at-accenture-baltics-4328143490,SAP ABAP Developer,Accenture Baltics,posted,2026-07-10T18:20:33.685864,500
586711c5f59f515f,https://lv.linkedin.com/jobs/view/meh%C4%81nikas-in%C5%BEenieris-e-ras%C4%93t%C4%81js-a-at-rk-metals-4435954527,Mehānikas inženieris/e - rasētājs/-a,,scraped,2026-07-10T18:20:36.302878,
d1f931272ed85fd2,https://lv.linkedin.com/jobs/view/senior-ux-designer-tieto-banktech-m-f-d-at-tieto-4430474501,Senior UX Designer - Tieto Banktech (m/f/d),Tieto,posted,2026-07-10T18:20:58.356984,502
45affb2e9dc0a9f9,https://lv.linkedin.com/jobs/view/remote-latvian-translator-ecommerce-marketing-agency-at-hustler-marketing-4439078293,Remote Latvian Translator - eCommerce Marketing Agency,Hustler Marketing,posted,2026-07-10T18:21:20.123879,504
c151fa34613c6344,https://lv.linkedin.com/jobs/view/m%C4%81sa-91-sirds-%C4%B7irur%C4%A3ijas-noda%C4%BC%C4%81-at-paula-stradi%C5%86a-kl%C4%ABnisk%C4%81-universit%C4%81tes-slimn%C4%ABca-4437965446,MĀSA 91. Sirds ķirurģijas nodaļā,,scraped,2026-07-10T18:21:28.700200,
bc7219a3fb350b59,https://lv.linkedin.com/jobs/view/m%C4%81sa-9-endokrinolo%C4%A3ijas-un-reimatolo%C4%A3ijas-noda%C4%BC%C4%81-at-paula-stradi%C5%86a-kl%C4%ABnisk%C4%81-universit%C4%81tes-slimn%C4%ABca-4437973250,MĀSA 9. Endokrinoloģijas un reimatoloģijas nodaļā,,scraped,2026-07-10T18:21:36.536316,
3f8465d6f374370e,https://lv.linkedin.com/jobs/view/tech-lead-java-at-luminor-group-4438621342,Tech Lead (Java),Luminor Group,posted,2026-07-10T18:22:03.152170,506
4cc2fec6eb9b9a45,https://lv.linkedin.com/jobs/view/darbs-apsargam-uz-nepilno-slodzi-r%C4%ABgas-centr%C4%81-at-g4s-4438567151,Darbs apsargam  uz nepilno slodzi Rīgas centrā,G4S,posted,2026-07-10T18:22:24.907459,508
37c7f70372aa81eb,https://lv.linkedin.com/jobs/view/senior-java-software-engineer-core-api-unit-at-luminor-group-4430449071,Senior Java Software Engineer (Core API Unit),Luminor Group,posted,2026-07-10T18:22:59.324136,510
97f4caa00c3a7d8a,https://lv.linkedin.com/jobs/view/principal-net-software-engineer-at-epam-systems-4405501648,Principal .NET Software Engineer,EPAM Systems,posted,2026-07-10T18:23:12.988741,512
96f94b4033dcb0d6,https://lv.linkedin.com/jobs/view/senior-cashier-at-brink%E2%80%99s-inc-4439310549,Senior cashier,Brink’s Inc,posted,2026-07-10T18:23:26.755614,332
dd03f666dfadd84b,https://lv.linkedin.com/jobs/view/p%C4%81rdev%C4%93js-a-circle-k-vef-br%C4%ABv%C4%ABbas-gatve-203-r%C4%ABga-at-circle-k-4437994699,"Pārdevējs/-a Circle K VEF (Brīvības gatve 203, Rīga)",,scraped,2026-07-10T18:23:29.359260,
7ef1c8097b555655,https://lv.linkedin.com/jobs/view/motion-designer-remote-at-pragmatike-4439345462,Motion Designer (Remote),,scraped,2026-07-10T23:34:04.520110,
21323cb12542bbab,https://lv.linkedin.com/jobs/view/chief-financial-officer-cfo-at-ultahost-4438306218,Chief Financial Officer (CFO),UltaHost,posted,2026-07-10T23:34:29.494821,514
8af08c18aabc4d29,https://lv.linkedin.com/jobs/view/tele2-p%C4%81rdo%C5%A1anas-speci%C4%81lists-t-c-%C5%A1okol%C4%81de-siguld%C4%81-pieteik%C5%A1an%C4%81s-l%C4%ABdz-09-07-2026-at-tele2-latvia-4436267371,"Tele2 pārdošanas speciālists T/C Šokolāde, Siguldā, pieteikšanās līdz 09.07.2026.",,scraped,2026-07-10T23:34:48.077228,
b9764422fa8999ca,https://lv.linkedin.com/jobs/view/devops-specialist-at-accenture-baltics-4327959911,DevOps Specialist,Accenture Baltics,posted,2026-07-10T23:35:04.719704,516
789d5a9664666b85,https://lv.linkedin.com/jobs/view/vakuuma-iek%C4%81rtu-operators-e-at-forevers-4435958859,Vakuuma iekārtu operators/-e,,scraped,2026-07-10T23:35:07.362064,
44de5e908f9c8015,https://lv.linkedin.com/jobs/view/regulatory-reporting-specialist-transactions-trade-cyprus-at-freedom24-4439305240,Regulatory Reporting Specialist (Transactions & Trade) - Cyprus,,scraped,2026-07-10T23:35:24.957889,
62911e85a7de54ed,https://lv.linkedin.com/jobs/view/user-acquisition-manager-remote-at-pragmatike-4439347420,User Acquisition Manager (Remote),,scraped,2026-07-10T23:35:31.523889,
5d3ccee370f64557,https://lv.linkedin.com/jobs/view/chatbot-developer-whatsapp-telegram-discord-freelance-at-mindrift-4439317643,"Chatbot Developer (WhatsApp, Telegram, Discord) - Freelance",Mindrift,posted,2026-07-10T23:35:45.856928,518
96e2b2a2136984b0,https://lv.linkedin.com/jobs/view/project-manager-at-saint-tech-sia-4435967754,Project Manager,,scraped,2026-07-10T23:35:48.687518,
19b959fdf16e3ea5,https://lv.linkedin.com/jobs/view/personas-datu-aizsardz%C4%ABbas-speci%C4%81lists-e-seb-r%C4%ABga-at-seb-latvija-4439013995,"Personas Datu aizsardzības speciālists/-e  | SEB, Rīga",,scraped,2026-07-10T23:36:40.913665,
9d8be7d43a6cc187,https://lv.linkedin.com/jobs/view/payment-operations-specialist-at-finci-4435957793,Payment Operations Specialist,,scraped,2026-07-10T23:36:48.199590,
aeafa655e57911fb,https://lv.linkedin.com/jobs/view/accountant-at-betby-4434507893,Accountant,,scraped,2026-07-10T23:36:57.216317,
17a7697e460b26a5,https://lv.linkedin.com/jobs/view/konsultants-e%E2%80%8B-vad%C4%ABbas-konsult%C4%81ciju-noda%C4%BC%C4%81%E2%80%8B-at-pwc-latvija-4418832699,Konsultants/-e Vadības konsultāciju nodaļā,PwC Latvija,posted,2026-07-10T23:37:25.515494,520
dc10c053ccaa5616,https://lv.linkedin.com/jobs/view/senior-manager-in-valuation-team-at-ey-4385051018,Senior Manager in Valuation team,EY,posted,2026-07-10T23:37:41.791960,522
e1788c520ffa9968,https://lv.linkedin.com/jobs/view/quality-manager-at-luminor-group-4439377242,Quality Manager,Luminor Group,posted,2026-07-10T23:38:43.410206,524
57e08e3b9a8aef5f,https://lv.linkedin.com/jobs/view/procesu-vad%C4%ABt%C4%81js-uz-noteiktu-laiku-l%C4%ABdz-%7E1-5-gadiem-pieteik%C5%A1an%C4%81s-l%C4%ABdz-23-07-2026-at-tele2-latvia-4438308142,"Procesu vadītājs (uz noteiktu laiku līdz ~1,5 gadiem), pieteikšanās līdz 23.07.2026.",,scraped,2026-07-10T23:39:04.051150,
c1a3b3bc1183a148,https://lv.linkedin.com/jobs/view/%C4%81rsts-neirologs-neirolo%C4%A3ijas-kl%C4%ABnik%C4%81-at-paula-stradi%C5%86a-kl%C4%ABnisk%C4%81-universit%C4%81tes-slimn%C4%ABca-4437958628,ĀRSTS NEIROLOGS Neiroloģijas klīnikā,,scraped,2026-07-10T23:39:23.510707,
d5dfbc51d4d39a86,https://lv.linkedin.com/jobs/view/data-manager-for-clinical-trials-at-psi-cro-4436617285,Data Manager for Clinical Trials,,scraped,2026-07-10T23:39:31.903269,
536d462a4475db8b,https://lv.linkedin.com/jobs/view/z%C4%81les-darbinieku-at-lido-as-4439062443,Zāles darbinieku,LIDO AS,posted,2026-07-10T23:39:53.817455,526
bab15e87c8091a27,https://lv.linkedin.com/jobs/view/dutch-flemish-speaking-customer-support-relocate-to-bulgaria-at-mercier-consultancy-md-4437833339,Dutch/Flemish Speaking Customer Support | Relocate to Bulgaria,Mercier Consultancy MD,posted,2026-07-10T23:40:11.845913,528
135db317b0961daf,https://lv.linkedin.com/jobs/view/senior-data-scientist-at-epam-systems-4293604714,Senior Data Scientist,EPAM Systems,posted,2026-07-10T23:40:22.288238,290
c83bfc7203d868b5,https://lv.linkedin.com/jobs/view/m%C4%81sas-pal%C4%ABgs-jaun%C4%81kais-m%C4%81sas-pal%C4%ABgs-endoskopiju-noda%C4%BC%C4%81-at-paula-stradi%C5%86a-kl%C4%ABnisk%C4%81-universit%C4%81tes-slimn%C4%ABca-4437956663,MĀSAS PALĪGS / JAUNĀKAIS MĀSAS PALĪGS Endoskopiju nodaļā,,scraped,2026-07-10T23:40:40.819513,
09029b25087b2c69,https://lv.linkedin.com/jobs/view/klientu-apkalpo%C5%A1anas-speci%C4%81lists-re%C4%A3istrat%C5%ABr%C4%81-klientu-inform%C4%81cijas-un-apkalpo%C5%A1anas-da%C4%BC%C4%81-at-paula-stradi%C5%86a-kl%C4%ABnisk%C4%81-universit%C4%81tes-slimn%C4%ABca-4437960635,KLIENTU APKALPOŠANAS SPECIĀLISTS REĢISTRATŪRĀ Klientu informācijas un apkalpošanas daļā,,scraped,2026-07-10T23:40:56.902346,
aeb37bb92d9f2846,https://lv.linkedin.com/jobs/view/platform-architect-at-epam-systems-4435993341,Platform Architect,EPAM Systems,posted,2026-07-10T23:41:28.224309,530
6dcb41a8ca3fd6fd,https://lv.linkedin.com/jobs/view/tirdzniec%C4%ABbas-p%C4%81rst%C4%81vis-at-the-berner-group-4435971363,Tirdzniecības pārstāvis,The Berner Group,posted,2026-07-10T23:42:44.450049,532
64a77ff82d628378,https://lv.linkedin.com/jobs/view/desktop-support-specialist-at-sharp-brains-solutions-4435671731,Desktop Support Specialist,,scraped,2026-07-10T23:43:00.965775,
a9e315090bd2fcef,https://lv.linkedin.com/jobs/view/senior-net-full-stack-developer-at-accenture-baltics-4362115049,Senior .Net Full-Stack Developer,Accenture Baltics,posted,2026-07-10T23:43:18.925763,534
532ceae9b02725f7,https://lv.linkedin.com/jobs/view/lowcode-mendix-developer-at-accenture-baltics-4437572662,LowCode Mendix developer,Accenture Baltics,posted,2026-07-10T23:43:53.811246,536
defaa506ec83f6c1,https://lv.linkedin.com/jobs/view/senior-supply-long-term-planning-optimization-specialist-for-europe-at-circle-k-4438343607,Senior Supply Long-Term Planning & Optimization Specialist for Europe,,scraped,2026-07-10T23:43:56.439322,
ba1f527a5da321e9,https://lv.linkedin.com/jobs/view/jaun%C4%81kais-%C4%81-asistents-e-pat%C4%93ri%C5%86a-finans%C4%93%C5%A1anas-l%C4%93mumu-pie%C5%86em%C5%A1an%C4%81-at-swedbank-latvija-4435952776,Jaunākais(-ā) asistents(-e) Patēriņa finansēšanas lēmumu pieņemšanā,,scraped,2026-07-10T23:44:04.696996,
e4848e62a02353ca,https://lv.linkedin.com/jobs/view/vehicles-specialist-at-bolt-4438365252,Vehicles Specialist,,scraped,2026-07-11T07:24:06.340293,
0c503a56e132b3a4,https://lv.linkedin.com/jobs/view/komerci%C4%81lais-asistents-e-at-rimi-baltic-group-4439059339,Komerciālais asistents/-e,,scraped,2026-07-11T07:24:48.757057,
5eeb138524289aad,https://lv.linkedin.com/jobs/view/business-controller-at-brink%E2%80%99s-inc-4436601805,Business Controller,Brink’s Inc,posted,2026-07-11T07:25:04.781104,464
a6c28bf5ec1b5d17,https://lv.linkedin.com/jobs/view/billing-data-analyst-at-ruby-labs-4437873269,Billing Data Analyst,Ruby Labs,posted,2026-07-11T07:25:23.263797,538
071a03910632fd75,https://lv.linkedin.com/jobs/view/ra%C5%BEo%C5%A1anas-iek%C4%81rtu-operators-at-v%C3%A4rmev%C3%A4rden-ab-4437965409,Ražošanas iekārtu operators,,scraped,2026-07-11T07:25:27.919186,
e713709e61740199,https://lv.linkedin.com/jobs/view/support-consultant-1st-line-at-pacera-4438395505,Support Consultant (1st line),,scraped,2026-07-11T07:25:38.203938,
a112cc8f41e0d8c5,https://lv.linkedin.com/jobs/view/terminal-operations-coordinator-at-circle-k-4438350273,Terminal Operations Coordinator,,scraped,2026-07-11T07:26:50.514518,
47e7071e81a66091,https://lv.linkedin.com/jobs/view/operat%C4%ABv%C4%81-vad%C4%ABbas-centra-darbinieks-r%C4%ABg%C4%81-imant%C4%81-at-g4s-4437708787,"Operatīvā vadības centra darbinieks Rīgā, Imantā",G4S,posted,2026-07-11T07:27:17.188906,540
eacdffa4e22a3c79,https://lv.linkedin.com/jobs/view/junior-accountant-payroll-at-circle-k-4429302286,Junior Accountant Payroll,,scraped,2026-07-11T07:27:21.775472,
d63c24a4693fbdf4,https://lv.linkedin.com/jobs/view/virtuves-darbinieku-at-lido-as-4439050794,Virtuves darbinieku,LIDO AS,posted,2026-07-11T07:27:44.741309,542
3582106d762394a4,https://lv.linkedin.com/jobs/view/sap-abap-developer-s-4hana-at-rimi-baltic-group-4439066103,SAP ABAP Developer (S/4HANA),,scraped,2026-07-11T07:27:57.327268,
d709893f1e8296fb,https://lv.linkedin.com/jobs/view/senior-sales-executive-at-grafton-recruitment-4435670215,Senior Sales Executive,,scraped,2026-07-11T07:28:04.437171,
6592716170a97f50,https://lv.linkedin.com/jobs/view/unreal-engine-c%2B%2B-in%C5%BEenieris-core-komanda-unreal-engine-c%2B%2B-engineer-core-team-at-evolution-4435958631,Unreal Engine/C++ Inženieris (Core komanda) / Unreal Engine/C++ Engineer (Core team),,scraped,2026-07-11T07:28:12.346970,
1fbd100e742c0b27,https://lv.linkedin.com/jobs/view/senior-java-software-engineer-core-api-unit-at-luminor-group-4438382855,Senior Java Software Engineer (Core API Unit),Luminor Group,posted,2026-07-11T07:28:39.039595,510
9b2767922ca5eea7,https://lv.linkedin.com/jobs/view/full-stack-developer-at-accenture-baltics-4437918624,Full Stack Developer,Accenture Baltics,posted,2026-07-11T07:28:57.319031,544
43a3046a63ab8b7c,https://lv.linkedin.com/jobs/view/billing-support-specialist-temporary-r%C4%93%C4%B7inu-apstr%C4%81des-atbalsta-speci%C4%81lists-e-seb-riga-at-seb-latvija-4439083756,"Billing Support Specialist (temporary)/ Rēķinu apstrādes atbalsta speciālists/-e | SEB, Riga",,scraped,2026-07-11T07:29:21.893930,
7ac227eb89bf8adb,https://lv.linkedin.com/jobs/view/security-delivery-devops-engineer-at-accenture-baltics-4328039617,Security Delivery DevOps Engineer,Accenture Baltics,posted,2026-07-11T07:31:17.617169,546
3570a1956c57928c,https://lv.linkedin.com/jobs/view/associate-manager-marketing-strategy-bangkok-based-relocation-provided-at-agoda-4410538857,"Associate Manager, Marketing Strategy (Bangkok Based, relocation provided)",Agoda,posted,2026-07-11T07:31:39.047323,548
0476ff0ad1c3dd1e,https://lv.linkedin.com/jobs/view/risk-officer-senior-risk-officer-rdarr-bcbs-239-risku-vad%C4%ABbas-eksperts-e-seb-riga-at-seb-latvija-4438626389,"Risk officer/Senior Risk Officer (RDARR / BCBS 239) / Risku  vadības eksperts/-e| SEB, Riga",,scraped,2026-07-11T07:31:53.705187,
ccd4496f5c9bf50e,https://lv.linkedin.com/jobs/view/terapijas-jomas-vad%C4%ABt%C4%81js-onkolo%C4%A3ij%C4%81-%E2%80%93-latvija-at-astrazeneca-4435793586,Terapijas jomas vadītājs onkoloģijā – (Latvija),AstraZeneca,posted,2026-07-11T07:32:14.806189,550
948703dc8b055fac,https://lv.linkedin.com/jobs/view/strategy-consultant-ai-training-evaluation-freelance-remote-at-mindrift-4439049478,"Strategy Consultant - AI Training & Evaluation (Freelance, Remote)",Mindrift,posted,2026-07-11T11:35:03.780851,552
1bbfef28bed7525f,https://lv.linkedin.com/jobs/view/jr-project-manager-at-grafton-recruitment-4428235762,Jr. Project Manager,,scraped,2026-07-11T11:35:34.358269,
0158c1a92c426158,https://lv.linkedin.com/jobs/view/meh%C4%81nikas-in%C5%BEenieris-e-projekt%C4%93t%C4%81js-a-at-rk-metals-4435939992,Mehānikas inženieris/-e - projektētājs/-a,,scraped,2026-07-11T11:37:03.868036,
8017c6bdd378e0bc,https://lv.linkedin.com/jobs/view/atlases-partneris-e-at-rimi-baltic-group-4439060319,Atlases partneris/-e,,scraped,2026-07-11T11:37:10.439566,
87c13683ac2aa828,https://lv.linkedin.com/jobs/view/risku-darb%C4%ABbas-nep%C4%81rtraukt%C4%ABbas-eksperts-e-at-rimi-baltic-group-4439061305,Risku & darbības nepārtrauktības eksperts/-e,,scraped,2026-07-11T11:37:27.322211,
1d3f4ae95b355304,https://lv.linkedin.com/jobs/view/sap-integrations-consultant-at-accenture-baltics-4417179183,SAP Integrations Consultant,Accenture Baltics,posted,2026-07-11T11:37:51.603943,554
c0959ffcafe91007,https://lv.linkedin.com/jobs/view/sap-ewm-functional-consultant-at-accenture-baltics-4357671969,SAP EWM Functional consultant,Accenture Baltics,posted,2026-07-11T11:38:09.247079,556
4e74b191b830e1f0,https://lv.linkedin.com/jobs/view/ios-developer-at-accenture-baltics-4328118233,iOS Developer,Accenture Baltics,posted,2026-07-11T11:38:29.388672,558
da7e9e03e075f1c8,https://lv.linkedin.com/jobs/view/salesforce-architect-at-accenture-baltics-4328099411,Salesforce Architect,Accenture Baltics,posted,2026-07-11T11:38:45.417572,560
6dc1d50442bd985f,https://lv.linkedin.com/jobs/view/sap-insurance-functional-consultant-at-accenture-baltics-4328108828,SAP Insurance functional consultant,Accenture Baltics,posted,2026-07-11T11:39:07.802996,562
6300e9bb2a7a080d,https://lv.linkedin.com/jobs/view/sap-fi-co-functional-consultant-at-accenture-baltics-4328170440,SAP FI/CO Functional Consultant,Accenture Baltics,posted,2026-07-11T11:39:29.554602,564
b1262a22412f8f7a,https://lv.linkedin.com/jobs/view/p%C4%81rdo%C5%A1anas-eksperts-ar-biznesa-klientiem-at-tele2-latvia-4437990956,Pārdošanas eksperts (ar biznesa klientiem),,scraped,2026-07-11T11:39:34.202851,
d116859ab415dc58,https://lv.linkedin.com/jobs/view/workplace-platform-security-engineer-at-accenture-baltics-4328108832,Workplace Platform & Security Engineer,Accenture Baltics,posted,2026-07-11T11:40:35.609914,566
c44601a74ae8dfd9,https://lv.linkedin.com/jobs/view/hr-specialist-at-vivicta-4430989446,HR Specialist,Vivicta,posted,2026-07-11T11:41:31.512635,568
e4a43f249ed4ba1c,https://lv.linkedin.com/jobs/view/test-automation-engineer-at-accenture-baltics-4426654972,Test Automation Engineer,Accenture Baltics,failed|wp_post_failed,2026-07-11T11:43:06.234082,
d30679225cdecf93,https://lv.linkedin.com/jobs/view/senior-net-developer-at-accenture-baltics-4414764590,Senior .Net Developer,Accenture Baltics,failed|wp_post_failed,2026-07-11T11:43:23.718569,
d5c26fb995c182ee,https://lv.linkedin.com/jobs/view/software-developer-python-at-swisscom-devops-center-riga-4435947668,Software Developer (Python),,scraped,2026-07-11T11:43:50.368426,
ee948e16c5d62a1c,https://lv.linkedin.com/jobs/view/sist%C4%93mu-anal%C4%ABti%C4%B7is-e-administrators-e-at-luminor-group-4438362058,Sistēmu analītiķis/-e/ Administrators/-e,Luminor Group,failed|wp_post_failed,2026-07-11T11:44:42.219093,
6d5fbda18ab972cf,https://lv.linkedin.com/jobs/view/tehniskais-%C4%81-l%C4%ABderis-e-at-luminor-group-4437589791,Tehniskais/-ā Līderis/-e,Luminor Group,failed|wp_post_failed,2026-07-11T11:45:07.139638,
73c62858f7812fe2,https://lv.linkedin.com/jobs/view/analyst-senior-analyst-pricing-marketing-bangkok-based-relocation-provided-at-agoda-4410545524,"Analyst/ Senior Analyst, Pricing Marketing (Bangkok Based, relocation provided)",Agoda,failed|wp_post_failed,2026-07-11T11:47:03.736286,
fc000eac6cff3cba,https://lv.linkedin.com/jobs/view/analyst-senior-analyst-b2b-digital-marketing-bangkok-based-relocation-provided-at-agoda-4420274972,"Analyst/Senior Analyst, B2B Digital Marketing (Bangkok Based, relocation provided)",Agoda,failed|wp_post_failed,2026-07-11T11:47:19.169297,
358e7166b60f1a4d,https://lv.linkedin.com/jobs/view/swedish-speaking-customer-consultant-at-circle-k-4429346636,Swedish Speaking Customer Consultant,,scraped,2026-07-11T11:47:39.761425,
f299a1a99b2cffc5,https://lv.linkedin.com/jobs/view/mi-eksperts-at-bda-baltijas-datoru-akad%C4%93mija-4434850379,MI eksperts,,scraped,2026-07-11T15:35:37.050195,
ac32682e8ebdc82a,https://lv.linkedin.com/jobs/view/apdro%C5%A1in%C4%81%C5%A1anas-konsultants-e-at-balta-apdro%C5%A1in%C4%81%C5%A1ana-4438904921,Apdrošināšanas konsultants/e,BALTA apdrošināšana,posted,2026-07-11T15:36:23.155785,571
5e8f1ca35c383140,https://lv.linkedin.com/jobs/view/freelance-agent-evaluation-engineer-at-mindrift-4437171192,Freelance Agent Evaluation Engineer,Mindrift,posted,2026-07-11T15:37:06.103051,573
5d168601d288c529,https://lv.linkedin.com/jobs/view/projektu-finan%C5%A1u-uzskaites-speci%C4%81lists-e-%E2%80%93-gr%C4%81matvedis-e-at-b%C4%93rnu-kl%C4%ABnisk%C4%81-universit%C4%81tes-slimn%C4%ABca-children-s-clinical-university-hospital-4439306673,Projektu finanšu uzskaites speciālists/-e – grāmatvedis/-e,,scraped,2026-07-11T15:37:08.794284,
f2d135a40aa515f2,https://lv.linkedin.com/jobs/view/manager-brand-retail-operations-at-philip-morris-international-4438869729,Manager Brand Retail Operations,,scraped,2026-07-11T15:37:20.414808,
e8aa66237f35043b,https://lv.linkedin.com/jobs/view/elektromeh%C4%81ni%C4%B7is-at-adven-%E2%80%93-the-leading-partner-in-the-energy-transition-4429647959,Elektromehāniķis,,scraped,2026-07-11T15:37:41.649137,
07d6790827fcdb94,https://lv.linkedin.com/jobs/view/accountant-in-accounting-and-finance-operations-department-at-ey-4389574857,Accountant in Accounting and Finance Operations department,EY,posted,2026-07-11T15:38:41.297402,575
0e422ba391bbca20,https://lv.linkedin.com/jobs/view/p%C4%81rdev%C4%93js-a-circle-k-dzelzava-dzelzavas-iela-14-r%C4%ABga-darbs-bez-nakts-mai%C5%86%C4%81m-at-circle-k-4428424139,"Pārdevējs/-a Circle K Dzelzava (Dzelzavas iela 14, Rīga) darbs bez nakts maiņām",,scraped,2026-07-11T15:38:53.941037,
825f2efeba22e7fa,https://lv.linkedin.com/jobs/view/sap-business-intelligence-trainee-at-epam-systems-4409605019,SAP Business Intelligence Trainee,EPAM Systems,posted,2026-07-11T15:39:50.339721,577
0b8f4583141f48bb,https://lv.linkedin.com/jobs/view/principal-ml-ops-engineer-emea-remote-at-pragmatike-4439346452,Principal ML Ops Engineer (EMEA Remote),,scraped,2026-07-11T15:39:54.924570,
a4e79fd2c521a749,https://lv.linkedin.com/jobs/view/czech-speaking-agent-for-hospitality-sector-relocation-to-greece-at-rdn-cons-4438102715,Czech Speaking Agent for Hospitality Sector -Relocation to Greece,RDN CONS,posted,2026-07-11T15:40:45.219566,579
7de075cdc8c9c57f,https://lv.linkedin.com/jobs/view/senior-character-motion-animator-at-ruby-labs-4438220996,Senior Character & Motion Animator,Ruby Labs,posted,2026-07-11T15:41:05.031166,581
b358ade606fdf786,https://lv.linkedin.com/jobs/view/system-admin-customer-service-tools-at-rs-4438311473,System Admin (Customer Service Tools),,scraped,2026-07-11T15:41:41.679165,
6fdbfcb7e6be569c,https://lv.linkedin.com/jobs/view/b2b-pricing-analyst-global-fuels-at-circle-k-4409952867,"B2B Pricing Analyst, Global Fuels",,scraped,2026-07-11T15:42:02.455196,
8a1eeb301a948f14,https://lv.linkedin.com/jobs/view/junior-specialist-specialist-finance-systems-at-circle-k-4438330900,Junior Specialist / Specialist Finance Systems,,scraped,2026-07-11T15:42:10.901872,
a8c507e2a2ef310e,https://lv.linkedin.com/jobs/view/senior-platform-automation-engineer-at-epam-systems-4405107615,Senior Platform Automation Engineer,EPAM Systems,posted,2026-07-11T15:43:05.897373,583
e5cf8477b94f8b54,https://lv.linkedin.com/jobs/view/license-owner-operator-riga-at-stranger-soccer-4439568325,"License Owner / Operator, Riga",,scraped,2026-07-11T18:43:15.433067,
47efb24f79619a37,https://lv.linkedin.com/jobs/view/jaun%C4%81kais-%C4%81-gr%C4%81matvedis-e-pwc-%C4%81rpakalpojumu-gr%C4%81matved%C4%ABbas-komand%C4%81-at-pwc-latvija-4429694904,Jaunākais/-ā grāmatvedis/-e PwC Ārpakalpojumu grāmatvedības komandā,PwC Latvija,posted,2026-07-11T18:44:21.445771,585
71b2a97d08e48623,https://lv.linkedin.com/jobs/view/specjalista-specjalistka-ds-harmonogramowania-at-budimex-4435947901,Specjalista/Specjalistka ds. Harmonogramowania,,scraped,2026-07-11T18:44:44.133202,
ebfb525fd0b7d505,https://lv.linkedin.com/jobs/view/met%C4%81la-liek%C5%A1anas-preses-operators-e-at-rk-metals-4435940953,Metāla liekšanas preses operators/-e,,scraped,2026-07-11T18:44:52.972871,
746b44a32e0a5ad9,https://lv.linkedin.com/jobs/view/unreal-engine-c%2B%2B-in%C5%BEenieris-sp%C4%93%C4%BCu-izstr%C4%81de-unreal-engine-c%2B%2B-engineer-game-development-at-evolution-4435962074,Unreal Engine/C++ Inženieris (spēļu izstrāde) / Unreal Engine/C++ Engineer (game development),,scraped,2026-07-11T18:45:09.884121,
a99309e082fd4d23,https://lv.linkedin.com/jobs/view/people-operations-manager-at-gocardless-4411433421,People Operations Manager,,scraped,2026-07-11T18:45:17.221648,
16b9401a935e3852,https://lv.linkedin.com/jobs/view/biznesa-att%C4%ABst%C4%ABbas-vad%C4%ABt%C4%81js-%E2%80%94-facility-services-uzkop%C5%A1ana-apsaimnieko%C5%A1ana-at-sanitex-latvija-4439315247,"Biznesa attīstības vadītājs — Facility Services (uzkopšana, apsaimniekošana)",Sanitex Latvija,posted,2026-07-11T18:45:49.278691,587
c0ced5155f1db70c,https://lv.linkedin.com/jobs/view/senior-market-strategy-and-partnerships-manager-at-fever-4341324657,Senior Market Strategy and Partnerships Manager,Fever,posted,2026-07-11T18:46:11.378510,589
4ad8058a5da538c3,https://lv.linkedin.com/jobs/view/zv%C4%93rin%C4%81ts-a-advok%C4%81ts-e-vai-vec%C4%81kais-%C4%81-jurists-e-zab-pwc-legal-at-pwc-latvija-4379428908,Zvērināts/-a advokāts/-e vai vecākais/-ā jurists/-e ZAB PwC Legal,PwC Latvija,posted,2026-07-11T18:48:24.530538,591
46b157812ea1f1df,https://lv.linkedin.com/jobs/view/sales-representative-nordic-elxd-emea-at-eaton-4428258646,"Sales Representative, NORDIC, ELXD EMEA",Eaton,posted,2026-07-11T20:58:54.911150,593
2dc3d2aec60a3852,https://lv.linkedin.com/jobs/view/data-engineer-at-accenture-baltics-4328069281,Data engineer,Accenture Baltics,posted,2026-07-11T21:00:28.304907,595
47eea9a102f899db,https://lv.linkedin.com/jobs/view/ai-data-specialist-latvian-at-rws-group-4429696295,AI Data Specialist - Latvian,,scraped,2026-07-11T21:00:54.950513,
e1e04bd512edb8b1,https://lv.linkedin.com/jobs/view/toyota-at-clarklift-of-florida-inc-4436699144,Toyota,Clarklift of Florida Inc.,posted,2026-07-13T17:29:34.185591,597
ced468f548974460,https://lv.linkedin.com/jobs/view/university-policy-links-at-seiche-center-for-health-and-justice-4439157167,University Policy Links,SEICHE Center for Health and Justice,posted,2026-07-13T17:29:51.197122,599
2de414c6613a7c25,https://lv.linkedin.com/jobs/view/vec%C4%81kais-iepirkumu-speci%C4%81lists-at-bucher-municipal-4440039410,Vecākais iepirkumu speciālists/,,scraped,2026-07-13T17:29:53.690802,
ab0184b0065fbd89,https://lv.linkedin.com/jobs/view/scheduling-specialist-at-budimex-4435947901,Scheduling Specialist,,scraped,2026-07-13T17:30:07.847986,
e2625bb45bb73b46,https://lv.linkedin.com/jobs/view/security-operator-at-idemia-4440015526,Security Operator,,scraped,2026-07-13T17:30:22.538835,
1f00863fb8a64b1a,https://lv.linkedin.com/jobs/view/growth-organic-specialist-based-in-europe-at-hostinger-4438657050,Growth Organic Specialist | Based in Europe,,scraped,2026-07-13T17:30:39.425385,
332baf665662e890,https://lv.linkedin.com/jobs/view/head-of-legal-assets-technology-disputes-relocation-to-cyprus-at-freedom24-4440006853,"Head of Legal - Assets, Technology & Disputes (Relocation to Cyprus)",,scraped,2026-07-13T17:30:48.171702,
f73ed3c4692e4c02,https://lv.linkedin.com/jobs/view/compliance-specialist-at-oropay-4437261800,Compliance Specialist,,scraped,2026-07-13T17:31:01.382391,
0d8dfd8ddf828135,https://lv.linkedin.com/jobs/view/%D0%BC%D0%BB%D0%B0%D0%B4%D1%88%D0%B8%D0%B9-%D0%BC%D0%B5%D0%BD%D0%B5%D0%B4%D0%B6%D0%B5%D1%80-%D0%BF%D0%BE-%D1%80%D0%B0%D0%B7%D0%B2%D0%B8%D1%82%D0%B8%D1%8E-%D0%B1%D0%B8%D0%B7%D0%BD%D0%B5%D1%81%D0%B0-at-interview-culture-4433793734,Младший менеджер по развитию бизнеса,,scraped,2026-07-13T17:31:22.231413,
01bb58b871fb0efc,https://lv.linkedin.com/jobs/view/senior-purchasing-specialist-operational-purchasing-at-bucher-municipal-4439126400,Senior Purchasing Specialist (Operational Purchasing),,scraped,2026-07-13T17:31:42.784217,
864bd78d94ad9fb5,https://lv.linkedin.com/jobs/view/clinical-team-lead-at-rho-4440072095,Clinical Team Lead,Rho,posted,2026-07-13T17:32:01.118204,601
2c1295041345d631,https://lv.linkedin.com/jobs/view/client-services-manager-at-clear-junction-4439325011,Client Services Manager,Clear Junction,posted,2026-07-13T17:33:59.753703,603
b7000ab96c1aa4e6,https://lv.linkedin.com/jobs/view/artificial-intelligence-co-founder-head-of-product-100-%25-remote-m-f-d-at-ewor-4438354219,Artificial Intelligence Co-Founder / Head of Product (100 % remote) (m/f/d),,scraped,2026-07-13T17:34:08.464926,
a17cf47cd41dcac7,https://lv.linkedin.com/jobs/view/sustainability-manager-at-kronospan-4439416396,Sustainability Manager,,scraped,2026-07-13T17:34:15.531646,
25b6cbbf4bb101b6,https://lv.linkedin.com/jobs/view/freelance-mobile-app-developer-ios-android-at-mindrift-4440008033,Freelance Mobile App Developer (iOS / Android),Mindrift,posted,2026-07-13T17:34:28.156576,280
2108713881b3603a,https://lv.linkedin.com/jobs/view/lead-compliance-specialist-at-epam-systems-4437274291,Lead Compliance Specialist,EPAM Systems,posted,2026-07-13T17:34:48.354782,605
1918dcf172866380,https://lv.linkedin.com/jobs/view/wolt-ads-promos-sales-manager-global-ads-at-wolt-4438935853,Wolt Ads & Promos Sales Manager - Global Ads,,scraped,2026-07-13T17:34:57.119732,
1dccea76199b84e6,https://lv.linkedin.com/jobs/view/soci%C4%81lo-t%C4%ABklu-satura-veidot%C4%81ja-asistents-at-prakse-lv-4439706033,SOCIĀLO TĪKLU SATURA VEIDOTĀJA ASISTENTS,Prakse.lv,posted,2026-07-13T17:35:24.020572,607
a7a67e0b897db69f,https://lv.linkedin.com/jobs/view/flight-systems-manager-at-redwire-europe-4385001751,Flight Systems Manager,,scraped,2026-07-13T17:35:34.705088,
fdb5ca064f6d3d8c,https://lv.linkedin.com/jobs/view/%D0%BC%D0%B5%D0%BD%D0%B5%D0%B4%D0%B6%D0%B5%D1%80-%D0%BE%D1%82%D0%B4%D0%B5%D0%BB%D0%B0-%D0%B7%D0%B0%D0%BA%D1%83%D0%BF%D0%BE%D0%BA-4434502497,Менеджер отдела закупок,DMG Trade SIA,failed|wp_post_failed,2026-07-13T17:35:42.729471,
0be402863411b497,https://lv.linkedin.com/jobs/view/interjera-dizaina-iepirkumu-speci%C4%81lists-at-katz-interiors-4437239849,Interjera dizaina iepirkumu speciālists,,scraped,2026-07-13T17:35:45.432072,
e02f01760ab11997,https://lv.linkedin.com/jobs/view/%C4%B7%C4%ABmi%C4%B7a-tehnologa-asistents-at-prakse-lv-4439703166,ĶĪMIĶA TEHNOLOGA ASISTENTS,Prakse.lv,posted,2026-07-13T17:36:11.023896,609
7aeaf4873746a5b7,https://lv.linkedin.com/jobs/view/remontatsl%C4%93dznieks-at-prakse-lv-4439592485,Remontatslēdznieks,Prakse.lv,posted,2026-07-13T17:36:22.779493,611
3e5dcbe6a3852f94,https://lv.linkedin.com/jobs/view/jaun%C4%81kais-%C4%81-dro%C5%A1%C4%ABbas-inspektors-e-at-prakse-lv-4440029961,Jaunākais/-ā drošības inspektors/-e,Prakse.lv,posted,2026-07-13T17:36:39.927530,613
b6437e42f26a8fb9,https://lv.linkedin.com/jobs/view/devops-engineer-at-luminor-group-4439309693,DevOps Engineer,Luminor Group,posted,2026-07-13T17:36:51.272302,22
fb4152112f9b50ee,https://lv.linkedin.com/jobs/view/performance-test-engineer-at-accenture-baltics-4328134542,Performance Test Engineer,Accenture Baltics,posted,2026-07-13T17:37:03.544588,615
bb02cee4dd51162d,https://lv.linkedin.com/jobs/view/kvalit%C4%81tes-vad%C4%ABt%C4%81js-a-at-luminor-group-4438399308,Kvalitātes Vadītājs/-a,Luminor Group,posted,2026-07-13T17:37:21.907216,617
12e51db93590c0e3,https://lv.linkedin.com/jobs/view/specialist-finance-in-accounts-receivable-team-at-circle-k-4430543876,Specialist Finance in Accounts Receivable Team,,scraped,2026-07-13T17:37:34.626747,
4d0069172dcc86cf,https://lv.linkedin.com/jobs/view/devops-in%C5%BEenieris-e-at-luminor-group-4439120398,DevOps inženieris/-e,Luminor Group,posted,2026-07-13T17:37:55.337270,619
abe01f0f52fa98f9,https://lv.linkedin.com/jobs/view/rekl%C4%81mas-p%C4%81rdo%C5%A1anas-speci%C4%81lists-e-b2b-segment%C4%81-at-tet-lv-4438398411,Reklāmas pārdošanas speciālists/-e B2B segmentā,,scraped,2026-07-13T17:37:58.046603,
22a47534726a6585,https://lv.linkedin.com/jobs/view/python-genai-engineer-at-epam-systems-4409686976,Python GenAI Engineer,EPAM Systems,posted,2026-07-13T17:38:12.921632,621
9fb20d1aa84a44ec,https://lv.linkedin.com/jobs/view/privacy-engineering-director-at-duckduckgo-4429671872,Privacy Engineering Director,DuckDuckGo,posted,2026-07-13T17:38:50.588561,623
c61f8800e67673db,https://lv.linkedin.com/jobs/view/presales-solution-consultant-%E2%80%93-data-and-ai-at-epam-systems-4362265963,Presales Solution Consultant – Data and AI,EPAM Systems,posted,2026-07-13T17:39:02.132333,625
e4bbe3f3b70ed238,https://lv.linkedin.com/jobs/view/software-development-engineer-payment-intelligence-team-at-gocardless-4411747408,Software Development Engineer - Payment Intelligence team,,scraped,2026-07-13T17:39:36.814632,
9301882703d3ea0d,https://lv.linkedin.com/jobs/view/payroll-professional-hr-finance-accounting-at-prolific-4439195994,Payroll Professional (HR / Finance / Accounting),,scraped,2026-07-13T17:39:45.806953,
eaeec084c74a740e,https://lv.linkedin.com/jobs/view/field-service-engineer-specialist-at-worldline-4429085688,Field Service Engineer - Specialist,,scraped,2026-07-13T17:39:56.567450,
beb9410884a930ed,https://lv.linkedin.com/jobs/view/information-technology-support-specialist-at-tech-zone-llc-4437264084,Information Technology Support Specialist,Tech Zone LLC,posted,2026-07-13T17:40:16.153484,627
20654469ee8a217f,https://lv.linkedin.com/jobs/view/marketing-intern-at-stylaxis-4438932591,Marketing Intern,,scraped,2026-07-13T17:40:22.937015,
ee2c7916f60c48fd,https://lv.linkedin.com/jobs/view/sales-director-laboratory-information-system-at-life-data-lab-llc-4437224153,Sales Director - laboratory Information System,"Life Data Lab, LLC",posted,2026-07-13T17:40:41.528231,629
fd0ef9c0a71ca894,https://lv.linkedin.com/jobs/view/senior-mechanical-engineer-at-redwire-europe-4435938971,Senior Mechanical Engineer,,scraped,2026-07-13T17:40:48.186212,
978fea08301ba250,https://lv.linkedin.com/jobs/view/ubuntu-linux-user-for-ai-data-training-at-sme-careers-4431338411,Ubuntu/Linux User for AI Data Training,SME Careers,posted,2026-07-13T17:41:02.513860,631
6bbc34bb4f460c99,https://lv.linkedin.com/jobs/view/bilingual-public-relations-specialist-ai-trainer-at-dataannotation-4309680969,Bilingual Public Relations Specialist - AI Trainer,DataAnnotation,posted,2026-07-13T17:41:12.463306,633
87bdded60476fa56,https://lv.linkedin.com/jobs/view/finan%C5%A1u-dar%C4%ABjumu-uzraudz%C4%ABbas-aml-speci%C4%81lists-e-seb-r%C4%ABga-at-seb-latvija-4440034725,"Finanšu darījumu uzraudzības (AML) speciālists/-e | SEB, Rīga",,scraped,2026-07-13T17:41:23.153260,
7a08eebbc9d7e9d3,https://lv.linkedin.com/jobs/view/business-consultant-networks-telecommunication-at-epam-systems-4424886595,"Business Consultant, Networks & Telecommunication",EPAM Systems,posted,2026-07-13T17:41:42.274208,635
2e1409677db82cc6,https://lv.linkedin.com/jobs/view/cto-principal-solution-architect-at-epam-systems-4413693202,CTO / Principal Solution Architect,EPAM Systems,posted,2026-07-13T17:41:54.253260,637
61e4b334f627a40c,https://lv.linkedin.com/jobs/view/senior-c%23-developer-vec%C4%81kais-%C4%81-programm%C4%93t%C4%81js-a-seb-riga-at-seb-latvija-4439789528,"Senior C# Developer / Vecākais/-ā programmētājs/-a | SEB, Riga",,scraped,2026-07-13T17:42:12.946928,
b742b3b98bc2e2a9,https://lv.linkedin.com/jobs/view/senior-data-analytics-and-visualization-engineer-at-epam-systems-4288862628,Senior Data Analytics and Visualization Engineer,EPAM Systems,posted,2026-07-13T17:42:30.295071,639
025859e3fb5f6436,https://lv.linkedin.com/jobs/view/senior-test-automation-engineer-tricentis-tosca-at-epam-systems-4374895362,Senior Test Automation Engineer (Tricentis Tosca),EPAM Systems,posted,2026-07-13T17:42:43.050121,641
c634140f353346a5,https://lv.linkedin.com/jobs/view/klientu-apkalpo%C5%A1anas-speci%C4%81lists-e-ar-ebreju-valodas-zin%C4%81%C5%A1an%C4%81m-at-concentrix-4361815801,Klientu apkalpošanas speciālists/-e (ar ebreju valodas zināšanām),Concentrix,posted,2026-07-13T17:42:55.711389,643
e736f7c725e1c8cf,https://lv.linkedin.com/jobs/view/license-owner-riga-at-stranger-soccer-4439778796,"License Owner, Riga",,scraped,2026-07-15T15:13:26.092679,
81e2882ce99f890a,https://lv.linkedin.com/jobs/view/product-manager-%E2%80%93-growth-remote-at-pragmatike-4439345473,Product Manager – Growth (Remote),,scraped,2026-07-15T15:13:44.824762,
9511945de41256e5,https://lv.linkedin.com/jobs/view/head-of-cembra-latvia-shared-service-center-at-cembra-4440912241,Head of Cembra Latvia Shared Service Center,,scraped,2026-07-15T15:13:57.162408,
43a49734d33c2c2d,https://lv.linkedin.com/jobs/view/intern-project-manager-at-stylaxis-4438941339,Intern Project Manager,,scraped,2026-07-15T15:14:06.558442,
b9b078105a16d879,https://lv.linkedin.com/jobs/view/ai-education-engagement-manager-at-neurons-lab-4440028902,AI Education / Engagement Manager,,scraped,2026-07-15T15:14:12.894833,
88e25c97f95cf666,https://lv.linkedin.com/jobs/view/recruiter-at-crewplanet-4440025723,Recruiter,,scraped,2026-07-15T15:14:19.755108,
6b995c7bfe898416,https://lv.linkedin.com/jobs/view/network-engineer-at-redwire-4439889703,Network Engineer,Redwire,posted,2026-07-15T15:14:39.065082,645
acbe15601cf34adb,https://lv.linkedin.com/jobs/view/technical-lead-at-devteam-sia-4438082888,Technical Lead,DEVTEAM SIA,posted,2026-07-15T15:14:58.165217,647
4496753fdac69d8f,https://lv.linkedin.com/jobs/view/experienced-consultant-in-audit-at-ey-4371398855,Experienced Consultant in Audit,EY,posted,2026-07-15T15:15:16.154773,649
1beaa3120f0dce9e,https://lv.linkedin.com/jobs/view/information-technology-specialist-at-sharp-brains-4437651733,Information Technology Specialist,,scraped,2026-07-15T15:15:24.822143,
c5882a7fb4940cd1,https://lv.linkedin.com/jobs/view/technical-product-manager-at-extantia-4439369113,Technical Product Manager,,scraped,2026-07-15T15:15:35.370301,
a6797963b14cc1f5,https://lv.linkedin.com/jobs/view/service-quality-control-specialist-at-aerones-4439914472,Service Quality Control Specialist,,scraped,2026-07-15T15:15:50.074815,
c2de430377e1dd4e,https://lv.linkedin.com/jobs/view/data-analyst-at-aleph-4411770284,Data Analyst,Aleph,posted,2026-07-15T15:16:11.278494,651
5cae1f06c7930acb,https://lv.linkedin.com/jobs/view/korporat%C4%ABv%C4%81s-atbild%C4%ABbas-ilgtsp%C4%93jas-zi%C5%86o%C5%A1anas-vad%C4%ABt%C4%81js-a-at-rimi-baltic-group-4439046864,Korporatīvās atbildības (ilgtspējas) ziņošanas vadītājs/-a,,scraped,2026-07-15T15:16:17.939546,
acb8bd4ea54885a4,https://lv.linkedin.com/jobs/view/personnel-office-administrator-at-netcracker-technology-4439833353,PERSONNEL & OFFICE ADMINISTRATOR,Netcracker Technology,posted,2026-07-15T15:16:33.857276,653
f6d4eb29b7f62d07,https://lv.linkedin.com/jobs/view/feasibility-program-development-lead-at-digas-4438086242,Feasibility & Program Development Lead,,scraped,2026-07-15T15:16:38.560487,
2788c9b6ed53efbd,https://lv.linkedin.com/jobs/view/customer-and-sales-support-specialist-%E2%80%93-fixed-term-contract-at-siemens-healthineers-4437277745,Customer and Sales Support Specialist – Fixed Term Contract,,scraped,2026-07-15T15:16:52.219891,
316504ba3c03a110,https://lv.linkedin.com/jobs/view/information-technology-technician-at-sharp-brains-4437677311,Information Technology Technician,,scraped,2026-07-15T15:16:58.926944,
6ad4fec31bd3b9d2,https://lv.linkedin.com/jobs/view/it-administrator-network-systems-at-ubiquiti-inc-4411358317,IT Administrator (Network & Systems),Ubiquiti Inc.,posted,2026-07-15T15:17:34.360139,655
1e8ab7100c046f45,https://lv.linkedin.com/jobs/view/ukt-sist%C4%93mu-b%C5%ABvdarbu-vad%C4%ABt%C4%81js-a-at-cvmarket-lv-4438404213,UKT sistēmu būvdarbu vadītājs/-a,,scraped,2026-07-15T15:17:38.938717,
5a87c1fc515dd95e,https://lv.linkedin.com/jobs/view/podologs-fili%C4%81l%C4%93-t-c-akropole-r%C4%ABga-at-vesel%C4%ABbas-centrs-4-4437677362,"Podologs filiālē t/c ""Akropole Rīga""",,scraped,2026-07-15T15:17:50.263807,
9103d85d837b4a9a,https://lv.linkedin.com/jobs/view/klientu-un-projektu-vad%C4%ABt%C4%81js-at-wd-market-4438083039,Klientu un projektu vadītājs,,scraped,2026-07-15T15:18:04.260293,
e60a0f7234e59522,https://lv.linkedin.com/jobs/view/p%C4%81rdo%C5%A1anas-projektu-vad%C4%ABt%C4%81js-a-at-g4s-4438089098,Pārdošanas projektu vadītājs/-a,G4S,posted,2026-07-15T15:18:24.768577,657
bd47ec4a7eb11157,https://lv.linkedin.com/jobs/view/head-of-growth-development-latvia-at-swedbank-latvija-4437685601,Head of Growth & Development Latvia,,scraped,2026-07-15T15:18:29.481183,
fb8cb9a10d391ded,https://lv.linkedin.com/jobs/view/eksporta-p%C4%81rdo%C5%A1anas-speci%C4%81lists-b2b-%E2%80%93-uztura-bag%C4%81tin%C4%81t%C4%81ji-kolag%C4%93ns-4437658340,Eksporta pārdošanas speciālists (B2B) – uztura bagātinātāji / kolagēns,Afine Nutricosmetics Sia,posted,2026-07-15T15:18:45.034162,659
5ba036baa1fd8707,https://lv.linkedin.com/jobs/view/p%C4%81rdev%C4%93js-a-r%C4%ABga-%C4%81genskalns-at-forevers-4437249863,"Pārdevējs/-a (Rīga, Āgenskalns)",,scraped,2026-07-15T15:18:49.707373,
2179053168b2072c,https://lv.linkedin.com/jobs/view/technical-product-manager-at-aerones-4437359835,Technical Product Manager,,scraped,2026-07-15T15:19:01.093668,
b071127ce6b3555a,https://lv.linkedin.com/jobs/view/junior-devops-specialist-at-accenture-baltics-4439471759,Junior DevOps specialist,Accenture Baltics,posted,2026-07-15T15:19:19.872065,661
6c0e22784fef172c,https://lv.linkedin.com/jobs/view/accountant-at-circle-k-4438341628,Accountant,,scraped,2026-07-15T15:19:32.520762,
285f9d052997c2d1,https://lv.linkedin.com/jobs/view/project-management-assistant-at-accenture-baltics-4439896059,Project Management Assistant,Accenture Baltics,posted,2026-07-15T15:19:56.942266,663
37e7764656808a56,https://lv.linkedin.com/jobs/view/lead-of-prototyping-at-redwire-4439900225,Lead of Prototyping,Redwire,posted,2026-07-15T15:20:10.503492,665
671ae8fe07f99d76,https://lv.linkedin.com/jobs/view/customer-operations-specialist-at-gocardless-4440547532,Customer Operations Specialist,,scraped,2026-07-15T15:20:13.267959,
b1dda68929306391,https://lv.linkedin.com/jobs/view/events-manager-at-psi-cro-4437659783,Events Manager,,scraped,2026-07-15T15:20:21.897607,
90470b2609175ea1,https://lv.linkedin.com/jobs/view/information-technology-specialist-at-sharp-brains-4437672170,Information Technology Specialist,,scraped,2026-07-15T15:20:35.539473,
6b7b9bad63a080e0,https://lv.linkedin.com/jobs/view/credit-controller-with-italian-at-rs-4402114931,Credit Controller with Italian,,scraped,2026-07-15T15:20:44.016533,
2c6273a049dc1a7d,https://lv.linkedin.com/jobs/view/information-security-consultant-internal-specialist-role-inform%C4%81cijas-dro%C5%A1%C4%ABbas-konsultants-e-seb-riga-at-seb-latvija-4440034855,"Information Security Consultant (internal specialist role) / Informācijas drošības konsultants(-e) | SEB, Riga",,scraped,2026-07-15T15:20:52.551636,
e1a1fa956268215d,https://lv.linkedin.com/jobs/view/service-desk-specialist-tieto-indtech-m-f-d-at-tieto-4429841625,Service Desk specialist Tieto Indtech (m/f/d),Tieto,posted,2026-07-15T15:21:13.224547,667
d751a110d4699341,https://lv.linkedin.com/jobs/view/ipt-lead-for-ground-support-equipment-at-redwire-4439892579,IPT Lead for Ground Support Equipment,Redwire,posted,2026-07-15T15:21:24.887047,669
867d3d603bf629d0,https://lv.linkedin.com/jobs/view/business-development-manager-at-eat-in-hotels-4439743097,Business Development Manager,Eat in Hotels,posted,2026-07-15T15:21:38.017062,494
bfe744dad0e14919,https://lv.linkedin.com/jobs/view/environmental-and-energy-manager-at-redwire-4440999387,Environmental and Energy Manager,Redwire,posted,2026-07-15T15:21:51.504561,671
f6126f87b08321bc,https://lv.linkedin.com/jobs/view/regional-sales-manager-%E2%80%93-cardiology-radiology-neuro-latvia-estonia-at-baltics-medical-4438070968,"Regional Sales Manager – Cardiology, Radiology & Neuro | Latvia & Estonia",,scraped,2026-07-15T15:21:54.176596,
5f959fbc27fbf23a,https://lv.linkedin.com/jobs/view/finance-systems-transformation-manager-at-storent-europe-4440539062,Finance Systems & Transformation Manager,,scraped,2026-07-15T15:22:09.821128,
606ba4aa5123eeba,https://lv.linkedin.com/jobs/view/juriskonsults-at-atbalsta-instrumenti-vardarb%C4%ABbas-%C4%A3imen%C4%93-mazin%C4%81%C5%A1anai-4437649746,JURISKONSULTS,,scraped,2026-07-15T15:22:16.222012,
11353bbbfeb592c6,https://lv.linkedin.com/jobs/view/werkstattmonteur-langenhagen-koblenz-wiedemar-at-aebi-schmidt-group-4440207495,Werkstattmonteur Langenhagen/ Koblenz/ Wiedemar,,scraped,2026-07-15T15:22:25.547646,
41ac74e2211236bd,https://lv.linkedin.com/jobs/view/finan%C5%A1u-anal%C4%ABti%C4%B7is-e-resursu-p%C4%81rvald%C4%ABbas-komand%C4%81-at-maxima-latvija-4437255591,Finanšu analītiķis/e (Resursu pārvaldības komandā),,scraped,2026-07-15T15:22:36.750891,
1fee94459b5df604,https://lv.linkedin.com/jobs/view/senior-privacy-engineer-at-duckduckgo-4430041028,Senior Privacy Engineer,DuckDuckGo,posted,2026-07-15T15:22:53.134937,673
a40496ea6c66aec7,https://lv.linkedin.com/jobs/view/computer-vision-engineer-at-strativ-group-4440003146,Computer Vision Engineer,,scraped,2026-07-15T15:22:55.849692,
2d520a7e24a7ad37,https://lv.linkedin.com/jobs/view/digit%C4%81l%C4%81-satura-m%C4%81rketinga-speci%C4%81lists-e-at-latio-real-estate-4438071453,Digitālā satura mārketinga speciālists/-e,,scraped,2026-07-15T15:23:11.587302,
c505a9756204f555,https://lv.linkedin.com/jobs/view/senior-it-support-specialist-at-redwire-europe-4438090675,SENIOR IT SUPPORT SPECIALIST,,scraped,2026-07-15T15:23:19.582196,
469e228a4a6f3c96,https://lv.linkedin.com/jobs/view/embedded-software-developer-at-redwire-europe-4437260746,Embedded Software Developer,,scraped,2026-07-15T15:23:31.157246,
f615c5fa97fc3a04,https://lv.linkedin.com/jobs/view/senior-finance-business-process-expert-bpe-a2r-at-datwyler-group-4440357218,Senior Finance Business Process Expert (BPE) A2R,Datwyler Group,posted,2026-07-15T15:25:00.478021,675
098f316d6d0f0ef5,https://lv.linkedin.com/jobs/view/customer-support-operations-agent-dutch-speaker-at-bolt-4440218924,Customer Support Operations Agent - Dutch Speaker,,scraped,2026-07-15T15:25:07.262671,
7da570d12805048f,https://lv.linkedin.com/jobs/view/laboranta-pal%C4%ABgs-apmaks%C4%81ta-prakse-at-prakse-lv-4440572105,Laboranta palīgs APMAKSĀTA PRAKSE,Prakse.lv,posted,2026-07-15T15:25:26.117504,677
387335985e402aad,https://lv.linkedin.com/jobs/view/information-governance-manager-m-f-d-at-eit-rawmaterials-4440218675,Information Governance Manager (m/f/d),,scraped,2026-07-15T15:25:38.819146,
f4dab58173be8a32,https://lv.linkedin.com/jobs/view/dizaineris-apmaks%C4%81ta-prakse-at-prakse-lv-4440890398,Dizaineris APMAKSĀTA PRAKSE,Prakse.lv,posted,2026-07-15T15:25:56.891482,679
bc2682baf4eb2be8,https://lv.linkedin.com/jobs/view/digit%C4%81l%C4%81-satura-veido%C5%A1anas-praktikants-e-at-imperio-4438402196,Digitālā satura veidošanas praktikants/-e,IMPERIO,posted,2026-07-15T15:26:45.993141,681
f81c0276963e77d0,https://lv.linkedin.com/jobs/view/fitbit-customer-support-specialist-with-danish-and-english-at-telus-digital-4440534332,Fitbit Customer Support Specialist with Danish and English,,scraped,2026-07-15T15:26:48.636011,
66a286c7d4a9fff8,https://lv.linkedin.com/jobs/view/russian-team-lead-at-sme-careers-4431300631,Russian Team Lead,SME Careers,posted,2026-07-15T15:27:08.048939,683
e27fd0c0e8158bd1,https://lv.linkedin.com/jobs/view/sap-abap-developer-with-java-at-epam-systems-4289658766,SAP ABAP Developer with Java,EPAM Systems,posted,2026-07-15T15:27:18.424664,685
eab46de884c72797,https://lv.linkedin.com/jobs/view/senior-lead-sap-mm-consultant-at-epam-systems-4289606818,Senior/Lead SAP MM Consultant,EPAM Systems,posted,2026-07-15T15:27:32.188388,687
65e8873474b51b95,https://lv.linkedin.com/jobs/view/black-hawk-field-technician-at-saic-4431141098,Black Hawk Field Technician,SAIC,posted,2026-07-15T15:27:46.825102,689
b651ce660996973e,https://lv.linkedin.com/jobs/view/lead-net-developer-with-aws-experience-at-epam-systems-4291796876,Lead .NET Developer with AWS experience,EPAM Systems,posted,2026-07-15T15:27:57.777081,691
63c61c68c577135d,https://lv.linkedin.com/jobs/view/application-owner-erp-finance-applications-lead%E2%80%91to%E2%80%91bill-source%E2%80%91to%E2%80%91pay-record%E2%80%91to%E2%80%91report-at-vivicta-4440069166,Application Owner - ERP & Finance Applications (Lead‑to‑Bill / Source‑to‑Pay / Record‑to‑Report),Vivicta,posted,2026-07-15T15:28:14.529924,693
35c25ee85ba15d22,https://lv.linkedin.com/jobs/view/back-office-operations-systems-specialist-at-circle-k-4411727669,Back Office Operations & Systems Specialist,,scraped,2026-07-15T15:28:17.257568,
a18a31dafa127353,https://lv.linkedin.com/jobs/view/senior-sw-applications-engineer-uav-at-redwire-4439882798,Senior SW Applications Engineer (UAV),Redwire,posted,2026-07-15T15:28:34.886038,695
0076984341328c9b,https://lv.linkedin.com/jobs/view/associate-manager-customer-marketing-bangkok-based-relocation-provided-at-agoda-4410540789,"Associate Manager, Customer Marketing (Bangkok Based, Relocation Provided)",Agoda,posted,2026-07-15T15:28:50.042291,697
b0c320944f730b79,https://lv.linkedin.com/jobs/view/senior-security-test-engineer-a2a-at-epam-systems-4438082445,Senior Security & Test Engineer (A2A),EPAM Systems,posted,2026-07-15T15:29:00.479169,699
b8963aedad4db1c0,https://lv.linkedin.com/jobs/view/video-satura-veidot%C4%81js-apmaks%C4%81ta-prakse-at-prakse-lv-4440562626,Video satura veidotājs APMAKSĀTA PRAKSE,Prakse.lv,posted,2026-07-15T15:29:12.363311,701
53f451119d0ad605,https://lv.linkedin.com/jobs/view/m%C4%81rketinga-speci%C4%81lists-projektu-vad%C4%ABt%C4%81js-at-prakse-lv-4440568249,Mārketinga speciālists / Projektu vadītājs,Prakse.lv,posted,2026-07-15T15:29:26.841254,703
3eebee4c93409282,https://lv.linkedin.com/jobs/view/senior-ground-control-software-engineer-uav-at-redwire-4439898318,Senior Ground Control Software Engineer (UAV),Redwire,posted,2026-07-15T15:29:39.272127,705
4ad30c0472da4661,https://lv.linkedin.com/jobs/view/salesforce-technical-architect-at-epam-systems-4289623020,Salesforce Technical Architect,EPAM Systems,posted,2026-07-15T15:29:53.168623,707
aa229ea5be98bd21,https://lv.linkedin.com/jobs/view/sap-cloud-platform-developer-at-epam-systems-4289655861,SAP Cloud Platform Developer,EPAM Systems,posted,2026-07-15T15:30:05.730585,709
e266466c728945f3,https://lv.linkedin.com/jobs/view/klientu-apkalpo%C5%A1anas-speci%C4%81lists-e-ar-latvie%C5%A1u-valodas-zin%C4%81%C5%A1an%C4%81m-at-concentrix-4399768566,Klientu apkalpošanas speciālists/-e (ar latviešu valodas zināšanām),Concentrix,posted,2026-07-15T15:30:20.293761,711
04374a8b719bd059,https://lv.linkedin.com/jobs/view/technical-seo-developer-german-proficient-at-tech-mahindra-4439882739,Technical SEO Developer - German Proficient,,scraped,2026-07-15T15:30:24.939399,
37eaa80c36c39680,https://lv.linkedin.com/jobs/view/apsargs-liep%C4%81j%C4%81-at-g4s-4391522861,Apsargs Liepājā,G4S,posted,2026-07-17T15:01:53.000133,713
710a26d636e65fd0,https://lv.linkedin.com/jobs/view/administrative-supervisor-at-larimer-county-department-of-health-and-environment-4438761509,Administrative Supervisor,Larimer County Department of Health and Environment,posted,2026-07-17T15:02:03.351402,715
95d9068648b18548,https://lv.linkedin.com/jobs/view/recruiter-at-ips-baltics-b-corp%E2%84%A2-4441956782,Recruiter,iPS Baltics (B Corp™),posted,2026-07-17T15:02:52.273228,717
a74b556224c22cf6,https://lv.linkedin.com/jobs/view/fuel-pricing-consultant-at-circle-k-4403964187,Fuel Pricing Consultant,,scraped,2026-07-17T15:02:57.040719,
443b6a03ec344f1a,https://lv.linkedin.com/jobs/view/security-specialist-at-brink%E2%80%99s-inc-4441604716,Security specialist,Brink’s Inc,posted,2026-07-17T15:03:10.974091,719
6d893dd4f76cd421,https://lv.linkedin.com/jobs/view/data-steward-at-luminor-group-4440540246,Data Steward,Luminor Group,posted,2026-07-17T15:03:28.412011,721
4484e5abd16b6fee,https://lv.linkedin.com/jobs/view/category-buyer-at-cabot-corporation-4441962632,Category Buyer,Cabot Corporation,posted,2026-07-17T15:03:38.261415,723
319a756cc5863d1b,https://lv.linkedin.com/jobs/view/front-office-receptionist-in-radisson-hotel-old-town-riga-at-radisson-hotel-group-4441980941,Front Office Receptionist in Radisson Hotel Old Town Riga,Radisson Hotel Group,posted,2026-07-17T15:03:51.861255,725
9013e825195abee0,https://lv.linkedin.com/jobs/view/intern-fullstack-developer-at-stylaxis-4438933567,Intern Fullstack Developer,,scraped,2026-07-17T15:03:54.622360,
44a88f878c52e897,https://lv.linkedin.com/jobs/view/social-media-content-manager-luxury-interior-design-at-katz-interiors-4439228887,Social Media & Content Manager | Luxury Interior Design,,scraped,2026-07-17T15:04:03.321098,
1aeb8500bf641096,https://lv.linkedin.com/jobs/view/aerospace-engineer-at-pro-drone-engineering-4441690832,AEROSPACE ENGINEER,,scraped,2026-07-17T15:04:11.784880,
08d5827e7a1007fa,https://lv.linkedin.com/jobs/view/biroja-vad%C4%ABt%C4%81js-a-office-manager-at-evolution-4437257888,Biroja vadītājs(-a)/ Office Manager,,scraped,2026-07-17T15:04:20.271883,
00c70bac597ee837,https://lv.linkedin.com/jobs/view/skylux-travel-consultant-latvia-at-dyninno-group-4441466587,SkyLux Travel Consultant Latvia,Dyninno Group,posted,2026-07-17T15:04:33.833487,727
b83d0a07a041f18e,https://lv.linkedin.com/jobs/view/production-technician-epsilon-department-at-redwire-4441445255,Production Technician  (Epsilon Department)),Redwire,posted,2026-07-17T15:04:43.372687,729
9594477fae849181,https://lv.linkedin.com/jobs/view/project-manager-latvia-at-kuzu-group-4438708747,Project Manager (Latvia),,scraped,2026-07-17T15:04:54.063745,
df5e374601c34493,https://lv.linkedin.com/jobs/view/senior-ugc-creative-producer-remote-at-pragmatike-4439345501,Senior UGC Creative Producer (Remote),,scraped,2026-07-17T15:05:01.936360,
6fca24a9dcca28d4,https://lv.linkedin.com/jobs/view/chief-commercial-officer-commercial-growth-partner-at-buysellvouchers-com-4441947130,Chief Commercial Officer / Commercial Growth Partner,,scraped,2026-07-17T15:05:08.648158,
8e9328108df6e0ee,https://lv.linkedin.com/jobs/view/technical-office-chief-manager-latvia-albania-at-kuzu-group-4439219275,Technical Office Chief/Manager (Latvia/Albania),,scraped,2026-07-17T15:05:17.911063,
6f390a7f3f032c80,https://lv.linkedin.com/jobs/view/automeh%C4%81ni%C4%B7is-p%C4%93rnciem%C4%81-at-moller-auto-baltic-4439401773,Automehāniķis Pērnciemā,,scraped,2026-07-17T15:05:25.817704,
60fddbdd0bb48275,https://lv.linkedin.com/jobs/view/backend-engineer-java-at-mintos-4439955399,Backend Engineer (Java),,scraped,2026-07-17T15:05:33.302167,
3753f35ae1e333c9,https://lv.linkedin.com/jobs/view/senior-mechanical-engineer-at-redwire-europe-4438085570,Senior Mechanical Engineer,,scraped,2026-07-17T15:05:42.745469,
9371add38f54512f,https://lv.linkedin.com/jobs/view/abuse-and-compliance-manager-at-ultahost-4439861256,Abuse and Compliance Manager,UltaHost,posted,2026-07-17T15:05:52.671640,424
88dd1cc2ea4ee041,https://lv.linkedin.com/jobs/view/frizieri-uz-norv%C4%93%C4%A3iju-at-eutalents-4440613462,Frizieri uz Norvēģiju,EUTALENTS,posted,2026-07-17T15:06:07.248376,731
c3ee3de0412045cf,https://lv.linkedin.com/jobs/view/product-owner-at-selfnamed-4439219977,Product Owner,Selfnamed,posted,2026-07-17T15:06:17.428183,733
dc7a625d8307fe7b,https://lv.linkedin.com/jobs/view/sales-team-lead-at-evotym-4440611559,Sales Team Lead,,scraped,2026-07-17T15:06:20.089243,
80191bf83945f256,https://lv.linkedin.com/jobs/view/safety-officer-%E2%80%93-fatigue-risk-management-at-norse-atlantic-airways-4439903650,Safety Officer – Fatigue Risk Management,Norse Atlantic Airways,posted,2026-07-17T15:06:37.186123,735
1f6f9d874c117b9f,https://lv.linkedin.com/jobs/view/cluster-revenue-manager-at-radisson-hotel-group-4440954949,Cluster Revenue Manager,Radisson Hotel Group,posted,2026-07-17T15:06:52.195526,737
ae9c7d383a84e436,https://lv.linkedin.com/jobs/view/events-manager-at-psi-cro-4438722277,Events Manager,,scraped,2026-07-17T15:07:00.874123,
6cf5886dd54e7006,https://lv.linkedin.com/jobs/view/financial-controller-at-redwire-4439898320,Financial Controller,Redwire,posted,2026-07-17T15:07:11.717627,386
df9d4caa02bc9276,https://lv.linkedin.com/jobs/view/solution-consultant-%E2%80%93-data-presales-at-promise-group-4440801285,Solution Consultant – Data (PreSales),,scraped,2026-07-17T15:07:14.396756,
be09e9cdb77124af,https://lv.linkedin.com/jobs/view/network-administrator-at-cavendish-professionals-4439212716,Network Administrator,,scraped,2026-07-17T15:07:23.500741,
6df2c67e36105f58,https://lv.linkedin.com/jobs/view/flight-control-systems-engineer-at-pro-drone-engineering-4441900309,FLIGHT CONTROL SYSTEMS ENGINEER,,scraped,2026-07-17T15:07:39.858162,
9a58991621738e8d,https://lv.linkedin.com/jobs/view/propulsion-system-technician-at-redwire-4439897434,Propulsion System Technician,Redwire,posted,2026-07-17T15:07:48.661713,138
8641d67e5542c8f8,https://lv.linkedin.com/jobs/view/biznesa-anal%C4%ABti%C4%B7is-darb%C4%81-ar-digit%C4%81lajiem-risin%C4%81jumiem-at-storent-europe-4440525531,Biznesa analītiķis darbā ar digitālajiem risinājumiem,,scraped,2026-07-17T15:07:51.442296,
8a39278e6b0820df,https://lv.linkedin.com/jobs/view/it-sales-agent-b2b-at-king-digital-4438080074,IT Sales Agent (B2B),,scraped,2026-07-17T15:07:57.779083,
55c2f6a775b4ad05,https://lv.linkedin.com/jobs/view/kreditoru-gr%C4%81matvedis-e-at-elko-group-4440949799,Kreditoru grāmatvedis/-e,,scraped,2026-07-17T15:08:07.773182,
07a26811b6d1fdb3,https://lv.linkedin.com/jobs/view/head-of-logistics-at-cvmarket-lv-4438097394,Head Of Logistics,,scraped,2026-07-17T15:08:16.696477,
ad7958b271077614,https://lv.linkedin.com/jobs/view/network-administrator-at-mellenu-holding-4428859573,Network Administrator,Mellenu Holding,posted,2026-07-17T15:08:34.707539,739
69669b9fb5710a66,https://lv.linkedin.com/jobs/view/data-qa-specialist-at-strategic-staffing-solutions-4441964688,Data QA Specialist,Strategic Staffing Solutions,posted,2026-07-17T15:08:44.194524,741
b8ebd7408224dd2d,https://lv.linkedin.com/jobs/view/automeh%C4%81ni%C4%B7is-p%C4%93rnciem%C4%81%0A-%0A%0A-%0Aserviss%0A%0A-%C2%B7%0A%0A-p%C4%93rnciems-at-moller-auto-baltic-4440007160,"Automehāniķis Pērnciemā
    

    
Serviss

  ·

    Pērnciems",,scraped,2026-07-17T15:08:46.860483,
7b0b6bbf9e2899c2,https://lv.linkedin.com/jobs/view/swedish-speaking-customer-support-for-vehicle-manufacturer-in-athens-greece-at-next-job-abroad-4440974514,"Swedish-speaking Customer Support for Vehicle Manufacturer in Athens, Greece",,scraped,2026-07-17T15:08:54.151178,
094f87a3068bdcf6,https://lv.linkedin.com/jobs/view/embedded-software-developers-junior-mid-senior-at-redwire-4439894565,Embedded Software Developers (Junior & Mid-Senior),Redwire,posted,2026-07-17T15:09:08.662761,743
3d9d2d68b3d333f5,https://lv.linkedin.com/jobs/view/human-resources-manager-intern-starting-from-december-2026-at-bloom-consulting-4440920541,Human Resources Manager Intern (Starting From December 2026),,scraped,2026-07-17T15:09:11.360188,
a8d5b3708fe15b79,https://lv.linkedin.com/jobs/view/%C4%ABpa%C5%A1uma-apdro%C5%A1in%C4%81%C5%A1anas-atl%C4%ABdz%C4%ABbu-administr%C4%93%C5%A1anas-speci%C4%81lists-e-at-balta-apdro%C5%A1in%C4%81%C5%A1ana-4441176238,Īpašuma apdrošināšanas atlīdzību administrēšanas speciālists/-e,BALTA apdrošināšana,posted,2026-07-17T15:09:29.623242,745
f39b4f174af47945,https://lv.linkedin.com/jobs/view/m%C4%81sa-oper%C4%81ciju-blok%C4%81-c-at-paula-stradi%C5%86a-kl%C4%ABnisk%C4%81-universit%C4%81tes-slimn%C4%ABca-4441166349,MĀSA Operāciju blokā C,,scraped,2026-07-17T15:09:32.304427,
12c895499ce5dccf,https://lv.linkedin.com/jobs/view/gnc-engineer-px4-flight-tuning-at-redwire-4439880877,GNC Engineer-PX4 Flight Tuning,Redwire,posted,2026-07-17T15:09:48.050995,747
cc63c9400172c0c8,https://lv.linkedin.com/jobs/view/mobile-application-developer-at-taltap-4438075204,Mobile Application Developer,,scraped,2026-07-17T15:09:50.705275,
6864d3f80fcb0f46,https://lv.linkedin.com/jobs/view/latvian-linguistic-tester-remote-mac-m-series-required-at-acclaro-4441951012,Latvian Linguistic Tester (Remote) - Mac M-Series Required,Acclaro,posted,2026-07-17T15:10:06.381772,749
5833e1a249434815,https://lv.linkedin.com/jobs/view/latvian-linguistic-tester-remote-mac-m-series-required-at-acclaro-4441950014,Latvian Linguistic Tester (Remote) - Mac M-Series Required,Acclaro,posted,2026-07-17T15:10:11.260351,749
8d455c96d2efaa9d,https://lv.linkedin.com/jobs/view/senior-sales-specialist-at-strategic-staffing-solutions-4438731039,Senior Sales Specialist,Strategic Staffing Solutions,posted,2026-07-17T15:10:16.122945,156
e4bb7da7f22f5576,https://lv.linkedin.com/jobs/view/copywriter-meta-ads-webinar-funnels-at-recodemand-corp-4440732894,Copywriter - Meta Ads & Webinar Funnels,,scraped,2026-07-17T15:10:18.917500,
541966ec28791265,https://lv.linkedin.com/jobs/view/tech-support-engineer-night-shift-at-sph-engineering-4440780936,Tech Support Engineer (Night Shift),,scraped,2026-07-17T15:10:25.431313,
dc60bd6eb14c36a9,https://lv.linkedin.com/jobs/view/distribution-compliance-officer-at-circle-k-4441182711,Distribution Compliance Officer,,scraped,2026-07-17T15:10:35.762438,
46117518389c5f17,https://lv.linkedin.com/jobs/view/biroja-administrators-e-at-sia-sma-4438090929,BIROJA ADMINISTRATORS/-E,,scraped,2026-07-17T15:10:44.069868,
346242bfb5fa5f09,https://lv.linkedin.com/jobs/view/p%C4%81rdo%C5%A1anas-speci%C4%81lists-e-at-equilia-4439201773,Pārdošanas speciālists/-e,,scraped,2026-07-17T15:10:51.180729,
873cd2681f73afef,https://lv.linkedin.com/jobs/view/delivery-lead-at-luminor-group-4433348736,Delivery Lead,Luminor Group,posted,2026-07-17T15:11:12.679761,751
4ddb43a4ba378cd5,https://lv.linkedin.com/jobs/view/quality-assurance-manager-at-kronospan-4439135642,Quality Assurance Manager,,scraped,2026-07-17T15:11:15.352072,
02f513da1d53369d,https://lv.linkedin.com/jobs/view/kabe%C4%BCu-tehni%C4%B7is-e-at-tet-lv-4440259654,Kabeļu tehniķis/-e,,scraped,2026-07-17T15:11:25.186858,
78679e93c516a1db,https://lv.linkedin.com/jobs/view/production-technician-epsilon-department-at-redwire-4440240614,Production Technician (Epsilon Department)),Redwire,posted,2026-07-17T15:11:36.149898,729
c71b542f654d4e39,https://lv.linkedin.com/jobs/view/systems-network-specialist-at-q-beyond-riga-4410181186,Systems Network Specialist,,scraped,2026-07-17T15:11:38.898273,
0633c1320bda4b69,https://lv.linkedin.com/jobs/view/assurance-manager-senior-manager-assurance-latvia-at-acca-careers-4440978061,Assurance Manager/ Senior Manager | Assurance | Latvia,,scraped,2026-07-17T15:11:47.956978,
052976b28f6676e1,https://lv.linkedin.com/jobs/view/financial-risk-quant-analyst-at-swedbank-latvija-4438791785,Financial Risk Quant Analyst,,scraped,2026-07-17T15:11:58.966393,
1020c84c9c1e30c3,https://lv.linkedin.com/jobs/view/microsoft-d365-ce-solution-consultant-at-vivicta-4423524099,Microsoft D365 CE Solution Consultant,Vivicta,posted,2026-07-17T15:12:13.168994,753
12fd53546728ff46,https://lv.linkedin.com/jobs/view/m%C4%81sa-34-acu-slim%C4%ABbu-dienas-stacion%C4%81r%C4%81-at-paula-stradi%C5%86a-kl%C4%ABnisk%C4%81-universit%C4%81tes-slimn%C4%ABca-4440255422,MĀSA 34. Acu slimību dienas stacionārā,,scraped,2026-07-17T15:12:19.909938,
019d05db219bb466,https://lv.linkedin.com/jobs/view/ra%C5%BEo%C5%A1anas-procesu-tehni%C4%B7is-e-process-improvement-technician-at-ae-partner-4442108035,Ražošanas procesu tehniķis/-e (Process Improvement Technician),,scraped,2026-07-17T15:12:30.950295,
eba7beb3c1e67fc4,https://lv.linkedin.com/jobs/view/iek%C5%A1%C4%93j%C4%81s-komunik%C4%81cijas-vad%C4%ABt%C4%81js-a-at-swedbank-latvija-4439240135,Iekšējās komunikācijas vadītājs(-a),,scraped,2026-07-17T15:12:39.569828,
e8aa0291907d52c4,https://lv.linkedin.com/jobs/view/p%C4%81rdo%C5%A1anas-eksperts-ar-biznesa-klientiem-at-tele2-latvia-4321414316,Pārdošanas eksperts (ar biznesa klientiem),,scraped,2026-07-17T15:12:46.430253,
2feb73c98d91ed98,https://lv.linkedin.com/jobs/view/ios-developer-at-ubiquiti-inc-4395240422,iOS Developer,Ubiquiti Inc.,posted,2026-07-17T15:12:57.035705,558
60dbf64acd0d811c,https://lv.linkedin.com/jobs/view/aerodynamics-specialist-at-pro-drone-engineering-4441903237,AERODYNAMICS SPECIALIST,,scraped,2026-07-17T15:12:59.697315,
bd27ac5677b4bbd1,https://lv.linkedin.com/jobs/view/scrum-master-tieto-banktech-m-f-d-at-tieto-4433868214,"Scrum Master, Tieto Banktech (m/f/d)",Tieto,posted,2026-07-17T15:13:12.909597,755
6ef92f52fef518ab,https://lv.linkedin.com/jobs/view/lead-servicenow-developer-at-epam-systems-4406476342,Lead ServiceNow Developer,EPAM Systems,posted,2026-07-17T15:13:23.131552,757
cc0ba1988f62c213,https://lv.linkedin.com/jobs/view/vado%C5%A1ais-%C4%81-finan%C5%A1u-anal%C4%ABti%C4%B7is-e-naudas-l%C4%ABdzek-at-tet-lv-4438429160,Vadošais/-ā finanšu analītiķis/-e naudas līdzek...,,scraped,2026-07-17T15:13:25.853102,
e49fe65775a59649,https://lv.linkedin.com/jobs/view/data-analyst-at-appxite-4440054781,Data Analyst,,scraped,2026-07-17T15:13:34.512350,
1f8185caf5af3850,https://lv.linkedin.com/jobs/view/mobile-application-developer-at-entertech-inc-4440760111,Mobile Application Developer,"EnterTech, Inc",posted,2026-07-17T15:13:48.185478,759
7c8c1561ab068e6c,https://lv.linkedin.com/jobs/view/izvietojuma-pl%C4%81no%C5%A1anas-speci%C4%81lists-e-poz%C4%ABcija-uz-noteiktu-laiku-at-rimi-baltic-group-4441638109,Izvietojuma plānošanas speciālists/-e (Pozīcija uz noteiktu laiku),,scraped,2026-07-17T15:13:50.860574,
cf8ad7e0880da040,https://lv.linkedin.com/jobs/view/avk-in%C5%BEenieris-e-t%C4%81m%C4%93t%C4%81js-a-at-tet-lv-4440255741,AVK inženieris/-e (tāmētājs/-a),,scraped,2026-07-17T15:13:58.322737,
03477afdea17a612,https://lv.linkedin.com/jobs/view/data-technology-consultant-data-engineering-at-epam-systems-4437694645,Data Technology Consultant (Data Engineering),EPAM Systems,posted,2026-07-17T15:14:12.689608,761
f8e8c08b8ed2e13d,https://lv.linkedin.com/jobs/view/p%C4%81rdev%C4%93jus-konsultantus-t-c-alfa-h-m-riga-20h-n-uz-noteiktu-laiku-at-h-m-4440919290,"PĀRDEVĒJUS-KONSULTANTUS T/C Alfa  H&M, Riga (20h/n uz noteiktu laiku)",H&M,posted,2026-07-17T15:14:26.659142,763
b5901822c6124b6a,https://lv.linkedin.com/jobs/view/finan%C5%A1u-datu-apstr%C4%81des-un-anal%C4%ABzes-speci%C4%81lists-e-pwc-audita-noda%C4%BC%C4%81-at-pwc-latvija-4441194480,Finanšu datu apstrādes un analīzes speciālists/-e PwC Audita nodaļā,PwC Latvija,posted,2026-07-17T15:14:39.007478,765
94ca817604b8315f,https://lv.linkedin.com/jobs/view/german-speaking-terminal-operations-coordinator-at-circle-k-4424208087,German speaking Terminal Operations Coordinator,,scraped,2026-07-17T15:14:43.807181,
016e3a9df2a097ff,https://lv.linkedin.com/jobs/view/security-engineer-at-avalanche-laboratory-4437690155,Security Engineer,,scraped,2026-07-17T15:14:50.480608,
ed70dfe15c06d41b,https://lv.linkedin.com/jobs/view/software-engineer-ios-at-luminor-group-4441442902,Software Engineer (iOS),Luminor Group,posted,2026-07-17T15:15:11.076516,767
88f865fd9e506d11,https://lv.linkedin.com/jobs/view/kvalit%C4%81tes-p%C4%81rvald%C4%ABbas-speci%C4%81lists-e-at-stora-enso-4440691515,Kvalitātes pārvaldības speciālists /e,Stora Enso,posted,2026-07-17T15:15:26.021815,769
dba02df6a9e4fc56,https://lv.linkedin.com/jobs/view/principal-director-data-analytics-consulting-for-financial-services-at-epam-systems-4353494776,"Principal/Director, Data Analytics Consulting for Financial Services",EPAM Systems,posted,2026-07-17T15:15:34.478475,771
4a149405ab25899f,https://lv.linkedin.com/jobs/view/specialist-finance-at-circle-k-4413815158,Specialist Finance,,scraped,2026-07-17T15:15:43.174763,
d8d7ec63eadf24b2,https://lv.linkedin.com/jobs/view/cloud-solution-developer-m%C4%81ko%C5%86a-risin%C4%81jumu-izst%C4%81d%C4%81t%C4%81js-a-seb-riga-at-seb-latvija-4440001019,"Cloud Solution Developer / Mākoņa risinājumu izstādātājs/-a | SEB, Riga",,scraped,2026-07-17T15:15:51.710164,
1d0f3299776ecd83,https://lv.linkedin.com/jobs/view/senior-lending-advisor-at-luminor-group-4392954338,Senior Lending Advisor,Luminor Group,posted,2026-07-17T15:16:15.133771,773
eeaf6a67a50103a5,https://lv.linkedin.com/jobs/view/senior-ai-engineer-at-epam-systems-4310704202,Senior AI Engineer,EPAM Systems,posted,2026-07-17T15:16:23.274900,775
583cef9ec2fcff14,https://lv.linkedin.com/jobs/view/senior-backend-engineer-java-architecture-at-watu-credit-4441994301,Senior Backend Engineer - Java/Architecture,,scraped,2026-07-17T15:16:29.965656,
a81bae305a6e1a0a,https://lv.linkedin.com/jobs/view/werken-in-lissabon-marketing-advertising-sales-expert-at-global-people-sphere-4439968324,Werken in Lissabon: Marketing & Advertising Sales Expert,Global People Sphere,posted,2026-07-17T15:16:44.820582,777
27ffe96ee7f91da2,https://lv.linkedin.com/jobs/view/senior-qa-automation-engineer-java-at-emergn-4429798641,Senior QA Automation Engineer (Java),,scraped,2026-07-17T15:16:47.603166,
627f1f5a5be95bf7,https://lv.linkedin.com/jobs/view/park-ranger-temp-at-larimer-county-department-of-health-and-environment-4438430781,Park Ranger TEMP,Larimer County Department of Health and Environment,posted,2026-07-17T15:17:03.259173,779
defe18f23e3cbf38,https://lv.linkedin.com/jobs/view/swedish-speaking-road-assistant-support-for-truck-company-in-athens-gr-at-next-job-abroad-4441944919,"Swedish-speaking Road Assistant Support for Truck Company in Athens, Gr",,scraped,2026-07-17T15:17:08.084709,
a73d1c675d4ec696,https://lv.linkedin.com/jobs/view/digital-trust-and-safety-specialist-with-danish-and-english-relocation-to-sofia-bulgaria-at-telus-digital-4428859398,"Digital Trust and Safety Specialist with Danish and English - Relocation to Sofia, Bulgaria",,scraped,2026-07-17T15:17:16.253468,
914113f7eec1877a,https://lv.linkedin.com/jobs/view/user-experience-designer-at-cavendish-professionals-4437266121,User Experience Designer,,scraped,2026-07-17T15:17:23.386622,
7e780fa611469c5d,https://lv.linkedin.com/jobs/view/embedded-firmware-engineer-at-ubiquiti-inc-4395234587,Embedded Firmware Engineer,Ubiquiti Inc.,posted,2026-07-17T15:17:47.044823,781
1839e9d380abef5a,https://lv.linkedin.com/jobs/view/norwegian%C2%A0speaking-customer%C2%A0consultant-at-circle-k-4440245956,Norwegian Speaking Customer Consultant,,scraped,2026-07-17T15:17:49.684008,
4dfc5175a4625006,https://lv.linkedin.com/jobs/view/senior-quality-assurance-engineer-at-redwire-4439901139,Senior Quality Assurance Engineer,Redwire,posted,2026-07-17T15:18:03.436495,783
d838dd57a2c39675,https://lv.linkedin.com/jobs/view/ai-solution-architect-at-epam-systems-4364100945,AI Solution Architect,EPAM Systems,posted,2026-07-17T15:18:12.317635,785
69b11fb8a4ed51d1,https://lv.linkedin.com/jobs/view/google-cloud-solution-architect-at-epam-systems-4438476459,Google Cloud Solution Architect,EPAM Systems,posted,2026-07-17T15:18:20.934840,787
2f55c15237fc257f,https://lv.linkedin.com/jobs/view/senior-sharepoint-engineer-at-epam-systems-4353433919,Senior SharePoint Engineer,EPAM Systems,posted,2026-07-17T15:18:31.066283,789
dfbd3c39e960ada2,https://lv.linkedin.com/jobs/view/senior-sap-mdg-consultant-at-epam-systems-4289653823,Senior SAP MDG Consultant,EPAM Systems,posted,2026-07-17T15:18:39.175128,791
9fb3fc82482d0ccc,https://lv.linkedin.com/jobs/view/klientu-apkalpo%C5%A1anas-speci%C4%81lists-e-samsung-komand%C4%81-at-concentrix-4411141984,Klientu apkalpošanas speciālists/-e (Samsung komandā),Concentrix,posted,2026-07-17T15:18:50.578762,793
de9bbb38e0f6f615,https://lv.linkedin.com/jobs/view/lead-sap-fico-consultant-at-epam-systems-4388351567,Lead SAP FICO Consultant,EPAM Systems,posted,2026-07-17T15:18:55.467300,114
baf822f9748ca28c,https://lv.linkedin.com/jobs/view/sap-ewm-functional-consultant-at-accenture-baltics-4387792418,SAP EWM Functional consultant,Accenture Baltics,posted,2026-07-17T15:19:03.951179,556
4faf7bccdc0b4f14,https://lv.linkedin.com/jobs/view/lead-devops-engineer-at-epam-systems-4438470740,Lead DevOps Engineer,EPAM Systems,posted,2026-07-17T15:19:12.419475,795
3ce6f3708a0d6eec,https://lv.linkedin.com/jobs/view/m%C4%81rketinga-mened%C5%BEeris-baltijas-valst%C4%ABs-latvija-lietuva-igaunija-at-pn-baltic-sia-4438065965,"Mārketinga menedžeris Baltijas valstīs: Latvija, Lietuva, Igaunija",,scraped,2026-07-17T15:19:15.152823,
04580f183af64315,https://lv.linkedin.com/jobs/view/senior-system-analyst-flexcube-at-epam-systems-4410152203,Senior System Analyst (Flexcube),EPAM Systems,posted,2026-07-17T15:19:33.739733,797
d3faadf6cdd6bfb0,https://lv.linkedin.com/jobs/view/senior-fuel-pricing-consultant-at-circle-k-4404205168,Senior Fuel Pricing Consultant,,scraped,2026-07-17T15:19:36.647557,
c13bf144b69db463,https://lv.linkedin.com/jobs/view/lead-sap-developer-with-java-at-epam-systems-4438794898,Lead SAP Developer (with Java),EPAM Systems,posted,2026-07-17T15:19:51.008139,799
4fa50afa54541878,https://lv.linkedin.com/jobs/view/policy-engineer-with-cedar-at-epam-systems-4437671402,Policy Engineer with Cedar,EPAM Systems,posted,2026-07-17T15:20:01.796614,801
265da4fb5b544a9d,https://lv.linkedin.com/jobs/view/analyst-senior-analyst-pricing-optimization-bangkok-based-relocation-provided-at-agoda-4441443362,"Analyst/ Senior Analyst, Pricing Optimization (Bangkok Based, relocation provided)",Agoda,posted,2026-07-17T15:20:14.880232,803
2853edc1e7f43b87,https://lv.linkedin.com/jobs/view/future-opportunities-in-ubiquiti-at-ubiquiti-inc-4395244343,Future Opportunities in Ubiquiti,Ubiquiti Inc.,posted,2026-07-19T12:43:04.986328,805
da3dc1eb3f92daa4,https://lv.linkedin.com/jobs/view/iek%C5%A1%C4%93j%C4%81s-kontroles-speci%C4%81lists-at-viet%C4%93jais-top%21-4442474511,Iekšējās kontroles speciālists,,scraped,2026-07-19T12:43:13.702193,
dda80763b05c4ae3,https://lv.linkedin.com/jobs/view/kr%C4%81v%C4%93js-a-pre%C4%8Du-pie%C5%86%C4%93m%C4%93js-a-at-viet%C4%93jais-top%21-4442462812,"Krāvējs/-a, Preču pieņēmējs/-a",,scraped,2026-07-19T12:43:21.186135,
b90870d0900b799d,https://lv.linkedin.com/jobs/view/social-media-manager-at-rainsisters-4437267870,Social Media Manager,,scraped,2026-07-19T12:43:38.690375,
1e8caa85fd740416,https://lv.linkedin.com/jobs/view/ex-mbb-strategy-consultant-ai-training-remote-at-mindrift-4441976072,Ex-MBB Strategy Consultant - AI Training (Remote),Mindrift,posted,2026-07-19T12:43:55.664145,807
1b9acf6e3768d03d,https://lv.linkedin.com/jobs/view/full-stack-developer-junior-middle-%E2%80%94-react-c%23-ai-assisted-development-at-ms-solutions-4438495728,"Full-Stack Developer (Junior/Middle) — React, C# & AI-Assisted Development",,scraped,2026-07-19T12:43:58.307481,
4e13f14a94d760ec,https://lv.linkedin.com/jobs/view/full-stack-java-%2B-next-js-engineer-at-intetics-4442120436,Full-Stack (Java + Next.js) Engineer,Intetics,posted,2026-07-19T12:44:11.594567,809
af602e12bd254c7f,https://lv.linkedin.com/jobs/view/medical-science-liaison-at-ipsen-4402894615,Medical Science Liaison,,scraped,2026-07-19T12:44:18.281490,
4cf5d331bdf869da,https://lv.linkedin.com/jobs/view/investment-portfolio-manager-at-balcia-insurance-se-4437633967,Investment Portfolio Manager,,scraped,2026-07-19T12:44:24.537933,
55e43c9ef8218990,https://lv.linkedin.com/jobs/view/datu-p%C4%81rvaldnieks-ce-at-luminor-group-4439896988,Datu Pārvaldnieks/-ce,Luminor Group,posted,2026-07-19T12:44:46.259242,811
6692bc490d8c2275,https://lv.linkedin.com/jobs/view/data-analyst-steward-at-avalanche-laboratory-4437275384,Data Analyst/Steward,,scraped,2026-07-19T12:44:48.940070,
637746e541c74be7,https://lv.linkedin.com/jobs/view/senior-product-manager-enterprise-at-n8n-4442169084,Senior Product Manager (Enterprise),,scraped,2026-07-19T12:44:56.495029,
724ad2993e82f5ce,https://lv.linkedin.com/jobs/view/quality-management-system-qms-specialist-at-aerones-4439832443,Quality Management System (QMS) Specialist,,scraped,2026-07-19T12:45:02.690369,
7757ed1bd608a13f,https://lv.linkedin.com/jobs/view/service-engineer-at-astramed-baltic-4428799643,Service Engineer,,scraped,2026-07-19T12:45:11.381664,
286bacc890ffbf86,https://lv.linkedin.com/jobs/view/supply-chain-co-founder-cpo-100-%25-remote-m-f-d-at-ewor-4441336768,Supply Chain Co-Founder / CPO (100 % remote) (m/f/d),,scraped,2026-07-19T12:45:19.173330,
919a41467ee1ad44,https://lv.linkedin.com/jobs/view/propulsion-engineer-at-redwire-4439893541,Propulsion Engineer,Redwire,posted,2026-07-19T12:45:36.343058,813
490efea7d4946806,https://lv.linkedin.com/jobs/view/vec%C4%81kais-bistro-pakalpojumu-darbinieks-at-viet%C4%93jais-top%21-4442474514,Vecākais bistro pakalpojumu darbinieks,,scraped,2026-07-19T12:45:38.824415,
6c2513776b295641,https://lv.linkedin.com/jobs/view/quick-lube-automotive-technician-at-garner-auto-specialists-4442124358,Quick-Lube Automotive Technician,Garner Auto Specialists,posted,2026-07-19T12:45:51.777194,815
09f89bbff675f85f,https://lv.linkedin.com/jobs/view/senior-back-end-developer-net-at-appxite-4441611498,Senior Back-end Developer (.Net),,scraped,2026-07-19T12:45:54.470478,
b2cc8b0ea1c507d7,https://lv.linkedin.com/jobs/view/operations-compliance-manager-at-multipass-4440726999,Operations Compliance Manager,,scraped,2026-07-19T12:46:01.354641,
5e7b5b147a483fa9,https://lv.linkedin.com/jobs/view/solution-consultant-at-hilti-baltics-4437674938,Solution Consultant,,scraped,2026-07-19T12:46:07.938414,
e6c176f47b1b98f0,https://lv.linkedin.com/jobs/view/devops-engineer-at-appxite-4441604763,DevOps Engineer,,scraped,2026-07-19T12:46:22.824607,
d103a09be710c6a7,https://lv.linkedin.com/jobs/view/p%C4%81rdev%C4%93js-a-at-viet%C4%93jais-top%21-4442473516,Pārdevējs/-a,,scraped,2026-07-19T12:46:29.384663,
1f1320bddd95f599,https://lv.linkedin.com/jobs/view/front-end-developer-at-ubiquiti-inc-4395241413,Front-End Developer,Ubiquiti Inc.,posted,2026-07-19T12:46:45.100783,817
8ed49393b9eee116,https://lv.linkedin.com/jobs/view/pardev%C4%93js-a-at-viet%C4%93jais-top%21-4442477356,Pardevējs/a,,scraped,2026-07-19T12:46:47.639756,
644596c9f97b96a9,https://lv.linkedin.com/jobs/view/operations-specialist-bolt-drive-at-bolt-4441358150,"Operations Specialist, Bolt Drive",,scraped,2026-07-19T12:46:56.901472,
8588041558d3f952,https://lv.linkedin.com/jobs/view/p%C4%81rdev%C4%93js-a-at-viet%C4%93jais-top%21-4442462811,Pārdevējs/-a,,scraped,2026-07-19T12:47:03.642892,
2f30702ee40de108,https://lv.linkedin.com/jobs/view/p%C4%81rdev%C4%93js-a-at-viet%C4%93jais-top%21-4442480203,Pārdevējs/-a,,scraped,2026-07-19T12:47:12.872330,
ea278c42fa17b471,https://lv.linkedin.com/jobs/view/komunik%C4%81cijas-speci%C4%81lists-e-uz-projekta-laiku-nepilnai-slodzei-at-b%C4%93rnu-kl%C4%ABnisk%C4%81-universit%C4%81tes-slimn%C4%ABca-children-s-clinical-university-hospital-4441495956,Komunikācijas speciālists/-e uz projekta laiku (nepilnai slodzei),,scraped,2026-07-19T12:47:22.287802,
ce0666486173f307,https://lv.linkedin.com/jobs/view/p%C4%81rdev%C4%93js-a-at-viet%C4%93jais-top%21-4442473513,Pārdevējs/a,,scraped,2026-07-19T12:47:30.493535,
dc084b1062508d3e,https://lv.linkedin.com/jobs/view/software-qa-engineer-at-redwire-4439895478,Software QA Engineer,Redwire,posted,2026-07-19T12:47:46.754761,819
3a367560e6169e0d,https://lv.linkedin.com/jobs/view/latvian-linguistic-tester-remote-mac-m-series-required-at-acclaro-4441943442,Latvian Linguistic Tester (Remote) - Mac M-Series Required,Acclaro,posted,2026-07-19T12:47:51.801321,749
cb412c46aa4dfe82,https://lv.linkedin.com/jobs/view/vec%C4%81kais-%C4%81-dro%C5%A1%C4%ABbas-in%C5%BEenieris-e-datu-platforma-at-luminor-group-4440264584,Vecākais/-ā drošības inženieris/-e (datu platforma),Luminor Group,posted,2026-07-19T12:48:11.332082,821
d818e198c1be64e4,https://lv.linkedin.com/jobs/view/civiltiesisk%C4%81s-atbild%C4%ABbas-un-kravu-apdro%C5%A1in%C4%81%C5%A1anas-risku-parakst%C4%ABt%C4%81js-a-at-balta-apdro%C5%A1in%C4%81%C5%A1ana-4440657630,CIVILTIESISKĀS ATBILDĪBAS UN KRAVU APDROŠINĀŠANAS RISKU PARAKSTĪTĀJS/A,BALTA apdrošināšana,posted,2026-07-19T12:48:23.290413,823
44d87fbc203eebfb,https://lv.linkedin.com/jobs/view/pal%C4%ABgstr%C4%81dnieku-ci-ra%C5%BEo%C5%A1an%C4%81-at-forevers-4439269329,Palīgstrādnieku/-ci ražošanā,,scraped,2026-07-19T12:48:25.853727,
cfcc4364003cfeee,https://lv.linkedin.com/jobs/view/gnc-engineer-px4-configuration-at-redwire-4439902078,GNC Engineer-PX4 Configuration,Redwire,posted,2026-07-19T12:48:41.950244,436
b981165bc42202fc,https://lv.linkedin.com/jobs/view/partnerships-manager-at-headhunters-hub-4437272294,Partnerships Manager,,scraped,2026-07-19T12:48:46.665679,
8dfe81d3fbf115aa,https://lv.linkedin.com/jobs/view/lod%C4%93%C5%A1anas-tehni%C4%B7i-at-redwire-4439895481,Lodēšanas tehniķi,Redwire,posted,2026-07-19T12:48:59.338601,825
82ecfe98debe6185,https://lv.linkedin.com/jobs/view/network-engineering-operations-engineer-at-webbing-4392939085,Network Engineering Operations Engineer,Webbing,posted,2026-07-19T12:49:10.456652,827
9bac33fd13fe081e,https://lv.linkedin.com/jobs/view/mid-sr-portfolio-analyst-fixed-term-at-luminor-group-4424194080,Mid/Sr Portfolio Analyst (fixed term),Luminor Group,posted,2026-07-19T12:49:25.326198,829
b90d4539deac47be,https://lv.linkedin.com/jobs/view/longevity-co-founder-head-of-engineering-100-%25-remote-m-f-d-at-ewor-4441350249,Longevity Co-Founder / Head of Engineering (100 % remote) (m/f/d),,scraped,2026-07-19T12:49:27.925437,
b8f5f1b378f65536,https://lv.linkedin.com/jobs/view/digital-campaign-delivery-expert-at-roche-4423515471,Digital Campaign Delivery Expert,,scraped,2026-07-19T12:49:36.644981,
9d0650b9773686e5,https://lv.linkedin.com/jobs/view/product-operation-support-engineer-at-schneider-electric-4433218507,Product Operation Support Engineer,Schneider Electric,posted,2026-07-19T12:49:54.070735,831
7daf9af1105d6d34,https://lv.linkedin.com/jobs/view/starptautisko-partneru-atbalsta-vad%C4%ABt%C4%81js-support-manager-ar-v%C4%81cu-valodas-zin%C4%81%C5%A1an%C4%81m-at-cef-recruitment-4438473057,Starptautisko partneru atbalsta vadītājs (Support Manager) ar vācu valodas zināšanām,,scraped,2026-07-19T12:49:58.691417,
3722b146a4109192,https://lv.linkedin.com/jobs/view/delivery-consultant-at-pacera-4441206608,Delivery Consultant,Pacera,posted,2026-07-19T12:50:17.136236,833
e7f46d99383fc871,https://lv.linkedin.com/jobs/view/pricing-specialist-emea-temporary-contract-at-allnex-4433240778,Pricing Specialist EMEA (Temporary contract),,scraped,2026-07-19T12:50:21.832138,
8f18aeb5d57f64b6,https://lv.linkedin.com/jobs/view/senior-data-delivery-manager-engagement-lead-at-epam-systems-4417226718,Senior Data Delivery Manager (Engagement Lead),EPAM Systems,posted,2026-07-19T12:50:36.946511,835
4a0af533ef05c8cd,https://lv.linkedin.com/jobs/view/praktikants-e-zab-pwc-legal-komand%C4%81-at-pwc-latvija-4441188704,Praktikants/-e ZAB PwC Legal komandā,PwC Latvija,posted,2026-07-19T12:50:49.133932,837
b04b9d8ffc48e96e,https://lv.linkedin.com/jobs/view/senior-technical-consultant-at-epam-systems-4428224418,Senior Technical Consultant,EPAM Systems,posted,2026-07-19T12:50:57.273322,839
59e4c899754795fe,https://lv.linkedin.com/jobs/view/sap-logistics-architect-at-epam-systems-4397566569,SAP Logistics Architect,EPAM Systems,posted,2026-07-19T12:51:06.909033,841
89e72e3ee26689da,https://lv.linkedin.com/jobs/view/android-developer-at-ubiquiti-inc-4395230685,Android Developer,Ubiquiti Inc.,posted,2026-07-19T12:51:15.985707,843
4554729649a0383c,https://lv.linkedin.com/jobs/view/b4b-business-sales-specialist-at-bolt-4432963258,B4B Business Sales Specialist,,scraped,2026-07-19T12:51:18.594404,
bd3def297e5ac008,https://lv.linkedin.com/jobs/view/embedded-software-engineer-at-ubiquiti-inc-4395231619,Embedded Software Engineer,Ubiquiti Inc.,posted,2026-07-19T12:51:31.141261,845
dc102e9d374d23f3,https://lv.linkedin.com/jobs/view/accountant-in-fuel-accounts-payable-team-at-circle-k-4439443683,Accountant in Fuel Accounts Payable Team,,scraped,2026-07-19T12:51:33.781507,
9499a80594be2765,https://lv.linkedin.com/jobs/view/senior-sap-ui5-developer-at-epam-systems-4289658731,Senior SAP UI5 Developer,EPAM Systems,posted,2026-07-19T12:51:47.387407,847
9c2df13622f487ff,https://lv.linkedin.com/jobs/view/genesys-cloud-cx-support-engineer-at-intrum-4440652610,Genesys Cloud CX Support Engineer,,scraped,2026-07-19T12:51:49.952490,
a69d36770730ead6,https://lv.linkedin.com/jobs/view/senior-security-engineer-data-platform-at-luminor-group-4441218373,Senior Security Engineer (Data Platform),Luminor Group,posted,2026-07-19T12:52:10.755513,849
b247bb01c68c95d3,https://lv.linkedin.com/jobs/view/senior-sap-ui5-engineer-at-epam-systems-4385718698,Senior SAP UI5 Engineer,EPAM Systems,posted,2026-07-19T12:52:20.859207,851
46ac8aa135b1113b,https://lv.linkedin.com/jobs/view/sap-btp-architect-at-epam-systems-4430428025,SAP BTP Architect,EPAM Systems,posted,2026-07-19T12:52:30.749237,853
080e361c97ff0631,https://lv.linkedin.com/jobs/view/p%C4%81rdev%C4%93js-a-circle-k-m%C4%ABlgr%C4%81vis-m%C4%ABlgr%C4%81vja-iela-10-r%C4%ABga-at-circle-k-4432628916,"Pārdevējs/-a Circle K Mīlgrāvis (Mīlgrāvja iela 10, Rīga)",,scraped,2026-07-19T12:52:33.469625,
ee97778a911cb365,https://lv.linkedin.com/jobs/view/senior-lead-sap-logistics-vim-consultant-with-coupa-expertise-at-epam-systems-4289687639,Senior/Lead SAP Logistics VIM Consultant with Coupa expertise,EPAM Systems,posted,2026-07-19T12:52:44.643235,855
4a7f9074e75a6425,https://lv.linkedin.com/jobs/view/senior-lead-sap-opentext-vim-consultant-at-epam-systems-4289685641,Senior/Lead SAP OpenText VIM Consultant,EPAM Systems,posted,2026-07-19T12:52:53.011794,857
2880645b8dfce31f,https://lv.linkedin.com/jobs/view/swedish%C2%A0speaking%C2%A0customer%C2%A0consultant%C2%A0-at-circle-k-4439852477,Swedish Speaking Customer Consultant,,scraped,2026-07-19T12:52:57.604516,
e00be0fad9274a0d,https://lv.linkedin.com/jobs/view/lead-security-engineer-cryptography-and-threat-modeling-at-epam-systems-4437278145,Lead Security Engineer (Cryptography and Threat Modeling),EPAM Systems,posted,2026-07-19T12:53:09.356096,859
cc59e7829620083a,https://lv.linkedin.com/jobs/view/sindicato-de-trabalhadores-da-petrobras-anuncia-greve-de-24-horas-at-investidores-brasil-4439675574,Sindicato de trabalhadores da Petrobras anuncia greve de 24 horas,,scraped,2026-07-21T15:55:33.272002,
cb29fc1ba4839946,https://lv.linkedin.com/jobs/view/head-of-marketing-at-evotym-4442266235,Head of Marketing,,scraped,2026-07-21T15:55:42.020824,
7a620cc3fbf7644a,https://lv.linkedin.com/jobs/view/senior-product-manager-remote-contract-at-infuse-4441621288,"Senior Product Manager (Remote, Contract)",INFUSE,posted,2026-07-21T15:55:56.902974,861
dfabe36cf224e21c,https://lv.linkedin.com/jobs/view/senior-relationship-manager-relocation-to-cyprus-at-freedom24-4441434925,Senior Relationship Manager (Relocation to Cyprus),,scraped,2026-07-21T15:55:59.633080,
60763bb976f97c18,https://lv.linkedin.com/jobs/view/senior-project-manager-remote-contract-at-infuse-4441643252,"Senior Project Manager (Remote, Contract)",INFUSE,posted,2026-07-21T15:56:12.657378,863
1312a931ac7185c1,https://lv.linkedin.com/jobs/view/aml-ctf-and-sanctions-compliance-analyst-at-crassula-4437692686,AML/CTF and Sanctions compliance analyst,,scraped,2026-07-21T15:56:17.303960,
3e96b4d5578aae6d,https://lv.linkedin.com/jobs/view/product-designer-at-taltap-4442616898,Product Designer,,scraped,2026-07-21T15:56:25.481446,
8438ea194978d802,https://lv.linkedin.com/jobs/view/social-media-content-community-manager-at-mwdn-4440228898,Social Media Content & Community Manager,MWDN,posted,2026-07-21T15:56:43.879230,865
b616eee10cf9b1f3,https://lv.linkedin.com/jobs/view/handler-advanced-at-fedex-4443360661,Handler-Advanced,FedEx,posted,2026-07-21T15:56:54.697962,867
304d89f4b7218141,https://lv.linkedin.com/jobs/view/apsargs-valmier%C4%81-at-g4s-4443093010,Apsargs Valmierā,G4S,posted,2026-07-21T15:57:08.459294,869
7268c128e549ed3b,https://lv.linkedin.com/jobs/view/bookkeeper-at-optimera-latvia-sia-4440135337,Bookkeeper,,scraped,2026-07-21T15:57:11.210913,
dff0b45fdcc3cdc8,https://lv.linkedin.com/jobs/view/apsargs-liep%C4%81j%C4%81-at-g4s-4443078654,Apsargs Liepājā,G4S,posted,2026-07-21T15:57:28.289327,871
82f74ed155e9d3c6,https://lv.linkedin.com/jobs/view/handler-id-at-fedex-4443362619,Handler (ID),FedEx,posted,2026-07-21T15:57:37.477343,873
11a97db756540d3e,https://lv.linkedin.com/jobs/view/logistics-specialist-at-priority1-4442656435,Logistics Specialist,Priority1,posted,2026-07-21T15:57:46.114886,875
7be28c5704662404,https://lv.linkedin.com/jobs/view/the-baltic-center-for-career-education-at-ars-medic%C4%ABnas-centrs-4441977335,The Baltic Center for Career Education,"ARS, Medicīnas centrs",posted,2026-07-21T15:57:55.351239,877
d50147210fe346a0,https://lv.linkedin.com/jobs/view/legal-product-counsel-relocation-to-milan-luxembourg-at-satispay-4440234439,Legal Product Counsel (Relocation to Milan/Luxembourg),,scraped,2026-07-21T15:58:00.008459,
5acf73e4a70e8a57,https://lv.linkedin.com/jobs/view/payment-specialist-maks%C4%81jumu-speci%C4%81lists-e-seb-riga-at-seb-latvija-4442595481,"Payment Specialist / Maksājumu speciālists/-e | SEB, Riga",,scraped,2026-07-21T15:58:07.776946,
17a00f20ba927d7d,https://lv.linkedin.com/jobs/view/global-delivery-partnerships-lead-at-penta-global-limited-4442745059,Global Delivery & Partnerships Lead,,scraped,2026-07-21T15:58:15.673282,
0ad6603a0385cdbc,https://lv.linkedin.com/jobs/view/software-engineer-fullstack-remote-at-crossing-hurdles-4442603108,Software Engineer (Fullstack) | Remote,Crossing Hurdles,posted,2026-07-21T15:58:31.780500,879
dec901dce1a34407,https://lv.linkedin.com/jobs/view/financial-analyst-at-cabot-corporation-4440578823,Financial Analyst,Cabot Corporation,posted,2026-07-21T15:58:41.053574,881
598074b3e96dd7dd,https://lv.linkedin.com/jobs/view/chief-accountant-riga-latvia-at-globalink-logistics-4442293630,"CHIEF ACCOUNTANT | RIGA, LATVIA",Globalink Logistics,posted,2026-07-21T15:59:27.537731,883
2293a9ae45d7a0fe,https://lv.linkedin.com/jobs/view/junior-fintech-lawyer-at-fynful-4438485550,Junior FinTech Lawyer,Fynful,posted,2026-07-21T15:59:36.446933,885
56b7b3e5a8d0d15a,https://lv.linkedin.com/jobs/view/video-editor-at-ace-alliance-4430384657,Video Editor,,scraped,2026-07-21T15:59:39.081324,
8750aec79038878f,https://lv.linkedin.com/jobs/view/account-manager-at-isp-optics-latvia-4439699955,Account Manager,,scraped,2026-07-21T15:59:48.567900,
80321005264e0dd5,https://lv.linkedin.com/jobs/view/it-assistant-at-3s-money-4440460555,IT Assistant,,scraped,2026-07-21T15:59:55.037318,
d5b1b7073036a3bd,https://lv.linkedin.com/jobs/view/fraud-investigator-12-month-ftc-%0Ariga-latvia-at-gctestdesign-4439696791,"Fraud Investigator (12-month FTC)
Riga, Latvia",,scraped,2026-07-21T16:00:01.854806,
4b3b645a21f9ccc5,https://lv.linkedin.com/jobs/view/procesu-izcil%C4%ABbas-speci%C4%81lists-e-at-luminor-group-4440793447,Procesu izcilības speciālists/-e,Luminor Group,posted,2026-07-21T16:00:23.247235,887
bee3b58db64982dd,https://lv.linkedin.com/jobs/view/quality-assurance-engineer-at-redwire-4439882799,Quality Assurance Engineer,Redwire,posted,2026-07-21T16:00:32.352673,889
5d6bda95cd166004,https://lv.linkedin.com/jobs/view/chatbot-developer-whatsapp-telegram-discord-freelance-at-mindrift-4442428892,"Chatbot Developer (WhatsApp, Telegram, Discord) - Freelance",Mindrift,posted,2026-07-21T16:00:37.343139,518
1fa38467e4e7538f,https://lv.linkedin.com/jobs/view/sales-team-lead-at-evotym-4440610565,Sales Team Lead,,scraped,2026-07-21T16:00:39.989849,
0bb802c3575a4df1,https://lv.linkedin.com/jobs/view/konditors-e-at-viet%C4%93jais-top%21-4442467638,Konditors/-e,,scraped,2026-07-21T16:00:48.392089,
958d0e7fdaed1844,https://lv.linkedin.com/jobs/view/customer-support-onboarding-specialist-preferred-experience-in-fintech-at-promising-talent-agency-4440117590,Customer Support/Onboarding Specialist (Preferred experience in FinTech),Promising Talent Agency,posted,2026-07-21T16:01:06.132574,891
102f0fef83ef6e94,https://lv.linkedin.com/jobs/view/senior-data-engineer-at-n8n-4442795383,Senior Data Engineer,,scraped,2026-07-21T16:01:09.060287,
6d0cc8e451f64d8a,https://lv.linkedin.com/jobs/view/freelance-agent-evaluation-engineer-at-mindrift-4442599295,Freelance Agent Evaluation Engineer,Mindrift,posted,2026-07-21T16:01:19.562855,573
05b7541dc74e0a41,https://lv.linkedin.com/jobs/view/p%C4%81rdev%C4%93js-a-at-viet%C4%93jais-top%21-4442477357,Pārdevējs/a,,scraped,2026-07-21T16:01:24.107824,
bc49ba79f9913bed,https://lv.linkedin.com/jobs/view/bi-datu-anal%C4%ABti%C4%B7is-e-at-madara-cosmetics-4442557898,BI datu analītiķis/-e,,scraped,2026-07-21T16:01:33.647314,
91062a5454197de6,https://lv.linkedin.com/jobs/view/warehouse-assistant-at-bolt-4441346780,Warehouse Assistant,,scraped,2026-07-21T16:01:40.296201,
54dc7d304e69fd9e,https://lv.linkedin.com/jobs/view/p%C4%81rdev%C4%93js-a-uz-noteiktu-laiku-nepilns-darba-laiks-t-c-raf-centrs-at-lindex-4440223157,"Pārdevējs/a uz noteiktu laiku (nepilns darba laiks), t/c ""RAF Centrs""",,scraped,2026-07-21T16:01:46.877825,
4001b096836bb7ac,https://lv.linkedin.com/jobs/view/transportl%C4%ABdzek%C4%BCu-tehniskais-eksperts-at-ergo-latvia-4442218526,Transportlīdzekļu tehniskais eksperts,,scraped,2026-07-21T16:01:53.627869,
7738df9f0477d061,https://lv.linkedin.com/jobs/view/erp-programmat%C5%ABras-test%C4%93t%C4%81js-a-at-elko-group-4443352149,ERP programmatūras testētājs /-a,,scraped,2026-07-21T16:02:04.209348,
3e67523f178a3533,https://lv.linkedin.com/jobs/view/freelance-mobile-app-developer-ios-android-at-mindrift-4443329065,Freelance Mobile App Developer (iOS / Android),Mindrift,posted,2026-07-21T16:02:15.364062,280
d04753f0068a3db8,https://lv.linkedin.com/jobs/view/senior-sales-executive-baltics-at-tbo-com-4430372977,"Senior Sales Executive, Baltics",,scraped,2026-07-21T16:02:17.974402,
2d44d2e61d63897f,https://lv.linkedin.com/jobs/view/iepirkumu-koordinators-e-purchasing-coordinator-at-evolution-4443346690,Iepirkumu koordinators(-e) / Purchasing Coordinator,,scraped,2026-07-21T16:02:25.499484,
f91b808c3b5e1610,https://lv.linkedin.com/jobs/view/b2b-sales-representative-us-markets-at-the-customization-group-4423906527,B2B Sales Representative (US markets),,scraped,2026-07-21T16:02:32.873313,
0cd99d06e50b9d3d,https://lv.linkedin.com/jobs/view/b2b-p%C4%81rdo%C5%A1anas-projektu-vad%C4%ABt%C4%81js-at-animas-4440463188,B2B Pārdošanas projektu vadītājs,ANIMAS,posted,2026-07-21T16:02:50.119525,893
70fc15892f0f253d,https://lv.linkedin.com/jobs/view/data-science-manager-at-gocardless-4406622918,Data Science Manager,,scraped,2026-07-21T16:02:54.920640,
86663124b6c74762,https://lv.linkedin.com/jobs/view/accounts-payable-specialist-at-roche-4441961486,Accounts Payable Specialist,,scraped,2026-07-21T16:03:01.950277,
fc5dc4f51eaec40a,https://lv.linkedin.com/jobs/view/ier%C4%AB%C4%8Du-komercijas-vad%C4%ABt%C4%81js-a-at-bite-latvija-4438087641,Ierīču komercijas vadītājs/-a,,scraped,2026-07-21T16:03:09.580427,
075d0d5fbbfa23dc,https://lv.linkedin.com/jobs/view/aircraft-hardware-systems-architect-at-redwire-4439894566,Aircraft Hardware Systems Architect,Redwire,posted,2026-07-21T16:03:26.077682,895
1bf2df982b7c4841,https://lv.linkedin.com/jobs/view/inside-sales-and-commercial-support-specialist-at-cabot-corporation-4442593643,Inside Sales and Commercial Support Specialist,Cabot Corporation,posted,2026-07-21T16:03:37.437274,897
49d0036853fc22fc,https://lv.linkedin.com/jobs/view/it-business-analyst-at-accenture-baltics-4440250243,IT Business Analyst,Accenture Baltics,posted,2026-07-21T16:03:43.671257,432
338536dc329ad820,https://lv.linkedin.com/jobs/view/bilingual-annotator-russian-english-ai-trainer-at-dataannotation-4406685289,Bilingual Annotator (Russian/English) - AI Trainer,DataAnnotation,posted,2026-07-21T16:03:51.826514,899
dc9abc099dfbeb87,https://lv.linkedin.com/jobs/view/senior-consultant-ey-parthenon-strategy-and-execution-at-ey-parthenon-4404658985,Senior Consultant - EY- Parthenon Strategy and Execution,EY-Parthenon,posted,2026-07-21T16:04:03.092853,901
18d816f3632087a9,https://lv.linkedin.com/jobs/view/senior-python-data-scraping-engineer-freelance-at-mindrift-4441451166,Senior Python Data Scraping Engineer (Freelance),Mindrift,posted,2026-07-21T16:04:16.019729,314
483ae0f1b73db096,https://lv.linkedin.com/jobs/view/director-medical-safety-at-iqvia-4442036528,"Director, Medical Safety",IQVIA,posted,2026-07-21T16:04:25.251315,903
e21a282f4c0191db,https://lv.linkedin.com/jobs/view/manager-eur-bu-finance-at-circle-k-4440792109,Manager EUR BU Finance,,scraped,2026-07-21T16:04:27.958112,
ae85cb39f7349f5b,https://lv.linkedin.com/jobs/view/card-fraud-investigator-at-3s-money-4440470246,Card Fraud Investigator,,scraped,2026-07-21T16:04:34.325037,
dade390ced7b78bd,https://lv.linkedin.com/jobs/view/qa-automation-engineer-javascript-at-ubiquiti-inc-4395240423,QA Automation Engineer (JavaScript),Ubiquiti Inc.,posted,2026-07-21T16:04:49.192873,905
d415c69fd07d22b0,https://lv.linkedin.com/jobs/view/senior-outbound-sdr-at-strategic-staffing-solutions-4440144854,Senior Outbound SDR,Strategic Staffing Solutions,posted,2026-07-21T16:04:59.962972,907
2306e58d7ddbbfdd,https://lv.linkedin.com/jobs/view/jaun%C4%81kais-projektu-vad%C4%ABt%C4%81js-at-tele2-latvia-4442087465,Jaunākais projektu vadītājs,,scraped,2026-07-21T16:05:02.750799,
d8ab1b18c343979f,https://lv.linkedin.com/jobs/view/senior-security-compliance-specialist-at-epam-systems-4440109455,Senior Security Compliance Specialist,EPAM Systems,posted,2026-07-21T16:05:16.854277,909
98de11bbb739a9fb,https://lv.linkedin.com/jobs/view/clinical-trial-psych-rater-latvian-speaking-at-iqvia-4440774245,Clinical Trial Psych Rater - Latvian Speaking,IQVIA,posted,2026-07-21T16:05:26.083284,911
b9a2800f2589d668,https://lv.linkedin.com/jobs/view/a-s-elis-tekstila-serviss-aicina-darb%C4%81-elektromeh%C4%81ni%C4%B7i-at-elis-4415967889,A/S Elis Tekstila Serviss aicina darbā elektromehāniķi,,scraped,2026-07-21T16:05:28.738107,
5e1f3f4f7a2f6cc3,https://lv.linkedin.com/jobs/view/c%2B%2B-software-engineer-ui-ux-at-ubiquiti-inc-4395236599,C++ Software Engineer - UI/UX,Ubiquiti Inc.,posted,2026-07-21T16:05:43.801245,913
df32f728c3220314,https://lv.linkedin.com/jobs/view/p%C4%81rdev%C4%93js-pre%C4%8Du-pie%C5%86%C4%93m%C4%93js-jysk-veikal%C4%81-tc-s%C4%81g%C4%81-at-jysk-baltics-4442704059,"Pārdevējs - preču pieņēmējs JYSK veikalā TC ""Sāgā""",JYSK Baltics,posted,2026-07-21T16:05:56.094860,915
fb82c25a1e7de075,https://lv.linkedin.com/jobs/view/junior-fuel-distribution-planner-for-norway-at-circle-k-4441326825,Junior Fuel Distribution Planner for Norway,,scraped,2026-07-21T16:05:58.761580,
cdfd3883384903aa,https://lv.linkedin.com/jobs/view/network-security-architect-at-epam-systems-4440118520,Network Security Architect,EPAM Systems,posted,2026-07-21T16:06:10.620852,917
46dd2eab39832c42,https://lv.linkedin.com/jobs/view/data-steward-for-data-analytic-governance-at-roche-4443009545,Data Steward for Data & Analytic Governance,,scraped,2026-07-21T16:06:13.357654,
e30a93a09622ed65,https://lv.linkedin.com/jobs/view/senior-abap-developer-at-epam-systems-4289616112,Senior ABAP Developer,EPAM Systems,posted,2026-07-21T16:06:26.561095,919
98109941a9c64ca0,https://lv.linkedin.com/jobs/view/tele2-p%C4%81rdo%C5%A1anas-speci%C4%81lists-kuld%C4%ABg%C4%81-at-tele2-latvia-4442615212,Tele2 pārdošanas speciālists Kuldīgā,,scraped,2026-07-21T16:06:31.237118,
a1806fd4b3d97736,https://lv.linkedin.com/jobs/view/technical-seo-specialist-developer-at-infoplus-technologies-uk-limited-4442131098,Technical SEO Specialist/Developer,,scraped,2026-07-21T16:06:39.395418,
d630a184972a9dda,https://lv.linkedin.com/jobs/view/site-reliability-engineer-at-luminor-group-4442125346,Site Reliability Engineer,Luminor Group,posted,2026-07-21T16:06:57.276977,470
680e5cad0578a3bb,https://lv.linkedin.com/jobs/view/apsargs-dzirnavu-iel%C4%81-at-g4s-4443071874,Apsargs Dzirnavu ielā,G4S,posted,2026-07-21T16:07:10.439662,921
f0392362a114ff2d,https://lv.linkedin.com/jobs/view/controller-fuel-stock-deal-control-at-circle-k-4316635245,Controller Fuel Stock & Deal Control,,scraped,2026-07-21T16:07:13.144684,
9cb8d66eb416bbcd,https://lv.linkedin.com/jobs/view/lead-sap-bw-4hana-consultant-at-epam-systems-4338103517,Lead SAP BW/4HANA Consultant,EPAM Systems,posted,2026-07-21T16:07:31.144837,923
4fd0c6e7618e87e5,https://lv.linkedin.com/jobs/view/consultant-master-data-at-circle-k-4403959315,Consultant Master Data,,scraped,2026-07-21T16:07:33.885667,
c0d40b35c88f44f9,https://lv.linkedin.com/jobs/view/sap-basis-architect-at-epam-systems-4430413354,SAP Basis Architect,EPAM Systems,posted,2026-07-21T16:07:47.914940,925
f3528b937085163b,https://lv.linkedin.com/jobs/view/customer-advisor-with-dutch-relocation-to-sofia-at-concentrix-4440907938,Customer Advisor with Dutch (Relocation to Sofia),Concentrix,posted,2026-07-21T16:07:59.469209,927
b8cb63669e23f3fb,https://lv.linkedin.com/jobs/view/p%C4%81rdev%C4%93js-a-circle-k-daugmale-fran%C5%A1%C4%ABze-daugmale-daugmales-pag-%C4%B7ekavas-nov-at-circle-k-4425805869,"Pārdevējs/-a Circle K Daugmale - franšīze (Daugmale, Daugmales pag., Ķekavas nov.)",,scraped,2026-07-21T16:08:02.130151,
0a252248259c4096,https://lv.linkedin.com/jobs/view/senior-sap-cap-node-js-developer-at-epam-systems-4289641732,Senior SAP CAP Node.js Developer,EPAM Systems,posted,2026-07-21T16:08:15.919632,929
843ae3acbec75739,https://lv.linkedin.com/jobs/view/clinical-fsp-director-quality-client-dedicated-regional-clinical-compliance-inspection-lead-at-iqvia-4440415506,Clinical FSP Director Quality - Client Dedicated- Regional Clinical Compliance Inspection Lead,IQVIA,posted,2026-07-21T16:08:33.115307,931
1ff9e688d1a8b019,https://lv.linkedin.com/jobs/view/engineering-manager-sap-cap-java-at-epam-systems-4385739198,"Engineering Manager, SAP CAP Java",EPAM Systems,posted,2026-07-21T16:08:37.911262,76
849844283729a796,https://lv.linkedin.com/jobs/view/sap-o2c-p2p-business-solution-architect-at-epam-systems-4289645482,SAP O2C / P2P Business Solution Architect,EPAM Systems,posted,2026-07-21T16:08:45.818797,933
7f4e0f567adbac04,https://lv.linkedin.com/jobs/view/sap-s-4hana-public-cloud-solution-architect-at-epam-systems-4428238295,SAP S/4HANA Public Cloud Solution Architect,EPAM Systems,posted,2026-07-21T16:08:53.939651,935
ad641804c1757964,https://lv.linkedin.com/jobs/view/generative-ai-systems-architect-at-epam-systems-4398809605,Generative AI Systems Architect,EPAM Systems,posted,2026-07-21T16:09:06.577766,937
055097d8bf208daf,https://lv.linkedin.com/jobs/view/answer-key-subject-code-18-regular-at-bundelkhand-university-jhansi-uttar-pradesh-4442923842,Answer Key: Subject Code - 18 (Regular),"Bundelkhand University, Jhansi Uttar Pradesh",posted,2026-07-23T16:08:02.816023,939
3967fc8c38925e68,https://lv.linkedin.com/jobs/view/answer-key-subject-code-07-sfs-at-bundelkhand-university-jhansi-uttar-pradesh-4442924839,Answer Key: Subject Code - 07 (SFS),"Bundelkhand University, Jhansi Uttar Pradesh",posted,2026-07-23T16:08:12.602309,941
68b3fa9554334238,https://lv.linkedin.com/jobs/view/komplekt%C4%93t%C4%81ji-as-at-forevers-4440496885,Komplektētāji/-as,,scraped,2026-07-23T16:08:23.253131,
bbc4666e57fe22be,https://lv.linkedin.com/jobs/view/automazg%C4%81t%C4%81js-a-at-moller-auto-baltic-4442685401,Automazgātājs/-a,,scraped,2026-07-23T16:08:36.671595,
667640ed4a1f3c53,https://lv.linkedin.com/jobs/view/adobe-photoshop-specialist-%2470-hr-remote-at-crossing-hurdles-4443130647,Adobe Photoshop Specialist | $70/hr Remote,Crossing Hurdles,posted,2026-07-23T16:08:51.637750,943
43fb8906f9a9bc35,https://lv.linkedin.com/jobs/view/risk-analyst-at-evotym-4442677729,Risk Analyst,,scraped,2026-07-23T16:08:54.330741,
cdb7c4833564e52c,https://lv.linkedin.com/jobs/view/application-support-specialist-at-appxite-4442742856,Application Support Specialist,,scraped,2026-07-23T16:09:01.355744,
2ce5abff16e60105,https://lv.linkedin.com/jobs/view/answer-key-subject-code-27-sfs-at-bundelkhand-university-jhansi-uttar-pradesh-4442938167,Answer Key: Subject Code - 27 (SFS),"Bundelkhand University, Jhansi Uttar Pradesh",posted,2026-07-23T16:09:15.552169,945
eb35d85594d83c0f,https://lv.linkedin.com/jobs/view/head-of-growth-remote-at-pragmatike-4442169111,Head of Growth (Remote),,scraped,2026-07-23T16:09:18.335295,
d1fbbacf75a0ae7b,https://lv.linkedin.com/jobs/view/license-owner-operator-riga-at-stranger-soccer-4443329562,"License Owner & Operator, Riga",,scraped,2026-07-23T16:09:24.977313,
dd378a9de21390fc,https://lv.linkedin.com/jobs/view/business-development-manager-forex-at-evotym-4442691126,Business Development Manager (Forex),,scraped,2026-07-23T16:09:34.549674,
5108f7258254933d,https://lv.linkedin.com/jobs/view/investment-associate-at-partnerone-4442142556,Investment Associate,PartnerOne,posted,2026-07-23T16:09:47.078620,947
c5aec7ce7d04e292,https://lv.linkedin.com/jobs/view/junior-technical-support-specialist-at-webbing-4176150370,Junior Technical Support Specialist,Webbing,posted,2026-07-23T16:09:56.934877,949
14428bba63c0eefc,https://lv.linkedin.com/jobs/view/senior-recruiter-at-bamboo-works-4444444671,Senior Recruiter,,scraped,2026-07-23T16:09:59.753654,
9dcafc6364c5bb71,https://lv.linkedin.com/jobs/view/office-administrator-at-cvn-p%C4%81rv%C4%81k%C5%A1an%C4%81s-serviss-4444283959,Office Administrator,,scraped,2026-07-23T16:10:06.786963,
dd1838e7eb15fc81,https://lv.linkedin.com/jobs/view/answer-key-subject-code-20-sfs-at-bundelkhand-university-jhansi-uttar-pradesh-4442938182,Answer Key: Subject Code - 20 (SFS),"Bundelkhand University, Jhansi Uttar Pradesh",posted,2026-07-23T16:10:23.507125,951
cfb2b183715bf3e9,https://lv.linkedin.com/jobs/view/chief-risk-officer-at-evotym-4442249955,Chief Risk Officer,,scraped,2026-07-23T16:10:26.156364,
3b3bc398b713c240,https://lv.linkedin.com/jobs/view/accounts-reconciliation-officer-at-frently-solutions-4443717880,Accounts Reconciliation Officer,Frently Solutions,posted,2026-07-23T16:10:40.617664,953
a6e6664bad32bc0d,https://lv.linkedin.com/jobs/view/office-manager-fintech-at-bitsoft-4440101865,Office Manager (FinTech),,scraped,2026-07-23T16:10:43.358380,
1d11df9d56825b91,https://lv.linkedin.com/jobs/view/business-development-manager-forex-at-evotym-4442694034,Business Development Manager (Forex),,scraped,2026-07-23T16:10:50.111380,
74d3e0c7e07bb9a3,https://lv.linkedin.com/jobs/view/clearance-broker-at-fedex-4425482777,Clearance Broker,FedEx,posted,2026-07-23T16:10:58.714874,66
79ed9bfded2e5f2a,https://lv.linkedin.com/jobs/view/junior-senior-data-scientist-m-w-d-at-deutsche-nachrichten-%F0%9F%97%9E%EF%B8%8F-4443179637,(Junior / Senior) Data Scientist (m/w/d),,scraped,2026-07-23T16:11:03.457597,
4a99f2d707f7e459,https://lv.linkedin.com/jobs/view/it-support-at-webbing-4366362417,IT Support,Webbing,posted,2026-07-23T16:11:21.127204,955
c3d5480a31c55208,https://lv.linkedin.com/jobs/view/flight-analysis-engineer-at-redwire-europe-4441098892,Flight Analysis Engineer,,scraped,2026-07-23T16:11:23.739535,
62dce8d106dad28e,https://lv.linkedin.com/jobs/view/information-technology-support-specialist-at-sharp-brains-4441514528,Information Technology Support Specialist,,scraped,2026-07-23T16:11:34.883346,
7e3d3a82bf4981e3,https://lv.linkedin.com/jobs/view/python-engineer-freelance-ai-trainer-at-mindrift-4443787496,Python Engineer - Freelance AI Trainer,Mindrift,posted,2026-07-23T16:11:54.696620,957
0117ccad02f724ee,https://lv.linkedin.com/jobs/view/elektri%C4%B7is-e-at-latvijas-mobilais-telefons-sia-4442695062,Elektriķis/-e,,scraped,2026-07-23T16:11:57.512504,
860c6230287cb18a,https://lv.linkedin.com/jobs/view/sr-growth-engineer-fullstack-ts-vue-nodejs-at-n8n-4442715839,Sr Growth Engineer (Fullstack TS/Vue/NodeJS),,scraped,2026-07-23T16:12:05.795882,
7e62c7af0ceea4f4,https://lv.linkedin.com/jobs/view/data-science-manager%0Ariga-latvia-at-gctestdesign-4440105321,"Data Science Manager
Riga, Latvia",,scraped,2026-07-23T16:12:14.566580,
9ec7038b2652b2b1,https://lv.linkedin.com/jobs/view/senior-digital-pr-account-manager-at-white-light-digital-marketing-4442725866,Senior Digital PR & Account Manager,White Light Digital Marketing,posted,2026-07-23T16:12:28.659396,959
79aa832746ad273c,https://lv.linkedin.com/jobs/view/medical-representative-latvia-consumer-health-care-at-magnapharm-baltics-4441529787,Medical Representative Latvia (Consumer Health Care),MagnaPharm Baltics,posted,2026-07-23T16:12:42.637403,961
1af8ebff03f523a0,https://lv.linkedin.com/jobs/view/partnership-manager-finance-at-trendsetters-4440456054,Partnership Manager (Finance),,scraped,2026-07-23T16:12:45.369665,
6ac357377e88e6d2,https://lv.linkedin.com/jobs/view/pav%C4%81ra-pal%C4%ABgs-dze-at-viet%C4%93jais-top%21-4443531132,Pavāra palīgs/dze,,scraped,2026-07-23T16:12:54.241201,
eb495e36e8f51c24,https://lv.linkedin.com/jobs/view/ceha-str%C4%81dnieks-ce-sia-t%C4%93rvete-food-at-agrolats-group-4442621235,"Ceha strādnieks/-ce, SIA ""Tērvete food""",AGROLATS GROUP,posted,2026-07-23T16:13:13.949929,963
859895040b04ab65,https://lv.linkedin.com/jobs/view/senior-sales-manager-at-nudl-4443361255,Senior Sales Manager,,scraped,2026-07-23T16:13:16.598616,
b9dae805d742828b,https://lv.linkedin.com/jobs/view/job-title-senior-accountant-cost-accountant-at-gbogboo-4441310283,JOB TITLE: Senior Accountant (Cost Accountant),Gbogboo,posted,2026-07-23T16:13:29.892409,965
adfc204d4331201a,https://lv.linkedin.com/jobs/view/tehniskais-darbinieks-39-sirds-%C4%B7irur%C4%A3ijas-anesteziolo%C4%A3ijas-un-intens%C4%ABv%C4%81s-terapijas-noda%C4%BC%C4%81-at-paula-stradi%C5%86a-kl%C4%ABnisk%C4%81-universit%C4%81tes-slimn%C4%ABca-4442686447,TEHNISKAIS DARBINIEKS 39. Sirds ķirurģijas anestezioloģijas un intensīvās terapijas nodaļā,,scraped,2026-07-23T16:13:32.521650,
06a7a92831955e6e,https://lv.linkedin.com/jobs/view/hairdressers-for-norway-at-eutalents-4441767194,Hairdressers for Norway,,scraped,2026-07-23T16:13:41.784960,
2c2e53a6503f03dd,https://lv.linkedin.com/jobs/view/zob%C4%81rsts-at-prakse-lv-4444475025,Zobārsts,Prakse.lv,posted,2026-07-23T16:13:54.837086,967
0ce9c46e06be9649,https://lv.linkedin.com/jobs/view/senior-risk-manager-at-redwire-europe-4441501568,Senior Risk Manager,,scraped,2026-07-23T16:13:57.536072,
f112cf82f89ae83f,https://lv.linkedin.com/jobs/view/apkop%C4%93js-a-at-viet%C4%93jais-top%21-4442976252,Apkopējs/-a,,scraped,2026-07-23T16:14:04.952619,
0723c033ead6488e,https://lv.linkedin.com/jobs/view/service-engineer-sorting-systems-automation-equipment-riga-latvia-at-uis-4444297314,"Service Engineer (Sorting Systems & Automation Equipment) (Riga, Latvia)",,scraped,2026-07-23T16:14:16.453749,
28df78e68742b2fa,https://lv.linkedin.com/jobs/view/dell-deployment-consultant-russian-speaker-at-m%C3%BCller-s-solutions-4443754633,Dell Deployment Consultant (Russian Speaker),,scraped,2026-07-23T16:14:24.037903,
be53194f68287e88,https://lv.linkedin.com/jobs/view/mazlietotu-automobi%C4%BCu-tirdzniec%C4%ABbas-konsultants-e-jelgavas-centr%C4%81%0A-%0A%0A-%0Atirdzniec%C4%ABba%0A%0A-%C2%B7%0A%0A-moller-auto-jelgava-at-moller-auto-baltic-4443112747,"Mazlietotu automobiļu tirdzniecības konsultants/-e Jelgavas centrā
    

    
Tirdzniecība

  ·

     Moller Auto Jelgava",,scraped,2026-07-23T16:14:31.351240,
d2f382d7a9b4f33f,https://lv.linkedin.com/jobs/view/creative-design-lead-marketing-campaigns-at-duckduckgo-4441112181,Creative Design Lead (Marketing Campaigns),DuckDuckGo,posted,2026-07-23T16:14:46.491936,969
784eb3faae52bfa4,https://lv.linkedin.com/jobs/view/psp-onboarding-manager-account-at-evotym-4444231972,PSP Onboarding Manager (Account),,scraped,2026-07-23T16:14:49.143162,
d3d847d997bb8030,https://lv.linkedin.com/jobs/view/tele2-p%C4%81rdo%C5%A1anas-speci%C4%81lists-t-c-akropole-r%C4%ABga-pieteik%C5%A1an%C4%81s-l%C4%ABdz-04-08-2026-at-tele2-latvia-4443154361,"Tele2 pārdošanas speciālists t/c Akropole Rīga, pieteikšanās līdz 04.08.2026.",,scraped,2026-07-23T16:14:55.779362,
0296cbe411a222cc,https://lv.linkedin.com/jobs/view/iek%C5%A1%C4%93jais-veikalu-auditors-at-citro-4441034548,Iekšējais veikalu auditors,,scraped,2026-07-23T16:15:04.166154,
f8125e71c905d0a7,https://lv.linkedin.com/jobs/view/crm-retention-strategist-at-common-thread-collective-4441669267,CRM & Retention Strategist,Common Thread Collective,posted,2026-07-23T16:15:21.711374,971
0fdb9bc86ec70792,https://lv.linkedin.com/jobs/view/process-excellence-specialist-at-luminor-group-4441610565,Process Excellence Specialist,Luminor Group,posted,2026-07-23T16:15:41.726854,973
8cd7af32d8c16e1a,https://lv.linkedin.com/jobs/view/manager-account-management-at-mastercard-4440197073,"Manager, Account Management",Mastercard,posted,2026-07-23T16:15:46.858944,278
d9220397d40dfb13,https://lv.linkedin.com/jobs/view/senior-data-scientist-fraud-prevention-at-gocardless-4406638483,"Senior Data Scientist, Fraud Prevention",,scraped,2026-07-23T16:15:49.509560,
a35f33c42bac9a10,https://lv.linkedin.com/jobs/view/devsecops-engineer-at-norse-atlantic-airways-4442222443,DevSecOps Engineer,Norse Atlantic Airways,posted,2026-07-23T16:16:08.537609,975
8952263e4400f3ce,https://lv.linkedin.com/jobs/view/datu-zin%C4%81tnieks-ce-risku-model%C4%93t%C4%81js-a-at-luminor-group-4443148481,Datu zinātnieks/-ce (Risku modelētājs/-a),Luminor Group,posted,2026-07-23T16:16:24.770537,977
f9d202d51aca6581,https://lv.linkedin.com/jobs/view/seo-ai-optimiz%C4%81cijas-speci%C4%81lists-%C4%81r%C4%93jais-pakalpojumu-sniedz%C4%93js-at-indivi-latvia-4440455375,SEO & AI optimizācijas speciālists (ārējais pakalpojumu sniedzējs),INDIVI Latvia,posted,2026-07-23T16:16:34.362511,979
cb0c9542f06dca82,https://lv.linkedin.com/jobs/view/manager-telemarketing-sdr-operations-at-strategic-staffing-solutions-4442577567,"Manager, Telemarketing & SDR Operations",Strategic Staffing Solutions,posted,2026-07-23T16:16:43.928498,981
0f0248d0336a2252,https://lv.linkedin.com/jobs/view/freelance-regional-clinical-trial-manager-at-rho-4395710473,Freelance Regional Clinical Trial Manager,Rho,posted,2026-07-23T16:16:56.988303,983
525f7bd9446b59d8,https://lv.linkedin.com/jobs/view/tehnisk%C4%81-atbalsta-speci%C4%81lists-e-zvanu-centr%C4%81-liep%C4%81j%C4%81-un-t%C4%81s-apk%C4%81rtn%C4%93-at-tet-lv-4442693037,Tehniskā atbalsta speciālists/-e Zvanu centrā (Liepājā un tās apkārtnē),,scraped,2026-07-23T16:16:59.708592,
901f0d94df48ae64,https://lv.linkedin.com/jobs/view/professional-pilot-at-baltic-bees-jet-team-4440152309,Professional Pilot,,scraped,2026-07-23T16:17:08.200865,
184269b8d910b80d,https://lv.linkedin.com/jobs/view/procurement-intern-at-ssi-sch%C3%A4fer-4441437550,Procurement Intern,,scraped,2026-07-23T16:17:14.846684,
c06d2849c0806f53,https://lv.linkedin.com/jobs/view/senior-clinical-project-manager-eu-at-rho-4416205470,"Senior Clinical Project Manager, EU",Rho,posted,2026-07-23T16:17:30.047835,985
3f6e01b4851f1a85,https://lv.linkedin.com/jobs/view/senior-security-engineer-at-bonapolia-4441395233,Senior Security Engineer,,scraped,2026-07-23T16:17:32.728327,
1a3c308a539e01d8,https://lv.linkedin.com/jobs/view/flight-systems-manager-at-redwire-4439895484,Flight Systems Manager,Redwire,posted,2026-07-23T16:17:49.673391,987
11f547a6cc05f50b,https://lv.linkedin.com/jobs/view/p%C4%81rtikas-produktu-ra%C5%BEo%C5%A1anas-operators-iek%C4%81rtu-regul%C4%93t%C4%81js-vakuuma-l%C4%ABnija-at-forevers-4441015173,Pārtikas produktu ražošanas operators (iekārtu regulētājs vakuuma līnija),,scraped,2026-07-23T16:17:52.382612,
59b34c13c44f4fab,https://lv.linkedin.com/jobs/view/akt%C4%ABv%C4%81s-p%C4%81rdo%C5%A1anas-speci%C4%81lists-e-at-archideco-4441516550,Aktīvās pārdošanas speciālists/-e,Archideco,posted,2026-07-23T16:18:13.998341,989
2b0553ffced55060,https://lv.linkedin.com/jobs/view/ceha-str%C4%81dnieks-at-consolis-latvija-sia-4443785636,Ceha strādnieks,,scraped,2026-07-23T16:18:16.699529,
d2c836eeaff6e62f,https://lv.linkedin.com/jobs/view/real-estate-agent-at-1-37-digital-agency-4441518078,Real Estate Agent,,scraped,2026-07-23T16:18:25.878767,
1ae9280e130a5715,https://lv.linkedin.com/jobs/view/senior-ios-developer-remote-at-finom-4442407585,Senior iOS Developer (Remote),,scraped,2026-07-23T16:18:32.774517,
8082a5357153c680,https://lv.linkedin.com/jobs/view/finan%C5%A1u-kontrolieris-e-at-tet-lv-4443404001,Finanšu kontrolieris/-e,,scraped,2026-07-23T16:18:40.077636,
4853cb928d758ee6,https://lv.linkedin.com/jobs/view/vendor-security-questionnaire-specialist-at-scale-up-recruiting-partners-4442990984,Vendor Security Questionnaire Specialist,Scale Up Recruiting Partners,posted,2026-07-23T16:18:59.288803,991
061f8c45321eb713,https://lv.linkedin.com/jobs/view/associate-analyst-riga-october-2026-at-factset-4441075064,"Associate Analyst (Riga, October 2026)",FactSet,posted,2026-07-23T16:19:09.450396,993
4076dbfad451fc7e,https://lv.linkedin.com/jobs/view/manager-analytics-metrics-customer-success-at-mastercard-4440195252,Manager Analytics & Metrics - Customer Success,Mastercard,posted,2026-07-23T16:19:19.042948,995
3a70e5162a7cfd44,https://lv.linkedin.com/jobs/view/p%C4%81rdev%C4%93js-a-r%C4%ABga-me%C5%BEciems-at-forevers-4439279052,"Pārdevējs/-a (Rīga, Mežciems)",,scraped,2026-07-23T16:19:21.815040,
a1a741ecff329bd7,https://lv.linkedin.com/jobs/view/travel-guide-ai-trainer-at-dataannotation-4406688205,Travel Guide - AI Trainer,DataAnnotation,posted,2026-07-23T16:19:40.513285,997
2f2382ef0031e94a,https://lv.linkedin.com/jobs/view/customer-care-representative-at-cabot-corporation-4415344813,Customer Care Representative,Cabot Corporation,posted,2026-07-23T16:19:50.677239,999
da40e11843d44603,https://lv.linkedin.com/jobs/view/cloud-infrastructure-engineer-security-focused-at-mintos-4443189647,Cloud Infrastructure Engineer (Security focused),,scraped,2026-07-23T16:19:53.361404,
cd14aae8f58e1de5,https://lv.linkedin.com/jobs/view/accountant-at-circle-k-4406534351,Accountant,,scraped,2026-07-23T16:20:00.565095,
2f33c5046dfecac7,https://lv.linkedin.com/jobs/view/assembly-technician-at-aerones-4444295654,Assembly Technician,,scraped,2026-07-23T16:20:07.469641,
48cc3258c0aa0047,https://lv.linkedin.com/jobs/view/senior-consultant-in-consulting-team-at-ey-4441041777,Senior Consultant in Consulting Team,EY,posted,2026-07-23T16:20:25.346399,1001
000c4cf31ad93b30,https://lv.linkedin.com/jobs/view/content-marketing-manager-ai-trainer-at-dataannotation-4406691200,Content Marketing Manager - AI Trainer,DataAnnotation,posted,2026-07-23T16:20:34.292720,1003
d9306631e2505d15,https://lv.linkedin.com/jobs/view/core-ledger-specialist-at-tf-bank-ab-publ-4444238800,Core Ledger Specialist,,scraped,2026-07-23T16:20:37.055945,
d4b36b56b0c4233d,https://lv.linkedin.com/jobs/view/a-s-elis-tekstila-serviss-aicina-darb%C4%81-%C5%A1oferi-%E2%80%93-ekspeditoru-darbs-j%C4%93kabpil%C4%AB-at-elis-4439849444,A/S Elis Tekstila Serviss aicina darbā ŠOFERI – EKSPEDITORU (darbs Jēkabpilī),,scraped,2026-07-23T16:20:46.998183,
977c617cf83f6a49,https://lv.linkedin.com/jobs/view/lielo-klientu-vad%C4%ABt%C4%81js-a-zieme%C4%BCeiropas-tirg%C5%AB-at-madara-cosmetics-4443398834,Lielo klientu vadītājs/-a Ziemeļeiropas tirgū,,scraped,2026-07-23T16:20:55.917986,
41c9d0bda5212ffa,https://lv.linkedin.com/jobs/view/problem-manager-tieto-indtech-m-f-d-at-tieto-4441646827,"Problem Manager, Tieto Indtech (m/f/d)",Tieto,posted,2026-07-23T16:21:12.774557,1005
4051c2f91833d318,https://lv.linkedin.com/jobs/view/java-developer-at-ubiquiti-inc-4395239462,Java Developer,Ubiquiti Inc.,posted,2026-07-23T16:21:26.063302,1007
144dcf823c9e90dd,https://lv.linkedin.com/jobs/view/bilingual-public-relations-specialist-ai-trainer-at-dataannotation-4406690241,Bilingual Public Relations Specialist - AI Trainer,DataAnnotation,posted,2026-07-23T16:21:31.564184,633
98cf55e24ac029c3,https://lv.linkedin.com/jobs/view/digit%C4%81l%C4%81s-att%C4%ABst%C4%ABbas-projektu-vad%C4%ABt%C4%81js-a-at-bite-latvija-4443759581,Digitālās attīstības projektu vadītājs/-a,,scraped,2026-07-23T16:21:34.216052,
3cba67ede1310916,https://lv.linkedin.com/jobs/view/product-marketing-manager-at-fyul-4442701373,Product Marketing Manager,FYUL,posted,2026-07-23T16:21:49.333761,1009
1da5e293da5833a4,https://lv.linkedin.com/jobs/view/mobile-app-ux-designer-at-swedbank-latvija-4439279756,Mobile App UX Designer,,scraped,2026-07-23T16:21:52.079879,
20eef5ec1ce64b0a,https://lv.linkedin.com/jobs/view/it-product-manager-at-ubiquiti-inc-4395233573,IT Product Manager,Ubiquiti Inc.,posted,2026-07-23T16:22:05.324070,1011
3493da3f96858ae3,https://lv.linkedin.com/jobs/view/commissioning-engineer-for-ats-automatic-transfer-switches-at-schneider-electric-4443170785,Commissioning Engineer for ATS (Automatic Transfer Switches),Schneider Electric,posted,2026-07-23T16:22:21.110704,1013
6530d097f8087f65,https://lv.linkedin.com/jobs/view/back-end-engineer-at-ubiquiti-inc-4395244342,Back-End Engineer,Ubiquiti Inc.,posted,2026-07-23T16:22:31.435955,1015
184ed4e391ebb5c9,https://lv.linkedin.com/jobs/view/payroll-operations-specialist-at-epson-europe-b-v-4443504619,Payroll Operations Specialist,,scraped,2026-07-23T16:22:34.098285,
853dc9dfd2ebe31e,https://lv.linkedin.com/jobs/view/copywriter-meta-ads-webinar-funnels-at-recodemand-corp-4442668287,Copywriter - Meta Ads & Webinar Funnels,,scraped,2026-07-23T16:22:45.415950,
f6e16362ff4b165b,https://lv.linkedin.com/jobs/view/profesion%C4%81lo-telpu-uzkop%C5%A1anas-robotu-p%C4%81rdo%C5%A1anas-speci%C4%81lists-at-vvt-viss-visapk%C4%81rt-t%C4%ABrs-4440160031,Profesionālo telpu uzkopšanas robotu pārdošanas speciālists,,scraped,2026-07-23T16:22:51.998508,
e6d892c8c96c4194,https://lv.linkedin.com/jobs/view/tele2-centra-l%C4%ABderis-tukum%C4%81-at-tele2-latvia-4442654449,Tele2 centra līderis Tukumā,,scraped,2026-07-23T16:23:00.448355,
ae32b32c5f4a4028,https://lv.linkedin.com/jobs/view/assoc-director-quality-management-client-dedicated-clinical-compliance-optimization-lead-at-iqvia-4441330092,"Assoc Director, Quality Management - Client Dedicated Clinical Compliance Optimization Lead",IQVIA,posted,2026-07-23T16:23:17.098506,1017
e4b765c6b8ca2ecf,https://lv.linkedin.com/jobs/view/configuration-manager-konfigur%C4%81cijas-vad%C4%ABt%C4%81js-a-seb-riga-copy-at-seb-latvija-4442701993,"Configuration manager (Konfigurācijas vadītājs/-a) | SEB, Riga (copy)",,scraped,2026-07-23T16:23:21.707187,
9b57ff9f5fbafdd0,https://lv.linkedin.com/jobs/view/german-speaking-it-service-desk-team-lead-at-arvato-systems-4443365001,German-Speaking IT Service Desk Team Lead,,scraped,2026-07-23T16:23:34.034428,
83e07e4a2e38c075,https://lv.linkedin.com/jobs/view/data-solution-architect-ai-architect-at-epam-systems-4398208984,Data Solution Architect / AI Architect,EPAM Systems,posted,2026-07-23T16:23:46.716532,1019
2354d80f362ae05d,https://lv.linkedin.com/jobs/view/abap-tech-lead-at-epam-systems-4289625371,ABAP Tech Lead,EPAM Systems,posted,2026-07-23T16:23:55.365793,1021
a741d5278dda34ea,https://lv.linkedin.com/jobs/view/senior-machine-learning-engineer-relocation-to-cyprus-at-fxpro-4443920132,Senior Machine Learning Engineer (Relocation to Cyprus),FxPro,posted,2026-07-23T16:24:10.484694,1023
b587da837a9eb95e,https://lv.linkedin.com/jobs/view/fuel-distribution-planner-for-norway-at-circle-k-4441343175,Fuel Distribution Planner for Norway,,scraped,2026-07-23T16:24:21.249581,
5415479081dfb5ff,https://lv.linkedin.com/jobs/view/cloudflare-developer-platform-engineer-at-epam-systems-4427353342,Cloudflare Developer (Platform Engineer),EPAM Systems,posted,2026-07-23T16:24:34.877338,1025
e8d0e893cc718d44,https://lv.linkedin.com/jobs/view/payroll-reward-operations-administrator-at-epson-europe-b-v-4443517008,Payroll & Reward Operations Administrator,Epson Europe B.V.,posted,2026-07-23T16:24:48.992470,1027
2e7d7df1d19b6bc8,https://lv.linkedin.com/jobs/view/senior-software-engineer-%E2%80%93-ai-infrastructure-at-kraken-4415085263,Senior Software Engineer – AI Infrastructure,Kraken,posted,2026-07-23T16:24:57.631623,1029
77cad789c30ded63,https://lv.linkedin.com/jobs/view/senior-data-integration-engineer-at-epam-systems-4288872011,Senior Data Integration Engineer,EPAM Systems,posted,2026-07-23T16:25:06.169317,1031
efb2dd7501feed63,https://lv.linkedin.com/jobs/view/senior-devops-engineer-at-epam-systems-4441056179,Senior DevOps Engineer,EPAM Systems,posted,2026-07-23T16:25:13.253616,80
f2d6bcd9ed3c64b8,https://lv.linkedin.com/jobs/view/sap-development-solution-architect-at-epam-systems-4289646567,SAP Development Solution Architect,EPAM Systems,posted,2026-07-23T16:25:21.872216,1033
aeb43858e7250750,https://lv.linkedin.com/jobs/view/sap-abap-engineering-manager-at-epam-systems-4441090897,SAP ABAP Engineering Manager,EPAM Systems,posted,2026-07-23T16:25:32.834467,1035
3b3c2042963175bb,https://lv.linkedin.com/jobs/view/bankas-produktu-p%C4%81rdo%C5%A1anas-komandas-vad%C4%ABt%C4%81js-a-head-of-bank-products-sales-team-latvia-at-citadele-banka-4443746841,Bankas produktu pārdošanas komandas vadītājs/-a | Head of Bank Products Sales Team (Latvia),,scraped,2026-07-23T16:25:35.534984,
c370d29cb17daa39,https://lv.linkedin.com/jobs/view/llm-genai-engineer-at-accenture-4440432622,LLM/GenAI engineer,Accenture,posted,2026-07-23T16:25:58.172005,1037
b41e97e409759a8f,https://lv.linkedin.com/jobs/view/translator-product-labeling-specialist-at-lidl-latvija-4443355433,"Translator, Product Labeling Specialist",,scraped,2026-07-23T16:26:00.892134,
7ebffec9ecc7e3e8,https://lv.linkedin.com/jobs/view/sap-abap-engineering-manager-at-epam-systems-4441505326,SAP ABAP Engineering Manager,EPAM Systems,scraped,2026-07-23T16:26:14.651146,
04019c780badc7d7,https://lv.linkedin.com/jobs/view/kr%C4%81v%C4%93js-a-at-viet%C4%93jais-top%21-4444702231,Krāvējs/-a,,scraped,2026-07-25T14:45:49.008239,
025ffbc7c333040c,https://lv.linkedin.com/jobs/view/career-guides-at-marketing-skills-trust-4442300479,Career Guides,,scraped,2026-07-25T14:45:56.332511,
cf257556ba1dab3f,https://lv.linkedin.com/jobs/view/answer-key-subject-code-33-sfs-at-bundelkhand-university-jhansi-uttar-pradesh-4442923847,Answer Key: Subject Code - 33 (SFS),"Bundelkhand University, Jhansi Uttar Pradesh",posted,2026-07-25T14:46:23.322037,1039
03691f9469b87f33,https://lv.linkedin.com/jobs/view/compliance-specialist-%E2%80%94-oro-pay-ltd-%F0%9F%93%8D-riga-latvia-hybrid-at-oropay-4441882954,"Compliance Specialist — Oro Pay Ltd 📍 Riga, Latvia | Hybrid",,scraped,2026-07-25T14:46:29.915129,
c417a3c7ec5f8afc,https://lv.linkedin.com/jobs/view/license-owner-operator-riga-at-stranger-soccer-4444911642,"License Owner & Operator, Riga",,scraped,2026-07-25T14:46:38.582857,
249f1ef15bdb4773,https://lv.linkedin.com/jobs/view/answer-key-subject-code-22-sfs-at-bundelkhand-university-jhansi-uttar-pradesh-4442946000,Answer Key: Subject Code - 22 (SFS),"Bundelkhand University, Jhansi Uttar Pradesh",posted,2026-07-25T14:46:52.016155,1041
fb3852b0b037b8e3,https://lv.linkedin.com/jobs/view/answer-key-subject-code-25-sfs-at-bundelkhand-university-jhansi-uttar-pradesh-4442943052,Answer Key: Subject Code - 25 (SFS),"Bundelkhand University, Jhansi Uttar Pradesh",posted,2026-07-25T14:47:01.123768,1043
86d6a6131cc1bff9,https://lv.linkedin.com/jobs/view/senior-financial-analyst-at-taltap-4443769570,Senior Financial Analyst,,scraped,2026-07-25T14:47:03.769165,
11a0f7e30743f2e2,https://lv.linkedin.com/jobs/view/executive-personal-assistant-to-tech-executive-at-ultahost-4444349086,Executive & Personal Assistant to Tech Executive,UltaHost,posted,2026-07-25T14:47:22.928328,1045
b0717399e825af98,https://lv.linkedin.com/jobs/view/marketing-branding-intern-at-q-beyond-riga-4432703137,Marketing & Branding Intern,,scraped,2026-07-25T14:47:25.520665,
df11b047cb850e9a,https://lv.linkedin.com/jobs/view/transaction-monitoring-aml-analyst-at-mintos-4442679697,Transaction Monitoring AML Analyst,,scraped,2026-07-25T14:47:34.001537,
83448f9e369e48d7,https://lv.linkedin.com/jobs/view/chief-risk-officer-at-evotym-4442254752,Chief Risk Officer,,scraped,2026-07-25T14:47:41.163236,
6c821cff5c80e5a9,https://lv.linkedin.com/jobs/view/product-manager-client-config-hub-at-paymentology-4443383802,Product Manager - Client Config Hub,,scraped,2026-07-25T14:47:49.528669,
46aff36e44327759,https://lv.linkedin.com/jobs/view/technical-support-specialist-at-aerones-4443861943,Technical Support Specialist,,scraped,2026-07-25T14:47:56.587001,
3374797751cf3aec,https://lv.linkedin.com/jobs/view/payments-performance-analyst-business-analyst-at-slyse-4444289665,Payments Performance Analyst | Business Analyst,Slyse,posted,2026-07-25T14:48:13.762857,1047
176f00a3861b44ab,https://lv.linkedin.com/jobs/view/it-compliance-specialist-at-psi-cro-4441583784,IT Compliance Specialist,PSI CRO,posted,2026-07-25T14:48:27.805627,1049
aad12b9402fcd399,https://lv.linkedin.com/jobs/view/production-ai-innovation-lead-contract-remote-at-infuse-4445213698,"Production AI Innovation Lead (Contract, Remote)",INFUSE,posted,2026-07-25T14:48:36.763279,1051
3a45f79aa26eec8d,https://lv.linkedin.com/jobs/view/account-executive-at-print-on-demand-4443329992,Account Executive,Print On Demand,posted,2026-07-25T14:48:41.453596,40
e2d99e574ba7a905,https://lv.linkedin.com/jobs/view/introduction-to-personal-safety-for-lone-workers-at-competum-limited-4443498492,Introduction to Personal Safety for Lone Workers,,scraped,2026-07-25T14:48:45.868152,
b3a6f803e6a22839,https://lv.linkedin.com/jobs/view/customer-success-manager-vip-account-manager-at-ultahost-4442623829,Customer Success Manager & VIP Account Manager,UltaHost,posted,2026-07-25T14:48:58.817194,1053
b4598cc9d30022f1,https://lv.linkedin.com/jobs/view/operations-lead-at-markjames-%F0%9F%8C%8D-4441045154,Operations Lead,,scraped,2026-07-25T14:49:03.566341,
d4f727cf508d9a0a,https://lv.linkedin.com/jobs/view/data-operations-analyst-at-nielseniq-4433666600,Data Operations Analyst,NielsenIQ,posted,2026-07-25T14:49:19.775213,1055
26f3fbb5291a72b9,https://lv.linkedin.com/jobs/view/automazg%C4%81t%C4%81js-a%0A-%0A%0A-%0Aserviss%0A%0A-%C2%B7%0A%0A-moller-auto-r%C4%ABga-audi-at-moller-auto-baltic-4443566618,"Automazgātājs/-a
    

    
Serviss

  ·

    Moller Auto Rīga, Audi",,scraped,2026-07-25T14:49:26.364829,
dec657a4749bb02d,https://lv.linkedin.com/jobs/view/kaptain-b737-%E2%80%93-buzz-at-ryanair-europe-s-favourite-airline-4444347987,Kaptain B737 – Buzz,,scraped,2026-07-25T14:49:33.299166,
e5fd572dee5d1c0d,https://lv.linkedin.com/jobs/view/prakse-ilgtsp%C4%93jas-atskai%C5%A1u-un-snieguma-vad%C4%ABbas-jom%C4%81-at-luminor-group-4442643223,Prakse ilgtspējas atskaišu un snieguma vadības jomā,Luminor Group,posted,2026-07-25T14:49:55.361257,1057
a7b9ce72024509fd,https://lv.linkedin.com/jobs/view/nekustamo-%C4%ABpa%C5%A1umu-noda%C4%BCas-vad%C4%ABt%C4%81ja-asistents-e-at-viet%C4%93jais-top%21-4444711044,Nekustamo īpašumu nodaļas vadītāja asistents/-e,,scraped,2026-07-25T14:49:57.977348,
f03bc03ff0e96e17,https://lv.linkedin.com/jobs/view/co-founder-at-leoblaz-ai-integrated-browser-4435964944,Co-Founder,LeoBlaz - AI Integrated Browser,posted,2026-07-25T14:50:11.405953,1059
fdaf0a665d07dbe9,https://lv.linkedin.com/jobs/view/real-estate-management-and-development-at-vas-valsts-nekustamie-%C4%ABpa%C5%A1umi-%E2%80%8B-state-real-estate-latvia-4440124425,Real estate management and development,"VAS ""Valsts nekustamie īpašumi"" / State Real Estate, Latvia",posted,2026-07-25T14:50:58.277623,1061
943a8fc71130ffd4,https://lv.linkedin.com/jobs/view/payments-product-manager-system-analyst-card-schemes-at-evotym-4442264281,Payments Product Manager / System Analyst (Card Schemes),,scraped,2026-07-25T14:51:02.938209,
c9e5b1cc07f15286,https://lv.linkedin.com/jobs/view/software-engineer-distributed-systems-infrastructure-at-hopsworks-4438713852,Software Engineer - Distributed Systems & Infrastructure,,scraped,2026-07-25T14:51:09.336421,
f10f8c346614e138,https://lv.linkedin.com/jobs/view/information-technology-support-specialist-at-sharp-brains-4441521197,Information Technology Support Specialist,Sharp Brains,posted,2026-07-25T14:52:00.546094,627
7b9d2714916cefe8,https://lv.linkedin.com/jobs/view/prakse-afc-izmekl%C4%93%C5%A1anas-jom%C4%81-at-luminor-group-4442691131,Prakse AFC izmeklēšanas jomā,Luminor Group,posted,2026-07-25T14:52:16.946289,1063
ef25d07864d3a4e8,https://lv.linkedin.com/jobs/view/credit-risk-modeller-data-scientist-at-luminor-group-4443791430,Credit Risk Modeller (Data Scientist),Luminor Group,posted,2026-07-25T14:52:36.524025,1065
6c8c2db3887ff293,https://lv.linkedin.com/jobs/view/afc-investigations-intern-at-luminor-group-4444427113,AFC Investigations intern,Luminor Group,posted,2026-07-25T14:52:53.294607,1067
39d638bc098aa871,https://lv.linkedin.com/jobs/view/senior-front-end-developer-at-gr8-tech-4441215973,Senior Front End Developer,,scraped,2026-07-25T14:53:01.963894,
4701e0eeadba5b89,https://lv.linkedin.com/jobs/view/grocery-associate-at-wolt-4444383088,Grocery Associate,,scraped,2026-07-25T14:53:12.991319,
9180006b9f36fbc2,https://lv.linkedin.com/jobs/view/automation-engineer-at-testdevlab-4443811427,Automation Engineer,,scraped,2026-07-25T14:53:22.390745,
1e8b37950b7d981e,https://lv.linkedin.com/jobs/view/after-effects-trainer-motion-graphics-%2470-hr-remote-at-crossing-hurdles-4443146353,After Effects Trainer (Motion Graphics) | $70/hr Remote,Crossing Hurdles,posted,2026-07-25T14:53:38.433806,1069
4077d0466086ddea,https://lv.linkedin.com/jobs/view/elektroauto-uzl%C4%81des-iek%C4%81rtu-servisa-speci%C4%81listu-i-at-energolukss-4441802611,Elektroauto uzlādes iekārtu servisa speciālistu/-i,,scraped,2026-07-25T14:53:41.024917,
e5a390aa4a04afd9,https://lv.linkedin.com/jobs/view/language-specialist-ai-trainer-at-dataannotation-4406689176,Language Specialist - AI Trainer,DataAnnotation,posted,2026-07-25T14:53:55.846017,1071
ba6b1f7753f0ffee,https://lv.linkedin.com/jobs/view/consultant-in-consulting-services-at-ey-4443184457,Consultant in Consulting Services,EY,posted,2026-07-25T14:54:07.651970,1073
2aabdac2543f987e,https://lv.linkedin.com/jobs/view/contact-center-specialist-lithuanian-latvian-at-baltijas-apdro%C5%A1in%C4%81%C5%A1anas-nams-aas-4444285513,Contact Center Specialist | Lithuanian & Latvian,Baltijas Apdrošināšanas Nams AAS,posted,2026-07-25T14:54:18.979001,1075
ffbbe3c7a50972b6,https://lv.linkedin.com/jobs/view/it-asset-management-specialist-at-allnex-4443827570,IT Asset Management Specialist,allnex,posted,2026-07-25T14:54:56.529033,1077
2fd6e3549dabd16c,https://lv.linkedin.com/jobs/view/service-manager-at-epson-europe-b-v-4443378815,Service Manager,,scraped,2026-07-25T14:54:59.109896,
f56fae781aafbf0a,https://lv.linkedin.com/jobs/view/bilingual-linguistic-consultant-russian-english-ai-trainer-at-dataannotation-4406808081,Bilingual Linguistic Consultant (Russian/English) - AI Trainer,DataAnnotation,posted,2026-07-25T14:55:12.015510,1079
7e38abebdf72929d,https://lv.linkedin.com/jobs/view/reward-operations-specialist-at-epson-europe-b-v-4443512277,Reward Operations Specialist,,scraped,2026-07-25T14:55:14.603117,
52011d90970cc5e1,https://lv.linkedin.com/jobs/view/manager-market-research-business-development-european-partner-markets-at-medison-pharma-4442682071,"Manager, Market Research & Business Development,  European Partner Markets",Medison Pharma,posted,2026-07-25T14:55:32.521917,1081
5f4b065ceaf61095,https://lv.linkedin.com/jobs/view/p%C4%81rdev%C4%93js-pre%C4%8Du-pie%C5%86%C4%93m%C4%93js-jysk-veikal%C4%81-krasta-iel%C4%81-at-jysk-baltics-4442703131,Pārdevējs - preču pieņēmējs JYSK veikalā Krasta ielā,JYSK Baltics,posted,2026-07-25T14:55:44.816710,1083
91e8099cec2dcfa8,https://lv.linkedin.com/jobs/view/slot-technician-at-royal-caribbean-group-4442032601,Slot Technician,Royal Caribbean Group,posted,2026-07-25T14:55:57.084199,1085
4dc81b0f776abfd9,https://lv.linkedin.com/jobs/view/ai-driven-qa-engineer-at-ubiquiti-inc-4395230683,AI-driven QA Engineer,Ubiquiti Inc.,posted,2026-07-25T14:56:10.041771,1087
db7a132a12142552,https://lv.linkedin.com/jobs/view/consultant-in-financial-services-risk-management-team-at-ey-4443175879,Consultant in Financial Services Risk Management Team,EY,posted,2026-07-25T14:56:23.159108,1089
315dc124fa18da2a,https://lv.linkedin.com/jobs/view/storage-solutions-architect-at-asbis-4441045257,Storage Solutions Architect,,scraped,2026-07-25T14:56:27.774649,
4cf7b8aba0a17471,https://lv.linkedin.com/jobs/view/fullstack-developer-to-customer-lifecycle-programm%C4%93t%C4%81js-a-seb-riga-at-seb-latvija-4443103411,"Fullstack Developer to Customer Lifecycle / Programmētājs/-a | SEB, Riga",,scraped,2026-07-25T14:56:35.530148,
fd31795729f44aad,https://lv.linkedin.com/jobs/view/medical-information-specialist-with-greek-german-and-english-at-iqvia-4442087872,"Medical Information Specialist with Greek, German and English",IQVIA,posted,2026-07-25T14:56:50.192963,1091
128c4b2d0f0232c2,https://lv.linkedin.com/jobs/view/software-engineer-for-data-integrations-at-swedbank-latvija-4441582543,Software Engineer for Data Integrations,,scraped,2026-07-25T14:56:54.797011,
a8a26c88e26f1ffa,https://lv.linkedin.com/jobs/view/p%C4%81rdev%C4%93js-a-circle-k-krustpils-j%C4%81%C5%86av%C4%81rtu-iela-21-r%C4%ABga-at-circle-k-4434317051,"Pārdevējs/-a Circle K Krustpils (Jāņavārtu iela 21, Rīga)",,scraped,2026-07-25T14:57:13.340290,
9f5ecf290397c9c7,https://lv.linkedin.com/jobs/view/klientu-konsultants-e-fili%C4%81l%C4%93-spice-at-swedbank-latvija-4440102311,"Klientu konsultants(-e) filiālē ""Spice""",,scraped,2026-07-25T14:57:20.030811,
52bbfd4cac373bbc,https://lv.linkedin.com/jobs/view/atalgojuma-un-motiv%C4%81cijas-jomas-eksperts-e-at-swedbank-latvija-4440153333,Atalgojuma un motivācijas jomas eksperts(-e),,scraped,2026-07-25T14:57:26.544510,
d3d3ca83ec898423,https://lv.linkedin.com/jobs/view/sap-r2r-architect-at-epam-systems-4397553941,SAP R2R Architect,EPAM Systems,posted,2026-07-25T14:57:38.493681,1093
0139c1c2f9dc3fe3,https://lv.linkedin.com/jobs/view/dalux-administrator-m-f-d-at-vamed%2Bwwh-4445125820,Dalux Administrator (m/f/d),,scraped,2026-07-27T17:08:32.044170,
54ca4f576c2f677d,https://lv.linkedin.com/jobs/view/innovate-with-break-machinery-at-bemapps-com-4444870206,Innovate with Break Machinery,,scraped,2026-07-27T17:08:43.323638,
4c7686c526d9eb30,https://lv.linkedin.com/jobs/view/technology-recruitment-at-fintech-benchmark-4445930038,Technology Recruitment,Fintech Benchmark,posted,2026-07-27T17:08:57.994109,1095
c11538fb5516010c,https://lv.linkedin.com/jobs/view/financial-services-recruitment-at-fintech-benchmark-4445926163,Financial Services Recruitment,Fintech Benchmark,posted,2026-07-27T17:09:07.309955,1097
167773caeb635fbf,https://lv.linkedin.com/jobs/view/beton%C4%93t%C4%81js-a-at-mb-betons-4445644718,Betonētājs/-a,,scraped,2026-07-27T17:09:09.809292,
b00cda390a696efc,https://lv.linkedin.com/jobs/view/p%C4%81rdev%C4%93js-a-at-viet%C4%93jais-top%21-4443527184,Pārdevējs/-a,,scraped,2026-07-27T17:09:20.715402,
f5537a845a23a5af,https://lv.linkedin.com/jobs/view/game-designer-at-estoty-4445165030,Game Designer,,scraped,2026-07-27T17:09:27.684714,
7cc2b0ec2177cfe6,https://lv.linkedin.com/jobs/view/job-posting-%E2%80%94-operations-manager-athena-film-festival-at-athena-film-festival-4445335810,"JOB POSTING — OPERATIONS MANAGER, ATHENA FILM FESTIVAL",Athena Film Festival,posted,2026-07-27T17:09:40.618496,1099
9fc0df53a2c2a0d9,https://lv.linkedin.com/jobs/view/corporate-english-trainer-at-gofluent-4443837090,Corporate English Trainer,,scraped,2026-07-27T17:09:47.369130,
8896462b294f157a,https://lv.linkedin.com/jobs/view/data-scientist-operations-research-wolt-at-suomen-operaatiotutkimusseura-ry-fors-4444803834,"Data Scientist, Operations Research, Wolt",Suomen Operaatiotutkimusseura ry (FORS),posted,2026-07-27T17:10:01.860792,1101
c2ccf9d609ceaf99,https://lv.linkedin.com/jobs/view/betona-s%C5%ABk%C5%86a-operators-e-at-mb-betons-4445649677,Betona sūkņa operators/-e,,scraped,2026-07-27T17:10:10.333102,
253862fcf69ac163,https://lv.linkedin.com/jobs/view/underwriter-assistant-at-vialet-4443133824,Underwriter Assistant,,scraped,2026-07-27T17:10:21.274077,
9ab3db4c50d51df7,https://lv.linkedin.com/jobs/view/technical-talent-acquisition-specialist-at-ultahost-4444354045,Technical Talent Acquisition Specialist,UltaHost,posted,2026-07-27T17:10:34.809478,1103
eef587e33c462225,https://lv.linkedin.com/jobs/view/it-systems-automation-engineer-at-n8n-4443552743,IT Systems & Automation Engineer,,scraped,2026-07-27T17:10:39.447712,
0d07b3632b623629,https://lv.linkedin.com/jobs/view/sales-partnerships-representative-latvia-at-certific-4441511190,Sales & Partnerships representative (Latvia),Certific,posted,2026-07-27T17:10:54.127869,1105
b0f05ee0eaf816fa,https://lv.linkedin.com/jobs/view/head-of-bfsi-solutions-at-neurons-lab-4445957010,Head of BFSI Solutions,,scraped,2026-07-27T17:10:58.726825,
75bae2396a9b5236,https://lv.linkedin.com/jobs/view/customer-service-specialist-at-kronospan-4439980707,Customer Service Specialist,,scraped,2026-07-27T17:11:06.624756,
9adb99f3f007c8a4,https://lv.linkedin.com/jobs/view/salesperson-at-onninen-4442830430,Salesperson,Onninen,posted,2026-07-27T17:11:31.160980,1107
f318fe7cd4660b81,https://lv.linkedin.com/jobs/view/starptautisko-p%C4%81rvad%C4%81jumu-noda%C4%BCas-vad%C4%ABt%C4%81js-a-at-elko-group-4443791250,Starptautisko pārvadājumu nodaļas vadītājs /-a,,scraped,2026-07-27T17:11:33.763210,
8366f816d92d676a,https://lv.linkedin.com/jobs/view/business-owner-in-latvia-i-logistics-e-commerce-at-mail-boxes-etc-worldwide-development-4443934265,Business Owner in Latvia I Logistics & E-commerce,,scraped,2026-07-27T17:11:49.936489,
526008051a45dab6,https://lv.linkedin.com/jobs/view/druva-at-gbp-agency-4442848639,Druva,,scraped,2026-07-27T17:11:57.011213,
4127d4ce3cb505a1,https://lv.linkedin.com/jobs/view/view-more-job-vacancy-head-of-development-and-fundraising-%E2%80%93-global-grooves-at-saddleworth-independent-4443728978,View More Job Vacancy: Head of Development and Fundraising – Global Grooves,Saddleworth Independent,posted,2026-07-27T17:12:12.039048,1109
042bf1ba784e5093,https://lv.linkedin.com/jobs/view/elektroin%C5%BEenieris-e-at-latour-future-solutions-ab-4444851829,ELEKTROINŽENIERIS/-E,Latour Future Solutions AB,posted,2026-07-27T17:12:26.221867,1111
2db084e759b15540,https://lv.linkedin.com/jobs/view/pricing-operations-specialist-at-print-on-demand-4445245616,Pricing Operations Specialist,Print On Demand,posted,2026-07-27T17:12:35.407187,1113
e5940607ba3a3727,https://lv.linkedin.com/jobs/view/psp-manager-business-development-manager-open-banking-at-evotym-4444019055,PSP Manager / Business Development Manager (open banking),,scraped,2026-07-27T17:12:37.987284,
a75d61cfcceabb22,https://lv.linkedin.com/jobs/view/front-office-agent-eu-work-eligible-at-kempinski-hotels-4444896651,Front Office Agent (EU work eligible),,scraped,2026-07-27T17:12:46.417777,
5b34a9f75f8d3211,https://lv.linkedin.com/jobs/view/senior-analyst-at-found-talent-4442836053,Senior Analyst,,scraped,2026-07-27T17:12:53.769818,
514514ede991f11c,https://lv.linkedin.com/jobs/view/mazlietotu-automobi%C4%BCu-tirdzniec%C4%ABbas-konsultants-e-jelgavas-centr%C4%81-at-moller-auto-baltic-4443152140,Mazlietotu automobiļu tirdzniecības konsultants/-e Jelgavas centrā,,scraped,2026-07-27T17:13:04.027073,
5db3d4447f399654,https://lv.linkedin.com/jobs/view/pal%C4%ABgstr%C4%81dnieks-ra%C5%BEo%C5%A1an%C4%81-at-consolis-latvija-sia-4443788558,Palīgstrādnieks ražošanā,,scraped,2026-07-27T17:13:10.777923,
78ff896c12d32d85,https://lv.linkedin.com/jobs/view/desktop-support-technician-at-sharp-brains-4443107284,Desktop Support Technician,,scraped,2026-07-27T17:13:19.791720,
e547bec1cccec139,https://lv.linkedin.com/jobs/view/p%C4%81rdo%C5%A1anas-speci%C4%81lists-zvanu-centr%C4%81-at-balta-apdro%C5%A1in%C4%81%C5%A1ana-4443822118,Pārdošanas speciālists Zvanu centrā,BALTA apdrošināšana,posted,2026-07-27T17:13:51.154501,1115
ff298660d0693575,https://lv.linkedin.com/jobs/view/sql-c%23-developer-programm%C4%93t%C4%81js-a-seb-riga-at-seb-latvija-4442978713,"SQL / C# Developer / Programmētājs-/a | SEB, Riga",,scraped,2026-07-27T17:13:53.744203,
2e4baaaa4fd3da29,https://lv.linkedin.com/jobs/view/mechanical-assembler-at-asbis-4441803890,Mechanical Assembler,,scraped,2026-07-27T17:14:03.296151,
c0922bf912e3478a,https://lv.linkedin.com/jobs/view/italian-speaking-customer-support-remote-in-greece-i-relocation-supported-at-ww-talents-4444832784,Italian-Speaking Customer Support | Remote in Greece I Relocation Supported,WW Talents,posted,2026-07-27T17:14:17.967774,1117
010c4fd879c70347,https://lv.linkedin.com/jobs/view/associate-field-clinical-liaison-at-align-technology-4428027428,Associate Field Clinical Liaison,Align Technology,posted,2026-07-27T17:14:26.146112,1119
877a5204fd3448fd,https://lv.linkedin.com/jobs/view/account-executive-at-fyul-4443351487,Account Executive,FYUL,posted,2026-07-27T17:14:30.975189,40
b1df03d0a251eae9,https://lv.linkedin.com/jobs/view/senior-unity-developer-at-estoty-4445150172,Senior Unity Developer,,scraped,2026-07-27T17:14:33.557666,
11da6f4850b59662,https://lv.linkedin.com/jobs/view/namdaris-infrastrukt%C5%ABras-p%C4%81rvald%C4%AB%C5%A1anas-da%C4%BC%C4%81-at-paula-stradi%C5%86a-kl%C4%ABnisk%C4%81-universit%C4%81tes-slimn%C4%ABca-4444884591,NAMDARIS Infrastruktūras pārvaldīšanas daļā,,scraped,2026-07-27T17:14:39.898462,
5856f549a324cd6e,https://lv.linkedin.com/jobs/view/presales-solution-consultant-%E2%80%93-data-and-ai-at-epam-systems-4357429594,Presales Solution Consultant – Data and AI,EPAM Systems,posted,2026-07-27T17:14:50.550706,625
0711068ed5d7097d,https://lv.linkedin.com/jobs/view/merchant-at-kronospan-4443876966,Merchant,,scraped,2026-07-27T17:14:53.252326,
da96cfb98b28c08c,https://lv.linkedin.com/jobs/view/galvenais-gr%C4%81matvedis-at-timbro-4442830010,Galvenais Grāmatvedis,,scraped,2026-07-27T17:15:00.479623,
3a232b475fe2cda7,https://lv.linkedin.com/jobs/view/it-product-owner-at-eleving-consumer-finance-4444423596,IT Product Owner,,scraped,2026-07-27T17:15:09.330779,
cb3600c2ce1289d8,https://lv.linkedin.com/jobs/view/projektu-vad%C4%ABt%C4%81ja-asistents-at-prakse-lv-4445978156,PROJEKTU VADĪTĀJA ASISTENTS,Prakse.lv,posted,2026-07-27T17:15:23.269686,1121
29e85689caa70b7e,https://lv.linkedin.com/jobs/view/manager-business-analysis-auto-emea-f-m-diverse-at-ppg-4445965981,Manager Business Analysis Auto EMEA (f/m/diverse),PPG,posted,2026-07-27T17:15:32.462376,1123
f758de81e29b3003,https://lv.linkedin.com/jobs/view/manager-data-science-and-ai-consulting-at-epam-systems-4397016342,Manager - Data Science and AI Consulting,EPAM Systems,posted,2026-07-27T17:15:44.522940,1125
5e9e6627130283a4,https://lv.linkedin.com/jobs/view/data-warehouse-developer-at-olybet-group-4442634480,Data Warehouse Developer,OlyBet Group,posted,2026-07-27T17:15:56.396112,1127
7f0c59bc3b4c0861,https://lv.linkedin.com/jobs/view/autoce%C4%BCa-a6-r%C4%ABga-%E2%80%93-daugavpils-%E2%80%93-kr%C4%81slava-%E2%80%93-baltkrievijas-robe%C5%BEa-patarnieki-km-226-52-%C5%A1altupes-tilts-jaunb%C5%ABve-at-sia-ok-b%C5%ABvmateri%C4%81li-4444891120,"Autoceļa A6 Rīga – Daugavpils – Krāslava – Baltkrievijas robeža (Patarnieki) km 226,52 (Šaltupes tilts) jaunbūve",,scraped,2026-07-27T17:16:06.891250,
5c616c712123a6a2,https://lv.linkedin.com/jobs/view/tele2-centra-l%C4%ABderis-tukum%C4%81-pieteik%C5%A1an%C4%81s-l%C4%ABdz-04-08-2026-at-tele2-latvia-4442643429,"Tele2 centra līderis Tukumā, pieteikšanās līdz 04.08.2026.",,scraped,2026-07-27T17:16:15.790823,
3a17e3a2d00c91ad,https://lv.linkedin.com/jobs/view/compensation-and-benefits-senior-specialist-at-dyninno-group-4443794902,Compensation and Benefits Senior Specialist,Dyninno Group,posted,2026-07-27T17:16:30.580515,1129
cc8bf31817e45b7a,https://lv.linkedin.com/jobs/view/klientu-konsultantu-asistents-e-t-c-akropole-at-latvijas-mobilais-telefons-sia-4444024000,Klientu konsultantu asistents/-e t/c Akropole,,scraped,2026-07-27T17:16:33.255921,
523ba5ac02ec300c,https://lv.linkedin.com/jobs/view/g%C4%81j%C4%93ju-un-velosip%C4%93distu-tilts-p%C4%81r-r%C4%ABgas-ventspils-%C5%A1oseju-at-sia-ok-b%C5%ABvmateri%C4%81li-4444885209,Gājēju un velosipēdistu tilts pār Rīgas-Ventspils šoseju,,scraped,2026-07-27T17:16:41.111762,
d9a116dc235b4f3a,https://lv.linkedin.com/jobs/view/pav%C4%81rs-pav%C4%81ra-pal%C4%ABgs-at-prakse-lv-4445977157,Pavārs/Pavāra palīgs,Prakse.lv,posted,2026-07-27T17:16:54.310021,1131
cd60c6953c336921,https://lv.linkedin.com/jobs/view/key-account-manager-hematology-at-abbvie-4444369268,Key Account Manager Hematology,AbbVie,posted,2026-07-27T17:17:11.474848,1133
a9e00114e9005c17,https://lv.linkedin.com/jobs/view/sap-bw-4hana-consultant-at-epam-systems-4338122988,SAP BW/4HANA Consultant,EPAM Systems,posted,2026-07-27T17:17:21.569752,1135
7f03f707504dc591,https://lv.linkedin.com/jobs/view/klientu-konsultants-e-nekustamo-%C4%ABpa%C5%A1umu-datu-jom%C4%81-at-lursoft-it-4441059100,Klientu konsultants/-e (nekustamo īpašumu datu jomā),,scraped,2026-07-27T17:17:24.237350,
1c2358f98b1938c7,https://lv.linkedin.com/jobs/view/senior-aml-data-analyst-at-luminor-group-4445921897,Senior AML Data Analyst,Luminor Group,posted,2026-07-27T17:17:42.441440,1137
a9c11148a9ad0557,https://lv.linkedin.com/jobs/view/e67-a7-r%C4%ABga-bauska-lietuvas-robe%C5%BEa-grenct%C4%81le-posma-7-9-25-0-km-%C4%B7ekavas-apvedce%C4%BCs-at-sia-ok-b%C5%ABvmateri%C4%81li-4444885197,"E67/A7 Rīga - Bauska - Lietuvas robeža (Grenctāle) posma 7,9 - 25,0 km (Ķekavas apvedceļs)",,scraped,2026-07-27T17:17:45.000947,
4c8abe9a34355674,https://lv.linkedin.com/jobs/view/ring-spun-piqu%C3%A9-polo-at-tees-n-more-4442359891,RING-SPUN PIQUÉ POLO,Tees N More,posted,2026-07-27T17:18:00.073735,1139
5cbe8897c927dd81,https://lv.linkedin.com/jobs/view/solution-architect-d365-migration-at-epam-systems-4428963338,Solution Architect (D365 Migration),EPAM Systems,posted,2026-07-27T17:18:16.019425,1141
ad0ea31068e97c28,https://lv.linkedin.com/jobs/view/finance-process-owner-at-vivicta-4435158930,Finance Process Owner,Vivicta,posted,2026-07-27T17:18:25.878162,1143
a3e01059ae9d08df,https://lv.linkedin.com/jobs/view/productivity-ai-enablement-lead-at-intrum-4442842219,Productivity & AI Enablement Lead,,scraped,2026-07-27T17:18:30.565289,
3372f16b8777e57b,https://lv.linkedin.com/jobs/view/intern-in-finance-systems-team-at-circle-k-4444369945,Intern in Finance Systems Team,,scraped,2026-07-27T17:18:54.264234,
de72685b05c15707,https://lv.linkedin.com/jobs/view/application-security-engineer-%E2%80%94-threat-vulnerability-management-ai-focus-at-epam-systems-4441812494,Application Security Engineer — Threat & Vulnerability Management (AI Focus),EPAM Systems,posted,2026-07-27T17:19:05.738577,1145
b2364522df0f16a2,https://lv.linkedin.com/jobs/view/back-end-developer-at-prime-insights-4443775914,Back End Developer,Prime Insights,posted,2026-07-27T17:19:13.514099,1147
e62fb11641c0ff6e,https://lv.linkedin.com/jobs/view/amazon-cloud-native-python-developer-at-epam-systems-4441525255,Amazon Cloud Native Python Developer,EPAM Systems,posted,2026-07-27T17:19:22.246968,1149
db6cad7f18c6502a,https://lv.linkedin.com/jobs/view/senior-ios-developer-remote-at-finom-4444998252,Senior iOS Developer (Remote),,scraped,2026-07-27T17:19:28.921824,
01e36f0147294909,https://lv.linkedin.com/jobs/view/centific-acc-task-for-latvian-latvia-at-centific-4444871585,Centific ACC task for Latvian (Latvia),Centific,posted,2026-07-27T17:19:44.715287,1151
044b14523c21b0ad,https://lv.linkedin.com/jobs/view/lead-ai-security-engineer-at-epam-systems-4431084669,Lead AI Security Engineer,EPAM Systems,posted,2026-07-27T17:19:52.505783,1153
d990232dca4e80b8,https://lv.linkedin.com/jobs/view/autoce%C4%BCa-p116-kuld%C4%ABga-%E2%80%93-skrunda-%E2%80%93-emb%C5%ABte-posma-km-2-33-6-84-atjauno%C5%A1ana-p%C4%81rb%C5%ABve-at-sia-ok-b%C5%ABvmateri%C4%81li-4444876232,"Autoceļa P116 Kuldīga – Skrunda – Embūte posma km 2,33-6,84 atjaunošana (pārbūve)",,scraped,2026-07-27T17:19:54.838298,
3359906819bb5f76,https://lv.linkedin.com/jobs/view/software-engineer-at-frankenburg-technologies-4444449480,Software Engineer,,scraped,2026-07-27T17:20:09.725812,
261dc1b3b8bc1765,https://lv.linkedin.com/jobs/view/engineer-scientist-pre-register-at-european-patent-office-4440463609,Engineer / Scientist (pre-register),,scraped,2026-07-27T17:20:16.951124,
26e7349c3ea08e11,https://lv.linkedin.com/jobs/view/lead-software-engineer-modbus-%2B-go-at-epam-systems-4441806887,Lead Software Engineer (Modbus + Go),EPAM Systems,posted,2026-07-27T17:20:29.935572,1155
808c9a7d3a5c1782,https://lv.linkedin.com/jobs/view/senior-secops-engineer-at-epam-systems-4431957327,Senior SecOps Engineer,EPAM Systems,posted,2026-07-27T17:20:37.722421,1157
09dbb7e525e4f216,https://lv.linkedin.com/jobs/view/p%C4%81rdev%C4%93js-a-circle-k-deglava-deglava-iela-164c-r%C4%ABga-at-circle-k-4445140315,"Pārdevējs/-a Circle K Deglava (Deglava iela 164c, Rīga)",,scraped,2026-07-27T17:20:46.332100,
78c0defdbd1ad8ec,https://lv.linkedin.com/jobs/view/p%C4%81rdev%C4%93js-a-circle-k-purvciems-2-gun%C4%81ra-astras-iela-10-r%C4%ABga-darbs-bez-nakts-mai%C5%86%C4%81m-at-circle-k-4445126400,"Pārdevējs/-a Circle K Purvciems 2 (Gunāra Astras iela 10, Rīga) darbs bez nakts maiņām",,scraped,2026-07-27T17:20:52.789563,
f6f0ffa43b3e5156,https://lv.linkedin.com/jobs/view/senior-engineering-manager-frontend-pro-at-kraken-4418806513,Senior Engineering Manager - Frontend - Pro,Kraken,posted,2026-07-27T17:21:05.074809,1159
50849b51ae99bed8,https://lv.linkedin.com/jobs/view/danish-speaking-customer-consultant-at-circle-k-4434336700,Danish Speaking Customer Consultant,,scraped,2026-07-27T17:21:07.686383,
7b6a4a94c0bdeca5,https://lv.linkedin.com/jobs/view/trakya-%C3%BCniversitesi-kpss-ile-6-ki%C5%9Fi-al%C4%B1m%C4%B1-i%CC%87%C3%A7in-ba%C5%9Fvuru-s%C3%BCrecini-ba%C5%9Flatt%C4%B1-m%C4%B1%3F-at-i%CC%87%C5%9F%C3%A7i-haber-4445698081,Trakya Üniversitesi KPSS ile 6 Kişi Alımı İçin Başvuru Sürecini Başlattı mı?,,scraped,2026-07-29T15:59:48.025089,
482ec3da63817b24,https://lv.linkedin.com/jobs/view/wanted-yetenek-avc%C4%B1lar%C4%B1yla-cv-at%C3%B6lyesi-at-k%C3%BClt%C3%BCre-duyarl%C4%B1-okullar-projesi-4444867347,WanTED / Yetenek Avcılarıyla Cv Atölyesi,Kültüre Duyarlı Okullar Projesi,posted,2026-07-29T16:00:05.104854,1161
ebb62a6ce33d8423,https://lv.linkedin.com/jobs/view/marketing-creatives-designer-at-estoty-4445156098,Marketing Creatives Designer,,scraped,2026-07-29T16:00:07.693467,
3296b704f969e721,https://lv.linkedin.com/jobs/view/level-designer-at-estoty-4445169005,Level Designer,,scraped,2026-07-29T16:00:14.315138,
d10d0468bf8fb363,https://lv.linkedin.com/jobs/view/country-manager-at-goodday-4440452376,Country Manager,,scraped,2026-07-29T16:00:20.928551,
ddcacf73ae28b736,https://lv.linkedin.com/jobs/view/freelance-presentation-designer-at-mindrift-4444109295,Freelance Presentation Designer,Mindrift,posted,2026-07-29T16:00:34.254643,1163
3df2c8a648bf55ac,https://lv.linkedin.com/jobs/view/creative-producer-at-estoty-4445161040,Creative Producer,,scraped,2026-07-29T16:00:36.963516,
bec2448b50ba8aa5,https://lv.linkedin.com/jobs/view/ux-designer-mobile-games-at-estoty-4445151111,UX Designer (Mobile Games),,scraped,2026-07-29T16:00:45.501889,
7515ed489f925e56,https://lv.linkedin.com/jobs/view/open-source-at-courthive-4442858691,Open Source,CourtHive,posted,2026-07-29T16:00:58.552098,1165
7871cd6d17ef2838,https://lv.linkedin.com/jobs/view/courier-at-dhl-express-4446309440,Courier,DHL Express,posted,2026-07-29T16:01:13.507761,1167
2955f722986b3e00,https://lv.linkedin.com/jobs/view/vec%C4%81kais-pav%C4%81rs-vad%C4%ABt%C4%81js-a-at-viet%C4%93jais-top%21-4445438981,Vecākais pavārs - Vadītājs/-a,,scraped,2026-07-29T16:01:20.040428,
8644f1f75d3d9c63,https://lv.linkedin.com/jobs/view/galdnieks-ce-at-mb-betons-4445644709,Galdnieks/-ce,,scraped,2026-07-29T16:01:27.093524,
318b640664098bc6,https://lv.linkedin.com/jobs/view/sv%C4%93tes-upes-caurpl%C5%ABdes-atjauno%C5%A1ana-at-sia-ok-b%C5%ABvmateri%C4%81li-4444884164,Svētes upes caurplūdes atjaunošana,,scraped,2026-07-29T16:01:34.416557,
7b83ed77abdbf291,https://lv.linkedin.com/jobs/view/senior-mechanical-engineer-at-redwire-europe-4441507388,Senior Mechanical Engineer,,scraped,2026-07-29T16:01:43.460093,
5e4c298806d41bed,https://lv.linkedin.com/jobs/view/account-manager-at-evotym-4445177361,Account Manager,,scraped,2026-07-29T16:01:52.873139,
a3e52e35094af24d,https://lv.linkedin.com/jobs/view/senior-procurement-specialist-at-itab-baltic-4443676440,Senior Procurement Specialist,,scraped,2026-07-29T16:01:59.767607,
644211fc56a8d3bc,https://lv.linkedin.com/jobs/view/network-administrator-at-cavendish-professionals-4443247921,Network Administrator,,scraped,2026-07-29T16:02:07.255875,
098ce9be83f19b92,https://lv.linkedin.com/jobs/view/store-manager-at-michael-kors-4439691045,Store Manager,Michael Kors,posted,2026-07-29T16:02:22.685116,1169
28894d8207e6b213,https://lv.linkedin.com/jobs/view/ai-enablement-trainer-%E2%80%94-head-of-bfsi-solutions-level-at-neurons-lab-4443999282,AI Enablement Trainer — Head of BFSI Solutions level,,scraped,2026-07-29T16:02:27.466056,
bf27326fc5b55a2b,https://lv.linkedin.com/jobs/view/apsardzes-de%C5%BEurants-e-at-viet%C4%93jais-top%21-4446318920,Apsardzes dežurants/-e,,scraped,2026-07-29T16:02:37.085526,
96e685e9a0166622,https://lv.linkedin.com/jobs/view/senior-due-diligence-officer-at-xpate-4442864225,Senior Due Diligence Officer,,scraped,2026-07-29T16:02:44.243730,
b31f65578caa11a2,https://lv.linkedin.com/jobs/view/m%C4%81sa-27-kardiolo%C4%A3ijas-noda%C4%BC%C4%81-at-paula-stradi%C5%86a-kl%C4%ABnisk%C4%81-universit%C4%81tes-slimn%C4%ABca-4444381973,MĀSA 27. Kardioloģijas nodaļā,,scraped,2026-07-29T16:02:51.098827,
ca0caae2041218eb,https://lv.linkedin.com/jobs/view/freelance-agent-evaluation-engineer-at-mindrift-4445903145,Freelance Agent Evaluation Engineer,Mindrift,posted,2026-07-29T16:03:01.719607,573
bdca3c7b836e712c,https://lv.linkedin.com/jobs/view/artificial-intelligence-co-founder-head-of-product-100-%25-remote-m-f-d-at-ewor-4444389902,Artificial Intelligence Co-Founder / Head of Product (100 % remote) (m/f/d),,scraped,2026-07-29T16:03:05.450967,
403c944a32ae1ed3,https://lv.linkedin.com/jobs/view/klientu-atbalsta-speci%C4%81lists-e-at-inbank-4443286788,Klientu atbalsta speciālists/-e,,scraped,2026-07-29T16:03:12.026278,
d1b5d50196ce6540,https://lv.linkedin.com/jobs/view/sales-manager-chinese-speaker-at-scrambly-4445720431,Sales Manager (Chinese speaker),,scraped,2026-07-29T16:03:19.443669,
82160e605864b1cd,https://lv.linkedin.com/jobs/view/p%C4%81rdev%C4%93js-a-at-viet%C4%93jais-top%21-4446552229,Pārdevējs/-a,,scraped,2026-07-29T16:03:25.768384,
331d3c6893b23c76,https://lv.linkedin.com/jobs/view/freelance-mobile-app-developer-ios-android-at-mindrift-4446562860,Freelance Mobile App Developer (iOS / Android),Mindrift,posted,2026-07-29T16:03:35.209662,280
945a83abdbfb2da7,https://lv.linkedin.com/jobs/view/people-operations-partner-at-gocardless-4446189770,People Operations Partner,,scraped,2026-07-29T16:03:37.860042,
cb6c89c4ecacd6c0,https://lv.linkedin.com/jobs/view/ga%C4%BCas-izcirt%C4%93js-a-at-viet%C4%93jais-top%21-4444493648,Gaļas izcirtējs/-a,,scraped,2026-07-29T16:03:44.545906,
67988ab3ed6ae2a9,https://lv.linkedin.com/jobs/view/senior-user-acquisition-manager-at-estoty-4445158082,Senior User Acquisition Manager,,scraped,2026-07-29T16:03:51.771242,
490fb5201f415f34,https://lv.linkedin.com/jobs/view/jurist-e-juriskonsults-te-at-arnautovs-law-office-4443616150,Jurist(-e)/Juriskonsults(-te),,scraped,2026-07-29T16:03:58.328903,
6113980a92d964ae,https://lv.linkedin.com/jobs/view/m%C4%81sa-39-sirds-%C4%B7irur%C4%A3ijas-anesteziolo%C4%A3ijas-un-intens%C4%ABv%C4%81s-terapijas-noda%C4%BC%C4%81-at-paula-stradi%C5%86a-kl%C4%ABnisk%C4%81-universit%C4%81tes-slimn%C4%ABca-4444382972,MĀSA 39. Sirds ķirurģijas anestezioloģijas un intensīvās terapijas nodaļā,,scraped,2026-07-29T16:04:07.168539,
cbf1c48cf9e99d0d,https://lv.linkedin.com/jobs/view/p%C4%81rdev%C4%93js-a-at-viet%C4%93jais-top%21-4446109242,Pārdevējs/-a,,scraped,2026-07-29T16:04:15.742369,
3aeeda2d2b1827ac,https://lv.linkedin.com/jobs/view/korporat%C4%ABvo-klientu-projektu-vad%C4%ABt%C4%81js-a%0A-%0A%0A-%0Atirdzniec%C4%ABba%0A%0A-%C2%B7%0A%0A-moller-auto-krasta-volkswagen-at-moller-auto-baltic-4445920781,"Korporatīvo klientu projektu vadītājs/-a
    

    
Tirdzniecība

  ·

    Moller Auto Krasta, Volkswagen",,scraped,2026-07-29T16:04:23.069669,
9c71b9957c059331,https://lv.linkedin.com/jobs/view/playable-ad-developer-at-estoty-4445159077,Playable Ad Developer,,scraped,2026-07-29T16:04:30.115351,
172c6d304eba9329,https://lv.linkedin.com/jobs/view/liveops-manager-at-scrambly-4446054762,LiveOps Manager,,scraped,2026-07-29T16:04:36.893543,
c5dce403bfb23259,https://lv.linkedin.com/jobs/view/outreach-at-giia-udec-4447211869,Outreach,,scraped,2026-07-31T16:20:26.344854,
6f9b94fb5859b4d5,https://lv.linkedin.com/jobs/view/cash-collector-at-brink%E2%80%99s-inc-4446738806,Cash collector,Brink’s Inc,posted,2026-07-31T16:20:36.929252,294
cb130dadbf2ea67f,https://lv.linkedin.com/jobs/view/toyota-at-clarklift-of-florida-inc-4445525038,Toyota,Clarklift of Florida Inc.,posted,2026-07-31T16:20:43.888167,597
2d4be551ac054454,https://lv.linkedin.com/jobs/view/contact-center-operator-at-aerones-4444579977,Contact Center Operator,Aerones,posted,2026-07-31T16:21:25.491981,1171
ef87e3b8a8023d33,https://lv.linkedin.com/jobs/view/brand-content-marketing-specialist-at-eternal-muse-4442811980,Brand Content Marketing Specialist,Eternal Muse,posted,2026-07-31T16:21:36.259440,1173
1cb376d4a61bec82,https://lv.linkedin.com/jobs/view/account-manager-at-evotym-4445195177,Account Manager,,scraped,2026-07-31T16:21:38.880702,
70a306592b4a7e75,https://lv.linkedin.com/jobs/view/inside-sales-manager-at-wing-assistant-4444145178,Inside Sales Manager,Wing Assistant,posted,2026-07-31T16:21:50.639690,1175
c665a237c607922d,https://lv.linkedin.com/jobs/view/betona-ra%C5%BEo%C5%A1anas-operators-e-at-mb-betons-4445639791,Betona ražošanas operators/-e,,scraped,2026-07-31T16:21:53.218737,
d00f12deaa2b204a,https://lv.linkedin.com/jobs/view/operator-license-owner-riga-at-stranger-soccer-4447021874,"Operator & License Owner, Riga",,scraped,2026-07-31T16:22:00.186195,
3ca3bed9cacb7623,https://lv.linkedin.com/jobs/view/unity-developer-at-estoty-4445167014,Unity Developer,,scraped,2026-07-31T16:22:06.752133,
744af863f03ec076,https://lv.linkedin.com/jobs/view/business-growth-and-partnership-manager-at-unlimit-4444184732,Business Growth and Partnership Manager,,scraped,2026-07-31T16:22:13.384332,
02d724295a816a13,https://lv.linkedin.com/jobs/view/payment-specialist-maks%C4%81jumu-speci%C4%81lists-e-seb-riga-at-seb-latvija-4445707747,"Payment Specialist / Maksājumu speciālists/-e | SEB, Riga",,scraped,2026-07-31T16:22:19.825652,
9bcd22bd6a0beec8,https://lv.linkedin.com/jobs/view/cupra-p%C4%81rdo%C5%A1anas-speci%C4%81lists-e-at-autobrava-motors-latvia-4445083587,CUPRA PĀRDOŠANAS SPECIĀLISTS/-E,AUTOBRAVA Motors | Latvia,posted,2026-07-31T16:22:55.478111,1177
0b2414dbf6768bdf,https://lv.linkedin.com/jobs/view/back-end-developer-at-cavendish-professionals-4443251906,Back End Developer,,scraped,2026-07-31T16:23:00.109159,
c63e39df952f953c,https://lv.linkedin.com/jobs/view/head-of-crm-lifecycle-marketing-at-bondora-4446806391,Head of CRM & Lifecycle Marketing,,scraped,2026-07-31T16:23:07.328166,
63c1b659dde429d8,https://lv.linkedin.com/jobs/view/assistant-to-chief-executive-officer-at-empyrio-4445096949,Assistant to Chief Executive Officer,,scraped,2026-07-31T16:23:14.241131,
4ad65c962fd15ae4,https://lv.linkedin.com/jobs/view/support-officer-at-ips-powerful-people-b-corp%E2%84%A2-4445130728,Support Officer,,scraped,2026-07-31T16:23:21.386251,
ed7e18482790d406,https://lv.linkedin.com/jobs/view/apdro%C5%A1in%C4%81%C5%A1anas-konsultants-e-ludz%C4%81-at-balta-apdro%C5%A1in%C4%81%C5%A1ana-4445488527,Apdrošināšanas konsultants/-e Ludzā,BALTA apdrošināšana,posted,2026-07-31T16:23:40.861944,1179
8fa3fb4e3806985e,https://lv.linkedin.com/jobs/view/junior-fintech-lawyer-at-fynful-4444547845,Junior FinTech Lawyer,Fynful,posted,2026-07-31T16:23:45.397908,885
2b25067afec15357,https://lv.linkedin.com/jobs/view/implementation-consultant-at-pacera-4445736012,Implementation Consultant,Pacera,posted,2026-07-31T16:24:00.687172,1181
be4e2cb42240fff1,https://lv.linkedin.com/jobs/view/catering-quality-assurance-manager-m-f-d-at-feps-gmbh-4446593228,Catering Quality Assurance Manager (m/f/d),,scraped,2026-07-31T16:24:03.277568,
012484b961277f48,https://lv.linkedin.com/jobs/view/sales-manager-at-regium-finance-4445085433,Sales Manager,Regium Finance,posted,2026-07-31T16:24:55.042396,1183
5707715507712e92,https://lv.linkedin.com/jobs/view/community-media-growth-manager-at-revpanda-group-4445708227,Community & Media Growth Manager,,scraped,2026-07-31T16:24:57.741604,
966574bfc191bcc3,https://lv.linkedin.com/jobs/view/video-editor-intern-at-digi-media-4445531008,Video Editor Intern,,scraped,2026-07-31T16:25:04.916386,
85829a2e01e4cf34,https://lv.linkedin.com/jobs/view/whole-school-spanish-teacher-at-king-s-college-latvia-4445950535,Whole School Spanish Teacher,"King's College, Latvia",posted,2026-07-31T16:25:20.395665,1185
3c0dcbbdea5512de,https://lv.linkedin.com/jobs/view/tmmob-chamber-of-mechanical-engineers%0A-august-5-2025%0A%0A-more-at-konya-i%CC%87hracat%C3%A7ilar-bi%CC%87rli%CC%87%C4%9Fi%CC%87-derne%C4%9Fi%CC%87-4443691615,"TMMOB CHAMBER OF MECHANICAL ENGINEERS
                                August 5, 2025

                                    More",,scraped,2026-07-31T16:25:25.031329,
3c02f3a93387c654,https://lv.linkedin.com/jobs/view/wind-turbine-technician-at-kintec-global-recruitment-4444593845,Wind Turbine Technician,,scraped,2026-07-31T16:25:32.064413,
92822f4d8f5287c6,https://lv.linkedin.com/jobs/view/chatbot-developer-whatsapp-telegram-discord-freelance-at-mindrift-4445620502,"Chatbot Developer (WhatsApp, Telegram, Discord) - Freelance",Mindrift,posted,2026-07-31T16:25:41.366270,518
18c6ff80cdf64fe7,https://lv.linkedin.com/jobs/view/senior-it-support-specialist-at-redwire-4440204404,SENIOR IT SUPPORT SPECIALIST,Redwire,posted,2026-07-31T16:25:52.279844,1187
fd4374c2b4e1c8cd,https://lv.linkedin.com/jobs/view/director-of-rooms-eu-work-eligible-at-kempinski-hotels-4444884731,Director of Rooms  (EU work eligible),,scraped,2026-07-31T16:25:54.961581,
729933dc2b8fdcde,https://lv.linkedin.com/jobs/view/certified-building-construction-supervisor-at-forma-2-4443699232,Certified building construction supervisor,,scraped,2026-07-31T16:26:02.223242,
71fa6b7ae078d100,https://lv.linkedin.com/jobs/view/ai-automation-no-code-workflows-at-nexbrik-4446944007,AI Automation & No-Code Workflows,,scraped,2026-07-31T16:26:09.080976,
92f0b7a4c60ad1e5,https://lv.linkedin.com/jobs/view/forestry-officer-at-synmatch-ai-4434989184,Forestry Officer,,scraped,2026-07-31T16:26:17.370162,
9976a70d25bae812,https://lv.linkedin.com/jobs/view/elektri%C4%B7is-e-at-mb-betons-4445633751,Elektriķis/-e,,scraped,2026-07-31T16:26:23.479332,
ffa864b6cd0b343d,https://lv.linkedin.com/jobs/view/sales-operations-assistant-at-syntx-ai-4444566810,Sales Operations Assistant,SYNTX.AI,posted,2026-07-31T16:26:41.595572,1189
7e87ea6cc050939e,https://lv.linkedin.com/jobs/view/b2b-marketplace-sales-manager-at-phh-group-pigu-hobby-hall-group-pigu-lt-220-lv-kaup24-ee-hobbyhall-fi-4445094779,B2B Marketplace Sales Manager,"PHH Group | Pigu Hobby Hall Group (Pigu.lt, 220.lv, Kaup24.ee, HobbyHall.fi)",posted,2026-07-31T16:26:50.405537,1191
439332001cd02217,https://lv.linkedin.com/jobs/view/customer-onboarding-expert-at-scoro-4445145307,Customer Onboarding Expert,,scraped,2026-07-31T16:26:52.994213,
cc107eab84237c04,https://lv.linkedin.com/jobs/view/senior-ai-full-stack-engineer-at-5blue-software-4446110916,Senior AI Full-Stack Engineer,,scraped,2026-07-31T16:27:01.928752,
1f456f9e30a6da25,https://lv.linkedin.com/jobs/view/flight-data-analysis-engineer-at-redwire-4439895480,Flight Data Analysis Engineer,Redwire,posted,2026-07-31T16:27:14.833175,1193
5a8ebe8b452c4d1a,https://lv.linkedin.com/jobs/view/data-analyst-products-systems-at-luminor-group-4447226067,Data Analyst (Products & Systems),Luminor Group,posted,2026-07-31T16:27:29.088582,1195
d188eb90b5881d7d,https://lv.linkedin.com/jobs/view/learning-skills-lead-at-fyul-4447282386,Learning & Skills Lead,FYUL,posted,2026-07-31T16:27:37.892102,1197
22d9632059d763f2,https://lv.linkedin.com/jobs/view/mazumtirdzniec%C4%ABbas-izvietojuma-optimiz%C4%81cijas-vad%C4%ABt%C4%81js-at-rimi-baltic-group-4446335944,Mazumtirdzniecības izvietojuma optimizācijas vadītājs,,scraped,2026-07-31T16:27:44.532279,
75643e80cb1c1a61,https://lv.linkedin.com/jobs/view/%D0%BC%D0%B5%D0%BD%D0%B5%D0%B4%D0%B6%D0%B5%D1%80-%D0%BF%D0%BE-%D0%BF%D1%80%D0%BE%D0%B4%D0%B0%D0%B6%D0%B0%D0%BC-at-aldens-holding-ltd-4442868211,Менеджер по продажам,,scraped,2026-07-31T16:27:53.442272,
2c81da1dee12e42d,https://lv.linkedin.com/jobs/view/sap-consulting-trainee-at-epam-systems-4430231613,SAP Consulting Trainee,EPAM Systems,posted,2026-07-31T16:28:08.804387,1199
78558c468bb6d9f2,https://lv.linkedin.com/jobs/view/sap-consulting-trainee-at-epam-systems-4430229600,SAP Consulting Trainee,EPAM Systems,posted,2026-07-31T16:28:13.743528,1199
cb91f6047f77880a,https://lv.linkedin.com/jobs/view/ai-engineer-technical-product-owner-at-foxelli-group-4445923122,AI Engineer (Technical Product Owner),,scraped,2026-07-31T16:28:18.439783,
0cac53d2db59c7ee,https://lv.linkedin.com/jobs/view/b%C5%ABvgaldnieks-ce-darbam-ra%C5%BEotn%C4%93-galdniec%C4%ABbas-ceh%C4%81-at-mb-betons-4445633753,Būvgaldnieks/-ce darbam ražotnē (galdniecības cehā),,scraped,2026-07-31T16:28:24.588850,
66c41658d041f76f,https://lv.linkedin.com/jobs/view/%C4%ABsl%C4%ABces-iela-bausk%C4%81-at-sia-ok-b%C5%ABvmateri%C4%81li-4444885515,Īslīces iela Bauskā,,scraped,2026-07-31T16:28:33.577698,
bf5be3d30a2392f2,https://lv.linkedin.com/jobs/view/daugavpils%0Alokomot%C4%ABvju-remonta-centrs-at-sia-ok-b%C5%ABvmateri%C4%81li-4444872595,"Daugavpils
Lokomotīvju remonta centrs",,scraped,2026-07-31T16:28:40.468130,
992ec4abaef2a72d,https://lv.linkedin.com/jobs/view/starptautisk%C4%81s-lidostas-r%C4%ABga-manevr%C4%93%C5%A1anas-ce%C4%BCi-at-sia-ok-b%C5%ABvmateri%C4%81li-4444894131,Starptautiskās lidostas ''Rīga'' manevrēšanas ceļi,,scraped,2026-07-31T16:28:46.935110,
09eb0988eb96db2b,https://lv.linkedin.com/jobs/view/betona-s%C5%ABk%C5%86a-operators-e-%C4%81da%C5%BEi-at-mb-betons-4446875335,Betona sūkņa operators/-e (Ādaži),,scraped,2026-07-31T16:28:53.351320,
df4579f05121b801,https://lv.linkedin.com/jobs/view/produkcijas-kvalit%C4%81tes-kontrolieris-e-at-mb-betons-4445641734,Produkcijas kvalitātes kontrolieris/-e,,scraped,2026-07-31T16:29:04.097151,
b4a0fbe3ae1b0cc9,https://lv.linkedin.com/jobs/view/p%C4%81rdev%C4%93js-a-at-viet%C4%93jais-top%21-4446114196,Pārdevējs/-a,,scraped,2026-07-31T16:29:10.612273,
c140cda94a096927,https://lv.linkedin.com/jobs/view/p%C4%81rdev%C4%93js-a-circle-k-krimulda-cielavas-ragana-krimuldas-pag-siguldas-nov-at-circle-k-4446755502,"Pārdevējs/-a Circle K Krimulda (""Cielavas"", Ragana, Krimuldas pag.,Siguldas nov.)",,scraped,2026-07-31T16:29:17.749111,
0cb5d3878e0936aa,https://lv.linkedin.com/jobs/view/senior-netsuite-admin-at-aerones-4444593043,Senior NetSuite Admin,Aerones,posted,2026-07-31T16:29:45.169659,1201
490c4c0be06d0cf8,https://lv.linkedin.com/jobs/view/%C4%81da%C5%BEu-nacion%C4%81lais-m%C4%81c%C4%ABbu-centrs-at-sia-ok-b%C5%ABvmateri%C4%81li-4444887174,Ādažu nacionālais mācību centrs,,scraped,2026-07-31T16:29:47.657942,
2ee312c5874413a7,https://lv.linkedin.com/jobs/view/tro%C5%A1u-tilta-p%C4%81r-ogres-upi-un-skatu-platformas-ogres-novada-me%C5%86%C4%A3eles-pagast%C4%81-1-k%C4%81rtas-b%C5%ABvniec%C4%ABba-at-sia-ok-b%C5%ABvmateri%C4%81li-4444874222,Trošu tilta pār Ogres upi un skatu platformas Ogres novada Meņģeles pagastā 1.kārtas būvniecība,,scraped,2026-07-31T16:29:57.968060,
afd6ded93b9241cd,https://lv.linkedin.com/jobs/view/data-analytics-team-lead-at-fyul-4444112383,Data Analytics Team Lead,FYUL,posted,2026-07-31T16:30:10.355444,1203
13e77ac95113ec46,https://lv.linkedin.com/jobs/view/p%C4%81rdev%C4%93js-a-circle-k-b%C4%93rzkrogs-saulr%C4%ABti-veselavas-pag-c%C4%93su-nov-darbs-uz-noteiktu-laiku-l%C4%ABdz-30-10-2026-at-circle-k-4445126401,"Pārdevējs/-a Circle K Bērzkrogs (""Saulrīti"", Veselavas pag., Cēsu nov.) darbs uz noteiktu laiku līdz 30.10.2026.",,scraped,2026-07-31T16:30:12.686327,
4e5f2ad374f8945d,https://lv.linkedin.com/jobs/view/p%C4%81rdev%C4%93js-a-circle-k-dreili%C5%86i-fran%C5%A1%C4%ABze-kur%C5%A1u-iela-1-ulbroka-stopi%C5%86u-pag-ropa%C5%BEu-nov-at-circle-k-4446763427,"Pārdevējs/-a Circle K Dreiliņi-franšīze (Kuršu iela 1, Ulbroka, Stopiņu pag.,Ropažu nov.)",,scraped,2026-07-31T16:30:18.775063,
3f9e6e54d44d682f,https://lv.linkedin.com/jobs/view/senior-regulatory-officer-at-luminor-group-4445903936,Senior Regulatory Officer,Luminor Group,posted,2026-07-31T16:30:36.618060,1205
9090fdf0f632f54f,https://lv.linkedin.com/jobs/view/senior-risk-manager-at-redwire-4443829502,(Senior) Risk Manager,Redwire,posted,2026-07-31T16:30:47.581132,1207
671562be218bc986,https://lv.linkedin.com/jobs/view/p%C4%81rdev%C4%93js-a-konsultants-e-tet-veikal%C4%81-t-c-origo-at-tet-lv-4445187241,Pārdevējs/-a - konsultants/-e Tet veikalā T/C Origo,,scraped,2026-07-31T16:30:58.222184,
1625f15d7e72dc2b,https://lv.linkedin.com/jobs/view/kiberdro%C5%A1%C4%ABbas-risin%C4%81jumu-p%C4%81rdo%C5%A1anas-konsultants-e-at-tet-lv-4446901772,Kiberdrošības risinājumu pārdošanas konsultants/-e,,scraped,2026-07-31T16:31:05.965213,
94e783a5a096cfd0,https://lv.linkedin.com/jobs/view/sell-house-with-code-violations-at-tempe-home-buyers-4446125313,Sell House with Code Violations,Tempe Home Buyers,posted,2026-07-31T16:31:21.872443,1209
0c3a3c5743364a0d,https://lv.linkedin.com/jobs/view/aml-subject-matter-expert-at-tf-bank-ab-publ-4446901792,AML Subject Matter Expert,,scraped,2026-07-31T16:31:24.472739,
58a063b68e538ee7,https://lv.linkedin.com/jobs/view/data-engineer-at-accenture-baltics-4446782842,Data engineer,Accenture Baltics,posted,2026-07-31T16:31:34.827618,595
f342163ca0de1f24,https://lv.linkedin.com/jobs/view/sr-full-stack-developer-remote-eastern-europe-at-apex-wheels-4446827231,"Sr. Full Stack Developer (Remote, Eastern Europe)",Apex Wheels,posted,2026-07-31T16:31:48.545487,1211
b653c6da43013884,https://lv.linkedin.com/jobs/view/lielo-datu-anal%C4%ABti%C4%B7is-at-sadales-t%C4%ABkls-4443269917,Lielo datu analītiķis,,scraped,2026-07-31T16:31:55.509535,
d49354bf7b49f91b,https://lv.linkedin.com/jobs/view/technical-screening-team-lead-at-toptal-4447002891,Technical Screening Team Lead,Toptal,posted,2026-07-31T16:32:15.237188,1213
0b3a166a2f4db53f,https://lv.linkedin.com/jobs/view/%D1%81%D0%B2%D0%B0%D1%80%D1%89%D0%B8%D0%BA-at-hirehub-sia-4445000066,Сварщик,HireHub SIA,failed|wp_post_failed,2026-07-31T16:32:21.285110,
1f4780f5b503fb24,https://lv.linkedin.com/jobs/view/content-marketing-specialist-at-moller-auto-baltic-4447130610,Content Marketing Specialist,Moller Auto Baltic,posted,2026-07-31T16:33:04.608245,1215
219df0e29e8c7524,https://lv.linkedin.com/jobs/view/senior-compliance-specialist-at-epam-systems-4437265538,Senior Compliance Specialist,EPAM Systems,posted,2026-07-31T16:33:14.638664,1217
89b951d9911ad9bd,https://lv.linkedin.com/jobs/view/pricing-operations-specialist-at-fyul-4445207198,Pricing Operations Specialist,FYUL,posted,2026-07-31T16:33:21.557276,1113
f19637398fe2ac25,https://lv.linkedin.com/jobs/view/datu-t%C4%ABkla-eksperts-e-at-tet-lv-4447144351,Datu tīkla eksperts/-e,,scraped,2026-07-31T16:33:32.246656,
1d6b5144ba3e1338,https://lv.linkedin.com/jobs/view/senior-manager-aviation-compliance-and-policy-at-redwire-4444012036,"Senior Manager, Aviation Compliance and Policy",Redwire,posted,2026-07-31T16:33:48.094661,1219
e1384b8d51e45e9e,https://lv.linkedin.com/jobs/view/key-net-developer-entech-domain-at-epam-systems-4289619428,Key .NET Developer (EnTech domain),EPAM Systems,posted,2026-07-31T16:33:55.468827,1221
28d16f766a39d356,https://lv.linkedin.com/jobs/view/tehnisk%C4%81-dienesta-vad%C4%ABt%C4%81js-at-evopipes-4445511034,Tehniskā dienesta vadītājs,,scraped,2026-07-31T16:33:59.879870,
1cf8dbbfb26309dd,https://lv.linkedin.com/jobs/view/ga%C4%BCas-produktu-izgatavot%C4%81js-a-desu-s%C4%93j%C4%93js-at-forevers-4441847273,Gaļas produktu izgatavotājs/-a (desu sējējs),,scraped,2026-07-31T16:34:07.985722,
00670d82542b9b9f,https://lv.linkedin.com/jobs/view/senior-python-data-scraping-engineer-freelance-at-mindrift-4444576269,Senior Python Data Scraping Engineer (Freelance),Mindrift,posted,2026-07-31T16:34:22.496981,314
06d51e3e5af7bc11,https://lv.linkedin.com/jobs/view/senior-creative-producer-strategic-projects-at-welltech-4447075803,Senior Creative Producer - Strategic Projects,,scraped,2026-07-31T16:34:27.203261,
1cd4f0e2790ed49d,https://lv.linkedin.com/jobs/view/graphic-designer-at-kawaii-partners-4434978236,Graphic Designer,Kawaii Partners,posted,2026-07-31T16:34:39.540584,1223
4af50bc0ac66d345,https://lv.linkedin.com/jobs/view/senior-cashier-at-brink%E2%80%99s-inc-4446725970,Senior cashier,Brink’s Inc,posted,2026-07-31T16:34:44.205814,332
8e7f609fdd57d276,https://lv.linkedin.com/jobs/view/german-speaking-inside-sales-support-specialist-fixed-term-with-potential-for-extension-at-arvato-systems-4442810945,German Speaking Inside Sales Support Specialist (Fixed-Term with Potential for Extension),,scraped,2026-07-31T16:34:46.810615,
8282cc98bdc56da4,https://lv.linkedin.com/jobs/view/simulation-engineer-c%23-unity-at-strativ-group-4445699792,Simulation Engineer (C# Unity),,scraped,2026-07-31T16:34:53.052264,
46fa31436e2ac45b,https://lv.linkedin.com/jobs/view/electrical-design-engineer-at-trendsetters-4444125790,Electrical Design Engineer,,scraped,2026-07-31T16:35:00.431737,
e3056b82f8aa6e65,https://lv.linkedin.com/jobs/view/international-partner-support-manager-german-speaking-at-cef-recruitment-4443274232,International Partner Support Manager (German speaking),,scraped,2026-07-31T16:35:08.722266,
59397eb158c8b02e,https://lv.linkedin.com/jobs/view/electrical-design-engineer-at-g2-recruitment-4447296844,Electrical Design Engineer,,scraped,2026-07-31T16:35:17.456551,
cd1228667c635a6c,https://lv.linkedin.com/jobs/view/associate-partner-digital-data-at-civitta-4446432230,Associate Partner | Digital & Data,,scraped,2026-07-31T16:35:24.165385,
ed85da477c29e36c,https://lv.linkedin.com/jobs/view/jurists-e-ce%C4%BCu-b%C5%ABvniec%C4%ABbas-jom%C4%81-at-sia-sma-4445511895,JURISTS/-E (ceļu būvniecības jomā),,scraped,2026-07-31T16:35:35.850922,
8f686db636fd6a15,https://lv.linkedin.com/jobs/view/pricing-specialist-emea-at-allnex-4446990858,Pricing Specialist EMEA,,scraped,2026-07-31T16:35:44.629733,
220b28f12a97aba2,https://lv.linkedin.com/jobs/view/p%C4%81rdev%C4%93js-pre%C4%8Du-pie%C5%86%C4%93m%C4%93js-jysk-veikal%C4%81-stirnu-iel%C4%81-27-at-jysk-baltics-4444568556,Pārdevējs - preču pieņēmējs JYSK veikalā Stirnu ielā 27,JYSK Baltics,posted,2026-07-31T16:36:05.997491,1225
149e5f281643dd92,https://lv.linkedin.com/jobs/view/autobusu-pieturu-%E2%80%9Cbeberbe%C4%B7i%E2%80%9D-p%C4%81rb%C5%ABve-valsts-galven%C4%81-autoce%C4%BCa-a5-r%C4%ABgas-apvedce%C4%BC%C5%A1-salaspils-%E2%80%93-bab%C4%ABte-km-35-33-at-sia-ok-b%C5%ABvmateri%C4%81li-4444886207,"Autobusu pieturu “Beberbeķi” pārbūve valsts galvenā autoceļa A5 Rīgas apvedceļš (Salaspils – Babīte) km 35,33",,scraped,2026-07-31T16:36:10.600912,
a2a85adb8f144086,https://lv.linkedin.com/jobs/view/german-speaking-customer-service-representative-%E2%80%93-onsite-in-lisbon-portugal-at-ww-talents-4444866713,"German-Speaking Customer Service Representative – Onsite in Lisbon, Portugal",WW Talents,posted,2026-07-31T16:36:24.173903,1227
8574f71179c449bd,https://lv.linkedin.com/jobs/view/azure-systems-architect-at-epam-systems-4428221441,Azure Systems Architect,EPAM Systems,posted,2026-07-31T16:36:32.326245,1229
34d1c84e3f00ff41,https://lv.linkedin.com/jobs/view/senior-incident-management-specialist-at-epam-systems-4437277655,Senior Incident Management Specialist,EPAM Systems,posted,2026-07-31T16:36:44.258502,1231
34b81ec0335cbbeb,https://lv.linkedin.com/jobs/view/java-genai-test-automation-engineer-at-epam-systems-4425798672,Java GenAI Test Automation Engineer,EPAM Systems,posted,2026-07-31T16:36:53.901134,1233
95d685b3e84d1a84,https://lv.linkedin.com/jobs/view/ai-safety-practitioner-expert-evaluator-at-mercor-4445442828,AI Safety Practitioner - Expert Evaluator,Mercor,posted,2026-07-31T16:37:01.755111,1235
6bc6678d0d7c4e55,https://lv.linkedin.com/jobs/view/senior-consultant-in-audit-at-ey-4444590917,Senior Consultant in Audit,EY,posted,2026-07-31T16:37:16.414742,440
02d554e2b1ed1183,https://lv.linkedin.com/jobs/view/lead-azure-ai-security-engineer-at-epam-systems-4431093578,Lead Azure AI Security Engineer,EPAM Systems,posted,2026-07-31T16:37:28.647071,1237
4749e03df6f4981a,https://lv.linkedin.com/jobs/view/back-end-developer-go-at-ubiquiti-inc-4446740968,Back-End Developer (Go),Ubiquiti Inc.,posted,2026-07-31T16:37:37.505083,1239
d54bbc31a3a09b44,https://lv.linkedin.com/jobs/view/klientu-konsultants-e-balvos-uz-noteiktu-laiku-%7E2-gadi-at-latvijas-mobilais-telefons-sia-4445763535,Klientu konsultants/-e Balvos (uz noteiktu laiku ~2 gadi),,scraped,2026-07-31T16:37:41.868052,
948b7e86b380bc55,https://lv.linkedin.com/jobs/view/dar%C4%ABjumu-vad%C4%ABt%C4%81js-a-p%C4%81rdo%C5%A1anas-noda%C4%BC%C4%81-uz-noteiktu-laiku-seb-life-and-pension-baltic-se-r%C4%ABga-at-seb-latvija-4446550204,"Darījumu vadītājs/-a pārdošanas nodaļā (uz noteiktu laiku) | SEB Life and Pension Baltic SE, Rīga",,scraped,2026-07-31T16:37:53.267890,
16f028537f60aaf4,https://lv.linkedin.com/jobs/view/google-cloud-technical-lead-lead-engineer-at-epam-systems-4438479462,Google Cloud Technical Lead/Lead Engineer,EPAM Systems,posted,2026-07-31T16:38:08.278603,1241
333bd657779416cc,https://lv.linkedin.com/jobs/view/dar%C4%ABjumu-vad%C4%ABt%C4%81js-a-p%C4%81rdo%C5%A1anas-noda%C4%BC%C4%81-uz-noteiktu-laiku-seb-life-and-pension-baltic-se-r%C4%93zekne-at-seb-latvija-4446552164,"Darījumu vadītājs/-a pārdošanas nodaļā (uz noteiktu laiku) | SEB Life and Pension Baltic SE, Rēzekne",,scraped,2026-07-31T16:38:10.718983,
3cec8b61f2976cc5,https://lv.linkedin.com/jobs/view/devops-engineer-customer-experience-and-data-at-luminor-group-4446819681,DevOps Engineer (Customer Experience and Data),Luminor Group,posted,2026-07-31T16:38:30.982218,1243
4990c19376fbd507,https://lv.linkedin.com/jobs/view/cis-champion-and-administrative-specialist-at-dhl-express-4447245465,CIS Champion and Administrative Specialist,DHL Express,posted,2026-07-31T16:38:40.858359,1245
c5f89fd044b48163,https://lv.linkedin.com/jobs/view/grc-manager-fixed-term-%E2%80%93-until-april-2028-at-fyul-4447044374,GRC Manager (Fixed-Term – until April 2028),FYUL,posted,2026-07-31T16:38:49.297153,1247
749f63c302ea39b3,https://lv.linkedin.com/jobs/view/sap-consulting-trainee-at-epam-systems-4430220738,SAP Consulting Trainee,EPAM Systems,posted,2026-07-31T16:38:53.921810,1199
fb419af08e7777c2,https://lv.linkedin.com/jobs/view/lead-ai-engineer-at-epam-systems-4313047706,Lead AI Engineer,EPAM Systems,posted,2026-07-31T16:39:05.839798,1249
35a3fe064346e2b4,https://lv.linkedin.com/jobs/view/metin%C4%81t%C4%81js-at-prakse-lv-4447005849,Metinātājs,Prakse.lv,posted,2026-07-31T16:39:17.940328,1251
275c151c5ce4a520,https://lv.linkedin.com/jobs/view/sap-consulting-trainee-at-epam-systems-4430222668,SAP Consulting Trainee,EPAM Systems,posted,2026-07-31T16:39:24.902433,1199
65fbf62a5102cb2f,https://lv.linkedin.com/jobs/view/senior-sap-bw-4hana-consultant-at-epam-systems-4337994045,Senior SAP BW/4HANA Consultant,EPAM Systems,posted,2026-07-31T16:39:32.339359,1253
3953fc8dbea9c2f3,https://lv.linkedin.com/jobs/view/product-security-technical-consultant-at-epam-systems-4440121415,Product Security Technical Consultant,EPAM Systems,posted,2026-07-31T16:39:42.004401,1255
a9827ed2039eaa0f,https://lv.linkedin.com/jobs/view/senior-cloud-security-engineer-at-epam-systems-4440122169,Senior Cloud Security Engineer,EPAM Systems,posted,2026-07-31T16:39:51.647685,1257
f774cf704e588169,https://lv.linkedin.com/jobs/view/lead-cloud-native-developer-python-ai-llm-at-epam-systems-4428925948,Lead Cloud Native Developer (Python & AI/LLM),EPAM Systems,posted,2026-07-31T16:40:11.694957,1259
646a3afe13221a81,https://lv.linkedin.com/jobs/view/sap-mdg-technical-architect-sme-%E2%80%93-material-master-data-at-epam-systems-4446050334,SAP MDG Technical Architect / SME – Material Master Data,EPAM Systems,posted,2026-07-31T16:40:23.446179,1261
894117e25617063a,https://lv.linkedin.com/jobs/view/sap-mdg-technical-architect-sme-%E2%80%93-material-master-data-at-epam-systems-4444512546,SAP MDG Technical Architect / SME – Material Master Data,EPAM Systems,scraped,2026-07-31T16:40:27.526945,
e701dbe242a4de37,https://lv.linkedin.com/jobs/view/la-madrona-athletic-club-at-california-athletic-clubs-4445477652,La Madrona Athletic Club,California Athletic Clubs,posted,2026-08-01T12:46:31.000240,1263
4c6d0fc2a2077a36,https://lv.linkedin.com/jobs/view/managing-director-premier-restaurants-latvia-and-estonia-at-premier-capital-mcdonald-s-licencee-4445502839,Managing Director - Premier Restaurants Latvia and Estonia,,scraped,2026-08-01T12:46:47.721474,
1f43c2f07cb823ee,https://lv.linkedin.com/jobs/view/unmanned-aircraft-maintenance-technician-at-redwire-4443824543,Unmanned Aircraft Maintenance Technician,Redwire,posted,2026-08-01T12:47:17.273779,1265
cc97d115ec016468,https://lv.linkedin.com/jobs/view/sales-assistant-lead-generation-specialist-at-vegangster-4444556764,Sales Assistant & Lead Generation Specialist,Vegangster,posted,2026-08-01T12:47:38.468119,1267
9248bde1c9dab65b,https://lv.linkedin.com/jobs/view/mazlietotu-automobi%C4%BCu-tirdzniec%C4%ABbas-konsultants-e-ventspil%C4%AB-at-moller-auto-baltic-4446959203,Mazlietotu automobiļu tirdzniecības konsultants/-e Ventspilī,,scraped,2026-08-01T12:47:42.860014,
946d8d6fbb96d63a,https://lv.linkedin.com/jobs/view/periodical-monitoring-analyst-at-clear-junction-4445163364,Periodical Monitoring Analyst,Clear Junction,posted,2026-08-01T12:49:46.433742,1269
f4b32525235548c5,https://lv.linkedin.com/jobs/view/system-administrator-sist%C4%93mu-administrators-in-data-enablers-team-seb-riga-at-seb-latvija-4446550657,"System Administrator / Sistēmu administrators in Data Enablers team | SEB, Riga",,scraped,2026-08-01T12:49:51.062450,
1450b63fe21fe667,https://lv.linkedin.com/jobs/view/key-account-manager-at-unilever-4445087777,Key Account Manager,Unilever,posted,2026-08-01T12:50:02.719258,480
b4ce5e1020e2a93f,https://lv.linkedin.com/jobs/view/apdro%C5%A1in%C4%81%C5%A1anas-speci%C4%81lists-e-brokeris-e-at-citadele-banka-4445006530,Apdrošināšanas speciālists/-e | Brokeris/-e,,scraped,2026-08-01T12:50:07.421322,
c02462c6032bc715,https://lv.linkedin.com/jobs/view/quality-manager-at-cobelec-4446552918,Quality Manager,COBELEC,posted,2026-08-01T12:50:21.641005,524
3609966c40c3a8e2,https://lv.linkedin.com/jobs/view/customer-service-representative-at-danfoss-4446339074,Customer Service Representative,,scraped,2026-08-01T12:50:32.208446,
3a05012739b4da05,https://lv.linkedin.com/jobs/view/customer-service-specialist-at-kronospan-4446779747,Customer Service Specialist,,scraped,2026-08-01T12:50:38.986167,
55f307800f36c24c,https://lv.linkedin.com/jobs/view/business-development-manager-at-everfield-4447166177,Business Development Manager,,scraped,2026-08-01T12:50:50.348993,
2f5591f239668ae3,https://lv.linkedin.com/jobs/view/sales-executive-at-multipass-4432354612,Sales Executive,,scraped,2026-08-01T12:50:57.076320,
52f7e3a91b019341,https://lv.linkedin.com/jobs/view/marketing-automation-specialist-maternity-cover-at-roche-4447205781,Marketing Automation Specialist (Maternity Cover),,scraped,2026-08-01T12:51:03.611388,
3e8ca515d9bdf344,https://lv.linkedin.com/jobs/view/lead-incident-management-specialist-at-epam-systems-4437269782,Lead Incident Management Specialist,EPAM Systems,posted,2026-08-01T12:51:18.196750,1271
fa82f96c9e1775b2,https://lv.linkedin.com/jobs/view/catering-quality-assurance-manager-m-f-d-at-feps-gmbh-4444123423,Catering Quality Assurance Manager (m/f/d),,scraped,2026-08-01T12:51:20.812972,
f0ed2a2ff3f76fe8,https://lv.linkedin.com/jobs/view/planificateur-des-op%C3%A9rations-r%C3%A9gionales-f-h-at-bzee-network-gmbh-4444809633,Planificateur des Opérations Régionales (F/H),,scraped,2026-08-01T12:51:29.608607,
6ee3171de5b7ca05,https://lv.linkedin.com/jobs/view/community-media-growth-manager-at-ace-alliance-4445707254,Community & Media Growth Manager,,scraped,2026-08-01T12:51:36.457264,
89a53bedd32a9c47,https://lv.linkedin.com/jobs/view/soci%C4%81lais-darbinieks-ce-uz-projekta-laiku-at-b%C4%93rnu-kl%C4%ABnisk%C4%81-universit%C4%81tes-slimn%C4%ABca-children-s-clinical-university-hospital-4447545430,Sociālais darbinieks/-ce ( uz projekta laiku),,scraped,2026-08-01T12:51:54.056481,
56f9fc4687fdb4b3,https://lv.linkedin.com/jobs/view/financial-data-systems-specialist-at-luminor-group-4446337459,Financial Data Systems Specialist,Luminor Group,posted,2026-08-01T12:52:15.212493,1273
b7c326b313d136f3,https://lv.linkedin.com/jobs/view/production-technician-at-redwire-4439888659,Production Technician,Redwire,posted,2026-08-01T12:52:30.722062,1275
0efd741c578ec06f,https://lv.linkedin.com/jobs/view/senior-python-engineer-ai-coding-agent-evaluation-freelance-at-mindrift-4444163388,Senior Python Engineer - AI Coding Agent Evaluation (Freelance),Mindrift,posted,2026-08-01T12:52:38.780041,1277
1313fb17d14ae429,https://lv.linkedin.com/jobs/view/apdro%C5%A1in%C4%81%C5%A1anas-konsultants-e-akt%C4%ABv%C4%81-p%C4%81rdo%C5%A1ana-at-balta-apdro%C5%A1in%C4%81%C5%A1ana-4446044370,Apdrošināšanas konsultants/-e (Aktīvā pārdošana),BALTA apdrošināšana,posted,2026-08-01T12:53:00.073993,1279
96a0ab90f4bb0f36,https://lv.linkedin.com/jobs/view/%E2%9A%A1-angaj%C4%83m-electricieni-fire-alarm-%E2%9A%A1-at-green-speed-energy-international-4445186485,⚡ ANGAJĂM ELECTRICIENI FIRE ALARM ⚡,,scraped,2026-08-01T12:53:04.465830,
1af61bfc086b8478,https://lv.linkedin.com/jobs/view/spare-parts-supply-chain-planner-at-epson-europe-b-v-4443248055,Spare Parts Supply Chain Planner,,scraped,2026-08-01T12:53:18.905029,
b6467b3ea209c0ba,https://lv.linkedin.com/jobs/view/senior-operational-risk-officer-at-luminor-group-4447507439,Senior Operational Risk Officer,Luminor Group,posted,2026-08-01T12:53:41.422406,1281
2f8ec57b91040f3f,https://lv.linkedin.com/jobs/view/site-reliability-engineer-at-luminor-group-4447411972,Site Reliability Engineer,Luminor Group,posted,2026-08-01T12:53:52.275152,470
dbc2579c3b9c6d59,https://lv.linkedin.com/jobs/view/apdro%C5%A1in%C4%81%C5%A1anas-konsultants-e-al%C5%ABksn%C4%93-at-balta-apdro%C5%A1in%C4%81%C5%A1ana-4447457862,Apdrošināšanas konsultants/-e Alūksnē,BALTA apdrošināšana,posted,2026-08-01T12:54:06.190378,1283
c4d60d24a35d9fa1,https://lv.linkedin.com/jobs/view/aml-onboarding-specialist-at-evotym-4447416775,AML Onboarding Specialist,,scraped,2026-08-01T12:54:08.931050,
049c67f743cd5c71,https://lv.linkedin.com/jobs/view/devops-engineer-at-luminor-group-4447420769,DevOps Engineer,Luminor Group,posted,2026-08-01T12:54:27.847516,22
09fe31b35eb09712,https://lv.linkedin.com/jobs/view/finan%C5%A1u-datu-sist%C4%93mu-speci%C4%81lists-e-at-luminor-group-4445776072,Finanšu datu sistēmu speciālists/-e,Luminor Group,posted,2026-08-01T12:54:45.665667,1285
80c2001979dd5e15,https://lv.linkedin.com/jobs/view/spare-parts-planning-team-leader-at-epson-europe-b-v-4447272572,Spare Parts Planning Team Leader,,scraped,2026-08-01T12:54:48.218459,
c3c29aa5040c2d07,https://lv.linkedin.com/jobs/view/product-owner-in-cash-management-corporate-statements-at-luminor-group-4447539730,Product Owner in Cash Management (Corporate Statements),Luminor Group,posted,2026-08-01T12:55:09.305621,1287
719feda32858d4f1,https://lv.linkedin.com/jobs/view/kiberdro%C5%A1%C4%ABbas-test%C4%93t%C4%81ju-komandas-l%C4%ABderis-e-red-team-lead-at-tet-lv-4447187183,Kiberdrošības testētāju komandas līderis/-e (Red Team Lead),,scraped,2026-08-01T12:55:13.955765,
1d520416f619d13c,https://lv.linkedin.com/jobs/view/gr%C4%81matve%C5%BEa-pal%C4%ABgs-at-finan%C5%A1u-komp%C4%81nija-mensarius-4444111099,Grāmatveža palīgs,,scraped,2026-08-01T12:55:22.122413,
7583caa88377fcc7,https://lv.linkedin.com/jobs/view/regular-senior-qa-engineer-b2b-agreement-at-yggdrasil-gaming-ltd-4445717532,Regular/ Senior QA Engineer (b2b agreement),,scraped,2026-08-01T12:55:33.721894,
9b0be7996ab5726e,https://lv.linkedin.com/jobs/view/german-speaking-agent-for-hospitality-industry-%E2%80%93-relocation-to-greece-at-rdn-cons-4445944160,German-Speaking Agent for Hospitality Industry – Relocation to Greece,RDN CONS,posted,2026-08-01T12:55:50.047764,1289
6a13972fe8b7fda9,https://lv.linkedin.com/jobs/view/me%C5%BEa-%C4%ABpa%C5%A1umu-un-cirsmu-dar%C4%ABjumu-konsultants-e-at-me%C5%BEa-eksperti-4444137248,Meža īpašumu un cirsmu darījumu konsultants/-e,,scraped,2026-08-01T12:55:52.768615,
5b3c95e059f1b039,https://lv.linkedin.com/jobs/view/senior-qa-automation-engineer-js-at-epam-systems-4446007494,Senior QA Automation Engineer (JS),EPAM Systems,posted,2026-08-01T12:56:12.289367,1291
b4bf6696f8e5a138,https://lv.linkedin.com/jobs/view/lawyer-at-eleving-consumer-finance-4446818375,Lawyer,,scraped,2026-08-01T12:56:22.868136,
cdfeb5ede6db423c,https://lv.linkedin.com/jobs/view/infrastructure-engineer-sysadmin-at-ivpn-at-ivpn-4445546450,Infrastructure Engineer / Sysadmin at IVPN,,scraped,2026-08-01T12:56:38.278704,
1aaa7a34b796937e,https://lv.linkedin.com/jobs/view/aml-quality-assurance-senior-analyst-at-mintos-4447175486,AML Quality Assurance Senior Analyst,,scraped,2026-08-01T12:56:44.571744,
0cd87a26d7d0d863,https://lv.linkedin.com/jobs/view/customer-experience-specialist-french-speaking-at-norit-activated-carbon-4434843563,Customer Experience Specialist (French-Speaking),,scraped,2026-08-01T12:56:52.930468,
398a3af544ae7764,https://lv.linkedin.com/jobs/view/senior-accountant-at-clear-junction-4444877464,Senior Accountant,Clear Junction,posted,2026-08-01T12:58:53.158335,1293
5ac37344794816cf,https://lv.linkedin.com/jobs/view/noliktavas-darbinieks-ce-at-kesko-senukai-digital-e-commerce-4443266785,Noliktavas darbinieks/-ce,Kesko Senukai Digital (e-commerce),posted,2026-08-01T12:59:06.228714,1295
8e96849b540678a4,https://lv.linkedin.com/jobs/view/cloud-architect-azure-at-ssi-sch%C3%A4fer-4445715213,Cloud Architect (Azure),,scraped,2026-08-01T12:59:08.900243,
09c82251c97bfa2e,https://lv.linkedin.com/jobs/view/associate-director-clinical-project-management-iqvia-biotech-at-iqvia-4446786913,Associate Director - Clinical Project Management (IQVIA Biotech),IQVIA,posted,2026-08-01T12:59:26.215822,1297
8dfaa88ac9cda2d6,https://lv.linkedin.com/jobs/view/customer-success-manager-ncu-at-whalebone-4444537907,Customer Success Manager | NCU,,scraped,2026-08-01T12:59:32.839994,
1c740130775ca129,https://lv.linkedin.com/jobs/view/finnish-speaking-customer-support-consultant-tieto-banktech-m-f-d-at-tieto-4446307220,Finnish speaking Customer Support Consultant - Tieto Banktech (m/f/d),Tieto,posted,2026-08-01T12:59:44.132889,448
31859fb688de9019,https://lv.linkedin.com/jobs/view/technical-lead-senior-backend-developer-nestjs-at-dyninno-group-4446750638,Technical Lead / Senior Backend Developer (NestJS),Dyninno Group,posted,2026-08-01T12:59:53.210200,1299
5d38523763e5d4f3,https://lv.linkedin.com/jobs/view/digital-trust-and-safety-specialist-with-russian-and-english-at-telus-digital-4446301844,Digital Trust and Safety Specialist with Russian and English,,scraped,2026-08-01T12:59:55.935177,
29302d45b8c3c575,https://lv.linkedin.com/jobs/view/business-developer-biznesa-att%C4%ABst%C4%ABbas-speci%C4%81lists-in-financing-loans-tribe-seb-riga-at-seb-latvija-4446063633,"Business developer (Biznesa attīstības speciālists) in Financing & Loans Tribe | SEB, Riga",,scraped,2026-08-01T13:00:14.598875,
5c7dbd51d0211f1e,https://lv.linkedin.com/jobs/view/generative-ai-pipeline-engineer-tech-lead-at-capslock-4446827269,Generative AI Pipeline Engineer (Tech Lead),,scraped,2026-08-01T13:00:32.301555,
2252332a0e8ae4fa,https://lv.linkedin.com/jobs/view/senior-financial-data-analyst-at-luminor-group-4447550633,Senior Financial Data Analyst,Luminor Group,posted,2026-08-01T13:01:35.991036,1301
3afbfc65f7c1319b,https://lv.linkedin.com/jobs/view/customer-service-representative-for-dach-region-at-allnex-4446997651,Customer Service Representative for DACH region,allnex,posted,2026-08-01T13:02:16.118907,1303
44c2b77f9aa96369,https://lv.linkedin.com/jobs/view/senior-secops-engineer-at-epam-systems-4431965126,Senior SecOps Engineer,EPAM Systems,posted,2026-08-01T13:02:20.913526,1157
2b215b7ab93aa5da,https://lv.linkedin.com/jobs/view/human-machine-interface-hmi-ipt-lead-software-engineering-at-redwire-4439902079,Human Machine Interface (HMI) IPT Lead- Software Engineering,Redwire,posted,2026-08-01T13:02:36.799434,1305
3448072d058cf5d4,https://lv.linkedin.com/jobs/view/intern-in-fuel-accounting-at-circle-k-4446056933,Intern in Fuel Accounting,,scraped,2026-08-01T13:02:43.489658,
c4d1d2f6d75024d1,https://lv.linkedin.com/jobs/view/udstationering-i-letland-milit%C3%A6r-eller-civil-administrativ-medarbejder-til-det-danske-nationale-support-element-ved-multinational-division-north-at-forsvaret-4446358500,Udstationering i Letland - Militær eller civil administrativ medarbejder til det danske Nationale Support Element ved Multinational Division North,,scraped,2026-08-01T13:03:03.940307,
4eb60995a5b4b2e6,https://lv.linkedin.com/jobs/view/p%C4%81rdev%C4%93jus-konsultantus-t-c-r%C4%ABga-plaza-20-30h-n-uz-noteiktu-laiku-at-h-m-4446744048,"PĀRDEVĒJUS-KONSULTANTUS, T/C RĪGA PLAZA (20-30h/n, uz noteiktu laiku)",H&M,posted,2026-08-01T13:03:21.638792,1307
5a0897512dcd16ef,https://lv.linkedin.com/jobs/view/senior-full-stack-abap-ui5-developer-at-epam-systems-4289655831,Senior Full Stack ABAP/UI5 Developer,EPAM Systems,posted,2026-08-01T13:03:36.451578,1309
c9384713b362d4f4,https://lv.linkedin.com/jobs/view/polish-speaking-account-executive-hybrid-in-madrid-at-ww-talents-4444834750,Polish-Speaking Account Executive - Hybrid in Madrid,WW Talents,posted,2026-08-01T13:03:57.796357,1311
3547f3c25230a274,https://lv.linkedin.com/jobs/view/fuel-distribution-planner-for-europe-24-7-at-circle-k-4446452098,Fuel Distribution Planner for Europe 24/7,,scraped,2026-08-03T17:24:05.101615,
cd21e7e8954287fe,https://lv.linkedin.com/jobs/view/ra%C5%BEo%C5%A1anas-iek%C4%81rtu-operators-at-adven-%E2%80%93-the-leading-partner-in-the-energy-transition-4410804314,Ražošanas iekārtu operators,,scraped,2026-08-03T17:24:11.714804,
cbace58b0ce3d209,https://lv.linkedin.com/jobs/view/autovad%C4%ABt%C4%81js-a-at-caljan-4445760565,AUTOVADĪTĀJS/-A,,scraped,2026-08-03T17:24:20.721252,
4c9d282f007fae6e,https://lv.linkedin.com/jobs/view/datu-p%C4%81rvald%C4%ABbas-un-p%C4%81rskatu-koordinators-e-at-erb-rail-4447500358,Datu pārvaldības un pārskatu koordinators/-e,ERB Rail,posted,2026-08-03T17:24:39.740416,1313
2cafde7fafcff502,https://lv.linkedin.com/jobs/view/site-specialist-ii-at-icon-plc-4445749990,Site Specialist II,,scraped,2026-08-03T17:24:42.378880,
a0221c3b798541db,https://lv.linkedin.com/jobs/view/operator-license-owner-riga-at-stranger-soccer-4447799714,"Operator & License Owner, Riga",,scraped,2026-08-03T17:24:51.286777,
419edabf9e088c76,https://lv.linkedin.com/jobs/view/chef-de-rang-eu-work-eligible-at-kempinski-hotels-4444896659,Chef de Rang (EU work eligible),,scraped,2026-08-03T17:24:57.884575,
edefd5f655b3f65f,https://lv.linkedin.com/jobs/view/onboarding-specialist-at-evotym-4447419767,Onboarding Specialist,,scraped,2026-08-03T17:25:09.489785,
013b15a31a355ada,https://lv.linkedin.com/jobs/view/iepirkumu-vad%C4%ABt%C4%81js-a-at-erb-rail-4447506276,Iepirkumu vadītājs/-a,ERB Rail,posted,2026-08-03T17:25:23.996147,1315
6440f3c745a0206f,https://lv.linkedin.com/jobs/view/senior-netsuite-admin-at-extantia-4448103723,Senior NetSuite Admin,,scraped,2026-08-03T17:25:26.611085,
4ca5f0738532cb9a,https://lv.linkedin.com/jobs/view/payroll-professional-hr-finance-accounting-at-prolific-4445703147,Payroll Professional (HR / Finance / Accounting),,scraped,2026-08-03T17:25:33.633365,
30b0f845f7fe53b2,https://lv.linkedin.com/jobs/view/apsardzes-de%C5%BEurants-e-at-viet%C4%93jais-top%21-4446328408,Apsardzes dežurants/-e,,scraped,2026-08-03T17:25:39.982459,
539fc24dc7e6d5ec,https://lv.linkedin.com/jobs/view/freelance-full-stack-web-app-developer-at-mindrift-4448187940,Freelance Full-Stack Web App Developer,Mindrift,posted,2026-08-03T17:25:56.832718,1317
efd62396adeeb811,https://lv.linkedin.com/jobs/view/windows-system-administrator-at-balticom-4445889156,Windows System Administrator,,scraped,2026-08-03T17:25:59.426844,
795b6b40bb236f95,https://lv.linkedin.com/jobs/view/askcodi-at-hot9ja-4448125381,AskCodi,Hot9ja,posted,2026-08-03T17:26:17.721562,1319
dfb4c584871aee96,https://lv.linkedin.com/jobs/view/tabnine-at-hot9ja-4448136216,Tabnine,Hot9ja,posted,2026-08-03T17:26:26.827981,1321
eb872ebe6938bdbc,https://lv.linkedin.com/jobs/view/information-technology-specialist-at-avaso-technology-solutions-4445084806,Information Technology Specialist,,scraped,2026-08-03T17:26:29.456033,
580caa0ff68e0f4a,https://lv.linkedin.com/jobs/view/supply-chain-co-founder-cpo-100-%25-remote-m-f-d-at-ewor-4447195049,Supply Chain Co-Founder / CPO (100 % remote) (m/f/d),,scraped,2026-08-03T17:26:37.295895,
9da340f64c1a7d78,https://lv.linkedin.com/jobs/view/senior-mechanical-engineer-at-redwire-europe-4445881962,Senior Mechanical Engineer,,scraped,2026-08-03T17:26:45.908486,
c834c64175d0655b,https://lv.linkedin.com/jobs/view/video-content-creator-youtube-host-%E2%80%94-fintech-english-at-quantly-4448149174,Video Content Creator & YouTube Host — Fintech (English),,scraped,2026-08-03T17:26:55.144036,
740f20da041d5850,https://lv.linkedin.com/jobs/view/data-analyst-performance-management-analysis-at-luminor-group-4447053145,Data Analyst (Performance Management & Analysis),Luminor Group,posted,2026-08-03T17:27:21.932978,1323
dce1ac0f12f9f2ce,https://lv.linkedin.com/jobs/view/klaviyo-email-marketing-specialist-dtc-e-commerce-100%25-remote-eu-at-foxelli-group-4447525700,Klaviyo Email Marketing Specialist| DTC E-commerce | 100% Remote EU,,scraped,2026-08-03T17:27:26.525584,
1fa84179b5a700d7,https://lv.linkedin.com/jobs/view/audio-video-technical-intern-at-digi-media-4445523060,Audio/Video Technical Intern,,scraped,2026-08-03T17:27:32.712662,
31eb91505a293cdb,https://lv.linkedin.com/jobs/view/traction-substations-design-supervisor-at-elecnor-group-4445808439,Traction Substations Design Supervisor,,scraped,2026-08-03T17:27:43.445566,
5f818e7c987bfe47,https://lv.linkedin.com/jobs/view/baltics-it-business-analyst-at-dpd-latvija-4448161193,Baltics IT Business Analyst,,scraped,2026-08-03T17:27:51.431312,
451ab3f00e541068,https://lv.linkedin.com/jobs/view/logistics-customs-operations-intern-at-sia-zyvex-4445876550,Logistics & Customs Operations Intern,,scraped,2026-08-03T17:27:58.759738,
93726258906ef7aa,https://lv.linkedin.com/jobs/view/technical-agile-coach-at-if-insurance-baltic-4445899256,Technical Agile Coach,,scraped,2026-08-03T17:28:15.786787,
f345f348255ed5c0,https://lv.linkedin.com/jobs/view/sell-house-with-code-violations-at-joliet-home-buyers-4448114575,Sell House with Code Violations,Joliet Home Buyers,posted,2026-08-03T17:28:29.018785,1209
fad951939501ddac,https://lv.linkedin.com/jobs/view/aml-subject-matter-expert-at-avarda-uk-4445063081,AML Subject Matter Expert,Avarda UK,posted,2026-08-03T17:28:38.848700,1325
75299bc79d22bde5,https://lv.linkedin.com/jobs/view/sql-c%23-developer-programm%C4%93t%C4%81js-a-seb-riga-at-seb-latvija-4448157208,"SQL / C# Developer / Programmētājs-/a | SEB, Riga",,scraped,2026-08-03T17:28:41.443639,
4876d4f150a0f5f1,https://lv.linkedin.com/jobs/view/produktu-izstr%C4%81des-projektu-vad%C4%ABt%C4%81js-a-at-madara-cosmetics-4447538571,Produktu izstrādes projektu vadītājs/-a,,scraped,2026-08-03T17:28:49.187416,
99977f3765e8568b,https://lv.linkedin.com/jobs/view/korporat%C4%ABvo-klientu-projektu-vad%C4%ABt%C4%81js-a-at-moller-auto-baltic-4445179351,Korporatīvo klientu projektu vadītājs/-a,,scraped,2026-08-03T17:28:56.721897,
7bf930da0db8813e,https://lv.linkedin.com/jobs/view/talent-acquisition-specialist-baltics-at-danone-4445983753,"Talent Acquisition Specialist, Baltics",,scraped,2026-08-03T17:29:03.443831,
139eb309757e596d,https://lv.linkedin.com/jobs/view/manager-telemarketing-sdr-operations-at-strategic-staffing-solutions-4448317444,"Manager, Telemarketing & SDR Operations",Strategic Staffing Solutions,posted,2026-08-03T17:29:16.300873,981
3734c7e68e40a05f,https://lv.linkedin.com/jobs/view/italian-speaking-customer-service-rep-onsite-in-porto-at-ww-talents-4447435136,Italian-Speaking Customer Service Rep | Onsite in Porto,WW Talents,posted,2026-08-03T17:29:25.108488,1327
7e79c374c951ea78,https://lv.linkedin.com/jobs/view/medic%C4%ABnas-iek%C4%81rtu-in%C5%BEenieris-e-at-b%C4%93rnu-kl%C4%ABnisk%C4%81-universit%C4%81tes-slimn%C4%ABca-children-s-clinical-university-hospital-4447031357,Medicīnas iekārtu inženieris/-e,,scraped,2026-08-03T17:29:33.826401,
8ecf9fb76c0aec6d,https://lv.linkedin.com/jobs/view/noliktavas-darbinieks-ce-at-aaf-international-american-air-filter-europe-dinair-4446906648,Noliktavas darbinieks/ce,,scraped,2026-08-03T17:29:41.189391,
aa6d6abab463035b,https://lv.linkedin.com/jobs/view/%E2%9A%A1-angaj%C4%83m-electricieni-fire-alarm-%E2%9A%A1-at-green-speed-energy-international-4446907518,⚡ ANGAJĂM ELECTRICIENI FIRE ALARM ⚡,,scraped,2026-08-03T17:29:56.067205,
89ba937c10a0a7b2,https://lv.linkedin.com/jobs/view/apdro%C5%A1in%C4%81%C5%A1anas-konsultants-e-siguld%C4%81-at-balta-apdro%C5%A1in%C4%81%C5%A1ana-4447459890,Apdrošināšanas konsultants/-e Siguldā,BALTA apdrošināšana,posted,2026-08-03T17:30:13.699626,1329
f89d6a6aa82075c4,https://lv.linkedin.com/jobs/view/betona-mais%C4%ABt%C4%81ja-s%C5%ABk%C5%86a-vad%C4%ABt%C4%81js-a-talsi-at-mb-betons-4446882086,Betona maisītāja/sūkņa vadītājs/-a (Talsi),,scraped,2026-08-03T17:30:36.143751,
522fc6f9bc578a1e,https://lv.linkedin.com/jobs/view/project-manager-oncology-at-icon-plc-4447977539,Project Manager - Oncology,,scraped,2026-08-03T17:30:43.134358,
0cd0a99d896d7960,https://lv.linkedin.com/jobs/view/grocery-associate-at-wolt-4447470721,Grocery Associate,,scraped,2026-08-03T17:30:50.032516,
50ffe4ee0feb2f1f,https://lv.linkedin.com/jobs/view/tehniskais-projektu-vad%C4%ABt%C4%81js-a-at-maxima-latvija-4445086616,Tehniskais projektu vadītājs/-a,,scraped,2026-08-03T17:30:57.172496,
980850947f302556,https://lv.linkedin.com/jobs/view/kr%C4%81v%C4%93js-a-pre%C4%8Du-pie%C5%86%C4%93m%C4%93js-a-at-viet%C4%93jais-top%21-4448126620,"Krāvējs/-a, Preču pieņēmējs/-a",,scraped,2026-08-03T17:31:03.871672,
f8ba2b97c152023f,https://lv.linkedin.com/jobs/view/card-schemes-operations-specialist-at-xpate-4446760022,Card Schemes Operations Specialist,,scraped,2026-08-03T17:31:11.013930,
be4fbbda124ba3a3,https://lv.linkedin.com/jobs/view/android-developer-at-bluor-bank-asset-management-4448211092,Android Developer,,scraped,2026-08-03T17:31:17.887177,
5e0d9e8a292b5c1d,https://lv.linkedin.com/jobs/view/kvalit%C4%81tes-nodro%C5%A1in%C4%81%C5%A1anas-automatiz%C4%81cijas-in%C5%BEenieris-e-at-luminor-group-4445184261,Kvalitātes nodrošināšanas automatizācijas inženieris/-e,Luminor Group,posted,2026-08-03T17:31:42.487466,1331
a05f127d58342600,https://lv.linkedin.com/jobs/view/page-not-found-at-muvad-consults-llc-4447669410,Page Not Found,Muvad Consults LLC,posted,2026-08-03T17:31:55.889474,1333
98cac24800ec83e3,https://lv.linkedin.com/jobs/view/vec%C4%81kais-pav%C4%81rs-at-viet%C4%93jais-top%21-4445432999,Vecākais pavārs,,scraped,2026-08-03T17:32:00.295987,
d4a73734a4db807a,https://lv.linkedin.com/jobs/view/spada-laser-cere-junda-replica-at-spade-della-forza-4445837837,Spada Laser Cere Junda Replica,,scraped,2026-08-03T17:32:07.295849,
86fe02a66de7b4df,https://lv.linkedin.com/jobs/view/requirement-in-rites-jan-2020requirement-in-rites-jan-2020-at-governmentjobsindia-net-4447655496,Requirement in RITES Jan-2020Requirement in RITES Jan-2020,governmentjobsindia.net,posted,2026-08-03T17:32:22.139423,1335
590dcad0ef8753a6,https://lv.linkedin.com/jobs/view/mediju-pakalpojumu-da%C4%BCas-direktors-e-at-tet-lv-4447132559,Mediju pakalpojumu daļas direktors/-e,,scraped,2026-08-03T17:32:32.816044,
30e84e27d2ee3c78,https://lv.linkedin.com/jobs/view/customer-service-care-support-administrator-at-epson-europe-b-v-4443235617,Customer & Service Care Support Administrator,,scraped,2026-08-03T17:32:40.409899,
2f0a6123b2c8bcf6,https://lv.linkedin.com/jobs/view/legal-portfolio-associate-at-promising-talent-agency-4443281947,Legal Portfolio Associate,Promising Talent Agency,posted,2026-08-03T17:32:58.394971,1337
24dec4543938daee,https://lv.linkedin.com/jobs/view/klientu-apkalpo%C5%A1anas-speci%C4%81lists-at-sia-eirovest-4445870710,Klientu apkalpošanas speciālists,,scraped,2026-08-03T17:33:00.956043,
35f59aa56732821b,https://lv.linkedin.com/jobs/view/engineering-team-lead-project-manager-at-gr8-tech-4447567196,Engineering Team Lead/ Project Manager,,scraped,2026-08-03T17:33:22.414509,
9bd2f10c47761477,https://lv.linkedin.com/jobs/view/google-cloud-platform-architect-remote-work-at-bairesdev-4448200246,Google Cloud Platform Architect - Remote Work,BairesDev,posted,2026-08-03T17:33:40.909319,1339
9bfd080c8ef96f5c,https://lv.linkedin.com/jobs/view/application-security-engineer-at-dyninno-technologies-dynatech-4447970804,Application Security Engineer,,scraped,2026-08-03T17:33:51.516365,
132e3cfdfd4d3717,https://lv.linkedin.com/jobs/view/p%C4%81rdev%C4%93js-pre%C4%8Du-pie%C5%86%C4%93m%C4%93js-jysk-veikal%C4%81-slokas-iel%C4%81-115-at-jysk-baltics-4448321117,Pārdevējs - preču pieņēmējs JYSK veikalā Slokas ielā 115,JYSK Baltics,posted,2026-08-03T17:34:12.544186,1341
b768980c36c00028,https://lv.linkedin.com/jobs/view/ai-safety-red-teamer-expert-at-mercor-4445440875,AI Safety Red Teamer Expert,Mercor,posted,2026-08-03T17:34:22.069396,1343
605faffcb4b118e6,https://lv.linkedin.com/jobs/view/service-desk-specialist-german-speaker-at-strategic-staffing-solutions-4444598069,Service Desk Specialist (German speaker),Strategic Staffing Solutions,posted,2026-08-03T17:34:30.451925,1345
309af1ec3517ab5e,https://lv.linkedin.com/jobs/view/lindex-vizu%C4%81lais-noform%C4%93t%C4%81js-a-t-c-raf-at-lindex-4447965873,"Lindex vizuālais noformētājs/-a t/c ""RAF""",,scraped,2026-08-03T17:34:33.148833,
968b2b7d4bb4678b,https://lv.linkedin.com/jobs/view/ans-boat-inspector-temp-at-larimer-county-department-of-health-and-environment-4443628815,ANS Boat Inspector Temp,Larimer County Department of Health and Environment,posted,2026-08-03T17:34:46.627378,1347
fe7793758336ec8b,https://lv.linkedin.com/jobs/view/german-speaking-it-service-desk-team-lead-at-arvato-systems-4446211349,German-Speaking IT Service Desk Team Lead,,scraped,2026-08-03T17:34:49.226142,
ac5f5efed91400d3,https://lv.linkedin.com/jobs/view/girls-who-code-summer-immersion-program-at-espa%C3%B1ol-sin-fronteras-4447746672,Girls Who Code Summer Immersion Program,Español Sin Fronteras,posted,2026-08-03T17:35:02.242463,1349
8727e27c17226294,https://lv.linkedin.com/jobs/view/crack-the-code-at-espa%C3%B1ol-sin-fronteras-4447730839,Crack The Code,Español Sin Fronteras,posted,2026-08-03T17:35:13.079853,1351
d89388b8725ca7da,https://lv.linkedin.com/jobs/view/finan%C5%A1u-p%C4%81rskatu-speci%C4%81lists-e-at-swedbank-latvija-4445090687,Finanšu pārskatu speciālists(-e),,scraped,2026-08-03T17:35:27.735495,
6b04d9cfc73dba3d,https://lv.linkedin.com/jobs/view/japonya-ser%C3%BCveni-turu-t%C3%BCrk-hava-yollar%C4%B1-ile-at-turmango-4447687718,Japonya Serüveni Turu - Türk Hava Yolları ile,,scraped,2026-08-03T17:35:38.001825,
9faa4cc723619bbd,https://lv.linkedin.com/jobs/view/tosca-test-automation-engineer-at-accenture-baltics-4448216073,Tosca Test Automation Engineer,Accenture Baltics,posted,2026-08-03T17:35:55.641224,1353
646d0c353396b482,https://lv.linkedin.com/jobs/view/ipt-lead-for-systems-engineering-integration-and-test-seit-at-redwire-4439900224,IPT Lead for Systems Engineering Integration and Test (SEIT),Redwire,posted,2026-08-03T17:36:08.500083,1355
47b3b8b34e53c410,https://lv.linkedin.com/jobs/view/vec%C4%81kais-%C4%81-aml-datu-anal%C4%ABti%C4%B7is-e-at-luminor-group-4445175384,Vecākais/-ā AML datu analītiķis/-e,Luminor Group,posted,2026-08-03T17:36:22.306070,1357
36ca88141f1acc6b,https://lv.linkedin.com/jobs/view/orta-avrupa-ser%C3%BCveni-turu-thy-ile-bvp-at-turmango-4447694502,Orta Avrupa Serüveni Turu - THY ile (BVP),,scraped,2026-08-03T17:36:24.647579,
c352cb8112fb5873,https://lv.linkedin.com/jobs/view/klientu-konsultants-e-uz%C5%86%C4%93mumu-ien%C4%81ko%C5%A1%C4%81s-pl%C5%ABsmas-noda%C4%BC%C4%81-valmier%C4%81-at-swedbank-latvija-4445077751,Klientu Konsultants(-e) Uzņēmumu ienākošās plūsmas nodaļā Valmierā,,scraped,2026-08-03T17:36:37.419721,
50afcb9c9a86bf73,https://lv.linkedin.com/jobs/view/g%C3%B6rme-engelli-bireylerin-uzaktan-e%C4%9Fitim-sistemi-ile-mesleki-e%C4%9Fitimi-projesi-at-alt%C4%B1-nokta-k%C3%B6rler-vakf%C4%B1-4447717895,Görme Engelli Bireylerin Uzaktan Eğitim Sistemi ile Mesleki Eğitimi Projesi,Altı Nokta Körler Vakfı,posted,2026-08-03T17:36:54.498519,1359
e27d9147bd866b30,https://lv.linkedin.com/jobs/view/hrm-consultant-with-latvian-payroll-expertise-at-digmatix-4441951084,HRM Consultant (with Latvian payroll expertise),,scraped,2026-08-03T17:36:59.092444,
50ff487b7030a789,https://lv.linkedin.com/jobs/view/client-success-representative-remote-contract-at-infuse-4447576210,"Client Success Representative (Remote, Contract)",INFUSE,posted,2026-08-05T16:19:30.345923,1361
2dba5df76b1113e7,https://lv.linkedin.com/jobs/view/head-of-product-marketing-core-at-gomining-4449445933,Head of Product Marketing (Core),,scraped,2026-08-05T16:19:34.974739,
90ab194d081512d6,https://lv.linkedin.com/jobs/view/head-of-product-marketing-gobtc-pay-at-gomining-4449466315,Head of Product Marketing - GoBTC Pay,,scraped,2026-08-05T16:19:41.339414,
a933de68bfa27ef2,https://lv.linkedin.com/jobs/view/customer-experience-specialist-export-import-north-and-south-america-at-norit-activated-carbon-4446207390,"Customer Experience Specialist, Export & Import (North and South America)",,scraped,2026-08-05T16:19:47.624133,
ccd5832f160050cf,https://lv.linkedin.com/jobs/view/freelance-presentation-designer-at-mindrift-4448372356,Freelance Presentation Designer,Mindrift,posted,2026-08-05T16:19:56.223658,1163
fe785849406b9548,https://lv.linkedin.com/jobs/view/senior-product-manager-remote-contract-at-infuse-4447221790,"Senior Product Manager (Remote, Contract)",INFUSE,posted,2026-08-05T16:20:01.171607,861
fdc3c4dd3a128184,https://lv.linkedin.com/jobs/view/logistics-specialist-at-aerones-4444595343,Logistics Specialist,,scraped,2026-08-05T16:20:06.732458,
4353598ccef04139,https://lv.linkedin.com/jobs/view/head-of-operations-fintech-at-uspex-4445088892,Head of Operations (Fintech),,scraped,2026-08-05T16:20:14.739171,
9d437a96611c23de,https://lv.linkedin.com/jobs/view/content-marketing-specialist%0A-%0A%0A-%0Am%C4%81rketings-un-pr%0A%0A-%C2%B7%0A%0A-riga-at-moller-auto-baltic-4449064219,"Content Marketing Specialist
    

    
Mārketings un PR

  ·

    Riga",,scraped,2026-08-05T16:20:24.277071,
526651df91e6d48c,https://lv.linkedin.com/jobs/view/work-for-good-at-philanthropegie-4449483787,Work For Good,Philanthropegie,posted,2026-08-05T16:20:39.304245,1363
bb9fa6c9eee49a4f,https://lv.linkedin.com/jobs/view/media-support-at-opencalls-ai-4448941715,Media support,,scraped,2026-08-05T16:20:41.988445,
f43d7aa3da71df29,https://lv.linkedin.com/jobs/view/vp-finance-at-bluethrone-4448284021,VP Finance,,scraped,2026-08-05T16:20:48.492429,
09bdceeaabd402a3,https://lv.linkedin.com/jobs/view/elegant-tiflis-turu-t%C3%BCrk-havayollar%C4%B1-ile-at-turmango-4447698411,Elegant Tiflis Turu - Türk Havayolları ile,,scraped,2026-08-05T16:20:54.890463,
60db7930c5de9b0c,https://lv.linkedin.com/jobs/view/head-of-cards-at-evotym-4448926115,Head of Cards,,scraped,2026-08-05T16:21:11.070860,
f1a4cc7c6a870b13,https://lv.linkedin.com/jobs/view/chatbot-developer-whatsapp-telegram-discord-freelance-at-mindrift-4448311161,"Chatbot Developer (WhatsApp, Telegram, Discord) - Freelance",Mindrift,posted,2026-08-05T16:21:19.818149,518
1db7714453e46e46,https://lv.linkedin.com/jobs/view/legal-compliance-specialist-at-markets4you-4445890619,Legal & Compliance Specialist,Markets4you,posted,2026-08-05T16:21:31.388575,1365
79c16818b6ce391c,https://lv.linkedin.com/jobs/view/software-fraud-engineer-at-gomining-4448851812,Software Fraud Engineer,,scraped,2026-08-05T16:21:35.975740,
5cca06795aabf1c5,https://lv.linkedin.com/jobs/view/program-manager-at-redwire-europe-4446207246,Program Manager,,scraped,2026-08-05T16:21:42.295350,
cdcfe7cb5c2a1ef5,https://lv.linkedin.com/jobs/view/finan%C5%A1u-un-apdro%C5%A1in%C4%81%C5%A1anas-pakalpojumu-konsultants-e%0A-%0A%0A-%0Aapdro%C5%A1in%C4%81%C5%A1anas-pakalpojumi%0A%0A-%C2%B7%0A%0A-moller-auto-lidosta-volkswagen-at-moller-auto-baltic-4449048998,"Finanšu un apdrošināšanas pakalpojumu konsultants/-e
    

    
Apdrošināšanas pakalpojumi

  ·

    Moller Auto Lidosta, Volkswagen",,scraped,2026-08-05T16:21:49.432248,
f5b33a3d62b018b5,https://lv.linkedin.com/jobs/view/legal-counsel-corporate-product-compliance-at-scrambly-4446233104,Legal Counsel (Corporate & Product Compliance),,scraped,2026-08-05T16:21:57.674765,
dd3455062c421395,https://lv.linkedin.com/jobs/view/rezerves-da%C4%BCu-noliktavas-speci%C4%81lists%0A-%0A%0A-%0Arezerves-da%C4%BCas-un-aksesu%C4%81ri%0A%0A-%C2%B7%0A%0A-moller-auto-krasta-volkswagen-at-moller-auto-baltic-4449062285,"Rezerves daļu noliktavas speciālists
    

    
Rezerves daļas un aksesuāri

  ·

    Moller Auto Krasta, Volkswagen",,scraped,2026-08-05T16:22:04.063873,
14d06c3bfa49e22f,https://lv.linkedin.com/jobs/view/full-stack-developer-at-lansdowne-payments-4448854283,Full Stack Developer,Lansdowne Payments,posted,2026-08-05T16:22:14.841012,544
0c3bde58596b280b,https://lv.linkedin.com/jobs/view/program-manager-%E2%80%93-baltic-countries-at-redwire-4448215009,Program Manager – Baltic Countries,Redwire,posted,2026-08-05T16:22:24.024992,1367
3b91a3b55011cd0f,https://lv.linkedin.com/jobs/view/head-of-risk-at-found-communication-4449128018,Head of Risk,FOUND Communication,posted,2026-08-05T16:22:33.309312,1369
acaaf1631c08b032,https://lv.linkedin.com/jobs/view/customer-relationship-manager-at-bluor-bank-asset-management-4447999502,Customer Relationship Manager,,scraped,2026-08-05T16:22:38.011640,
bfd22666b63253d1,https://lv.linkedin.com/jobs/view/electrician-elektri%C4%B7is-at-provincials-sia-4448011086,Electrician / Elektriķis,,scraped,2026-08-05T16:22:46.047593,
870abd2674079acc,https://lv.linkedin.com/jobs/view/ai-project-manager-at-bluor-bank-asset-management-4448208122,AI Project Manager,,scraped,2026-08-05T16:22:56.390897,
edf216661804a942,https://lv.linkedin.com/jobs/view/ai-growth-marketing-manager-b2b-at-tripleten-indonesia-4446635654,AI Growth Marketing Manager (B2B),TripleTen Indonesia,posted,2026-08-05T16:23:11.373326,1371
bf04b0514c4700cb,https://lv.linkedin.com/jobs/view/hr-tech-associate-consultant-at-zalaris-4440554861,HR Tech Associate Consultant,,scraped,2026-08-05T16:23:13.999022,
8558dbb2ffc12993,https://lv.linkedin.com/jobs/view/security-consultant-at-swisscom-devops-center-riga-4446620165,Security Consultant,,scraped,2026-08-05T16:23:21.726453,
c83925accafab4a4,https://lv.linkedin.com/jobs/view/met%C4%81la-apstr%C4%81des-operators-stiegrot%C4%81js-at-consolis-latvija-sia-4449079095,Metāla apstrādes operators (stiegrotājs),,scraped,2026-08-05T16:23:33.501401,
0c8d7b5c0eb1182c,https://lv.linkedin.com/jobs/view/key-account-manager-%E2%80%93-corporate-mice-at-pullman-riga-old-town-hotel-4447369443,Key Account Manager – Corporate & MICE,,scraped,2026-08-05T16:23:46.050136,
f16832f312781f85,https://lv.linkedin.com/jobs/view/monitoring-specialist-at-xpate-4445889849,Monitoring Specialist,,scraped,2026-08-05T16:23:52.287332,
7e327f6e4e6fca2e,https://lv.linkedin.com/jobs/view/front-office-manager-for-park-inn-by-radisson-riga-valdemara-hotel-at-radisson-hotel-group-4448166059,Front Office Manager for Park Inn by Radisson Riga Valdemara Hotel,Radisson Hotel Group,posted,2026-08-05T16:24:16.089305,1373
5b563618eb5d1c5f,https://lv.linkedin.com/jobs/view/programmas-%E2%80%9Cpilsonisk%C4%81s-sabiedr%C4%ABbas-fonds%E2%80%9D-projektu-atbalsta-persona-at-latvijas-pilsonisk%C4%81-alianse-4445878881,Programmas “Pilsoniskās sabiedrības fonds” projektu atbalsta persona,,scraped,2026-08-05T16:24:18.815964,
4bf127cbed4b29ba,https://lv.linkedin.com/jobs/view/media-community-coordinator-at-ace-alliance-4447918334,Media & Community Coordinator,,scraped,2026-08-05T16:24:31.536683,
6563e50ea67e1159,https://lv.linkedin.com/jobs/view/implementation-consultant-at-pacera-4448893692,Implementation Consultant,Pacera,posted,2026-08-05T16:24:47.093066,1181
5a0732e55fc0b5e2,https://lv.linkedin.com/jobs/view/senior-risk-manager-at-redwire-europe-4445893585,Senior Risk Manager,,scraped,2026-08-05T16:24:49.703716,
09d37c421afc2978,https://lv.linkedin.com/jobs/view/engineering-manager-channels-platform-at-siena-ai-4449038819,"Engineering Manager, Channels & Platform",Siena AI,posted,2026-08-05T16:25:08.456800,1375
21d1efb56251310e,https://lv.linkedin.com/jobs/view/stiegrot%C4%81js-a-at-mb-betons-4449064956,Stiegrotājs/-a,,scraped,2026-08-05T16:25:11.046859,
ab898e8bb59f311d,https://lv.linkedin.com/jobs/view/lecturer-4444572086,Lecturer,Riga Aeronautical Institute,posted,2026-08-05T16:25:25.112312,1377
708b0c54616507eb,https://lv.linkedin.com/jobs/view/elektrot%C4%ABklu-dispe%C4%8Ders-e-at-r%C4%ABgas-satiksme-4448910470,ELEKTROTĪKLU DISPEČERS / -E,,scraped,2026-08-05T16:25:28.914934,
b063b9c0f01336d3,https://lv.linkedin.com/jobs/view/%E2%9C%93-at-new-atlantis-4448030069,✓,New Atlantis,failed|wp_post_failed,2026-08-05T16:25:37.479787,
67d1bdefac1f6593,https://lv.linkedin.com/jobs/view/fraud-investigator-12-month-ftc-at-gocardless-4440090510,Fraud Investigator (12-month FTC),,scraped,2026-08-05T16:25:40.186626,
44eca82cfbdb10d1,https://lv.linkedin.com/jobs/view/truck-detailer-at-wagga-trucks-4449129046,Truck Detailer,,scraped,2026-08-05T16:25:46.710340,
7fae84281e2b443a,https://lv.linkedin.com/jobs/view/m%C4%81sa-reto-slim%C4%ABbu-kabinet%C4%81-at-paula-stradi%C5%86a-kl%C4%ABnisk%C4%81-universit%C4%81tes-slimn%C4%ABca-4448984023,MĀSA Reto slimību kabinetā,,scraped,2026-08-05T16:25:53.273281,
71aebd3444eb802f,https://lv.linkedin.com/jobs/view/spare-parts-interpreter-experienced-at-wagga-trucks-4448909639,Spare Parts Interpreter - Experienced,,scraped,2026-08-05T16:26:03.998304,
9d8ebf671c6221ac,https://lv.linkedin.com/jobs/view/de%C5%BEur%C4%93jo%C5%A1ais-str%C4%81dnieks-ce-at-r%C4%ABgas-satiksme-4448919405,DEŽURĒJOŠAIS STRĀDNIEKS/-CE,,scraped,2026-08-05T16:26:10.208809,
a6637a30d6eb74eb,https://lv.linkedin.com/jobs/view/apsargs-me%C5%BEciem%C4%81-industri%C4%81l%C4%81-objekt%C4%81-at-g4s-4446275679,Apsargs Mežciemā industriālā objektā,G4S,posted,2026-08-05T16:26:35.015333,1379
06766e62c3789c05,https://lv.linkedin.com/jobs/view/atsl%C4%93dznieks-ce-infrastrukt%C5%ABras-da%C4%BC%C4%81-br%C4%ABv%C4%ABbas-iel%C4%81-191-at-r%C4%ABgas-satiksme-4448922325,ATSLĒDZNIEKS /-CE (Infrastruktūras daļā Brīvības ielā 191),,scraped,2026-08-05T16:26:37.626734,
e286be83df38354b,https://lv.linkedin.com/jobs/view/transporta-bi%C4%BCe%C5%A1u-kontrolieris-e-at-r%C4%ABgas-satiksme-4448928230,TRANSPORTA BIĻEŠU KONTROLIERIS/ -E,,scraped,2026-08-05T16:26:44.767081,
834ea5a6e87d6908,https://lv.linkedin.com/jobs/view/autobusa-vad%C4%ABt%C4%81js-a-no-24-gadiem-ar-b-kategoriju-vai-ar-ieg%C5%ABtu-d-kategoriju-at-r%C4%ABgas-satiksme-4448917398,"AUTOBUSA VADĪTĀJS /- A (no 24 gadiem ar B kategoriju vai ar iegūtu ""D"" kategoriju)",,scraped,2026-08-05T16:26:51.825966,
fb0a51c0b72f6800,https://lv.linkedin.com/jobs/view/komplekt%C4%93t%C4%81js-a-at-r%C4%ABgas-satiksme-4449107342,KOMPLEKTĒTĀJS/-A,,scraped,2026-08-05T16:26:58.737756,
bea10f32c097cfef,https://lv.linkedin.com/jobs/view/rito%C5%A1%C4%81-sast%C4%81va-atsl%C4%93dzniece-ks-at-r%C4%ABgas-satiksme-4448923304,RITOŠĀ SASTĀVA ATSLĒDZNIECE/ -KS,,scraped,2026-08-05T16:27:05.944346,
27386f8219a86733,https://lv.linkedin.com/jobs/view/autost%C4%81vvietu-kontrolieris-e-at-r%C4%ABgas-satiksme-4448911474,AUTOSTĀVVIETU KONTROLIERIS/ -E,,scraped,2026-08-05T16:27:14.124596,
9d4820acde14ba06,https://lv.linkedin.com/jobs/view/autobusu-manevru-vad%C4%ABt%C4%81js-a-dienas-vai-nakts-mai%C5%86%C4%81-at-r%C4%ABgas-satiksme-4448921362,AUTOBUSU MANEVRU VADĪTĀJS/-A (dienas vai nakts maiņā),,scraped,2026-08-05T16:27:21.284163,
bf2d5ab407f1c9fb,https://lv.linkedin.com/jobs/view/p%C4%81rdev%C4%93js-a-circle-k-kandava-mazcuntes-kandavas-pag-at-circle-k-4447965828,"Pārdevējs/-a Circle K Kandava (Mazcuntes, Kandavas pag.)",,scraped,2026-08-05T16:27:28.307246,
37b294132963b525,https://lv.linkedin.com/jobs/view/p%C4%81rtikas-produktu-ra%C5%BEo%C5%A1anas-iek%C4%81rtu-operators-e-at-forevers-4446251660,Pārtikas produktu ražošanas iekārtu operators/-e,,scraped,2026-08-05T16:27:34.766850,
21cadec8ad617edc,https://lv.linkedin.com/jobs/view/product-manager-defi-trading-yield-products-at-expand-network-4447385061,Product Manager (DeFi Trading & Yield Products),expand.network,posted,2026-08-05T16:27:55.258251,1381
fb2a7bf64e289f7f,https://lv.linkedin.com/jobs/view/marketing-design-team-lead-at-capslock-4449002688,Marketing Design Team Lead,,scraped,2026-08-05T16:27:57.972502,
ca32439dfb14032f,https://lv.linkedin.com/jobs/view/b2b-marketplace-sales-manager-at-phh-group-pigu-hobby-hall-group-pigu-lt-220-lv-kaup24-ee-hobbyhall-fi-4446636353,B2B Marketplace Sales Manager,"PHH Group | Pigu Hobby Hall Group (Pigu.lt, 220.lv, Kaup24.ee, HobbyHall.fi)",posted,2026-08-05T16:28:08.498324,1191
a4524fa0c2e48ab1,https://lv.linkedin.com/jobs/view/technicien-sav-h-f-ile-de-france-at-genin-techmed-4447046878,Technicien SAV (H/F)- Ile de France,,scraped,2026-08-05T16:28:11.218451,
15b464d4b55e01d6,https://lv.linkedin.com/jobs/view/m%C4%81sa-oper%C4%81ciju-blok%C4%81-e-at-paula-stradi%C5%86a-kl%C4%ABnisk%C4%81-universit%C4%81tes-slimn%C4%ABca-4448980246,MĀSA Operāciju blokā E,,scraped,2026-08-05T16:28:20.934911,
c48c0eab98eff0c7,https://lv.linkedin.com/jobs/view/nekustamo-%C4%ABpa%C5%A1umu-noda%C4%BCas-vad%C4%ABt%C4%81ja-asistents-e-at-viet%C4%93jais-top%21-4441515865,Nekustamo īpašumu nodaļas vadītāja asistents/-e,,scraped,2026-08-05T16:28:31.460096,
2b95204d59633fbe,https://lv.linkedin.com/jobs/view/m%C4%81sas-visp%C4%81r%C4%93j%C4%81s-apr%C5%ABpes-m%C4%81sa-pusaud%C5%BEu-atkar%C4%ABbu-%C4%81rst%C4%93%C5%A1anas-komand%C4%81-at-b%C4%93rnu-kl%C4%ABnisk%C4%81-universit%C4%81tes-slimn%C4%ABca-children-s-clinical-university-hospital-4447351505,Māsas (vispārējās aprūpes māsa) Pusaudžu atkarību ārstēšanas komandā,,scraped,2026-08-05T16:28:38.759896,
17810795e4655d29,https://lv.linkedin.com/jobs/view/m%C4%81sa-oper%C4%81ciju-blok%C4%81-b-at-paula-stradi%C5%86a-kl%C4%ABnisk%C4%81-universit%C4%81tes-slimn%C4%ABca-4448972941,MĀSA Operāciju blokā B,,scraped,2026-08-05T16:28:46.612243,
ec859d0f34e82d1b,https://lv.linkedin.com/jobs/view/software-engineer-%E2%80%94-agentic-systems-ai-products-at-spotwise-ai-4449462539,Software Engineer — Agentic Systems & AI Products,,scraped,2026-08-05T16:28:58.293560,
a2d205de5a1e8a10,https://lv.linkedin.com/jobs/view/junior-non-food-promotion-specialist-fashion-kids-hobby-at-lidl-latvija-4448142853,"Junior Non-Food Promotion Specialist (Fashion, Kids, Hobby)",,scraped,2026-08-05T16:29:05.329372,
223a76febf2f69b2,https://lv.linkedin.com/jobs/view/projektu-vad%C4%ABt%C4%81js-%C4%93din%C4%81%C5%A1anas-pakalpojumu-jom%C4%81-lo%C4%A3istikas-un-servisa-da%C4%BC%C4%81-at-paula-stradi%C5%86a-kl%C4%ABnisk%C4%81-universit%C4%81tes-slimn%C4%ABca-4448974920,PROJEKTU VADĪTĀJS ĒDINĀŠANAS PAKALPOJUMU JOMĀ Loģistikas un servisa daļā,,scraped,2026-08-05T16:29:16.857751,
30b26f56d5c21253,https://lv.linkedin.com/jobs/view/m%C4%81sa-oper%C4%81ciju-blok%C4%81-c-at-paula-stradi%C5%86a-kl%C4%ABnisk%C4%81-universit%C4%81tes-slimn%C4%ABca-4448971924,MĀSA Operāciju blokā C,,scraped,2026-08-05T16:29:25.219970,
df3e2ac7e888ce81,https://lv.linkedin.com/jobs/view/projektu-vad%C4%ABt%C4%81js-at-consolis-latvija-sia-4449073553,Projektu vadītājs,,scraped,2026-08-05T16:29:33.364562,
f8b8aa116fe8cbca,https://lv.linkedin.com/jobs/view/paraugu-%C5%86em%C5%A1anas-speci%C4%81lists-apvienot%C4%81-laboratorij%C4%81-at-paula-stradi%C5%86a-kl%C4%ABnisk%C4%81-universit%C4%81tes-slimn%C4%ABca-4448969991,PARAUGU ŅEMŠANAS SPECIĀLISTS Apvienotā laboratorijā,,scraped,2026-08-05T16:29:41.338385,
343b102119964b25,https://lv.linkedin.com/jobs/view/lo%C4%A3istikas-speci%C4%81lists-e-at-erb-rail-4448318163,Loģistikas speciālists/-e,ERB Rail,posted,2026-08-05T16:29:57.947281,1383
1c14ef3b9536936c,https://lv.linkedin.com/jobs/view/metin%C4%81t%C4%81js-a-br%C4%ABv%C4%ABbas-iel%C4%81-191-at-r%C4%ABgas-satiksme-4448913413,METINĀTĀJS / -A (Brīvības ielā 191),,scraped,2026-08-05T16:30:00.544693,
c8ca87124e986641,https://lv.linkedin.com/jobs/view/data-engineer-products-systems-at-luminor-group-4447223084,Data Engineer (Products & Systems),Luminor Group,posted,2026-08-05T16:30:19.860630,1385
a229ed7a9476fbf4,https://lv.linkedin.com/jobs/view/customer-and-service-care-support-administrator-at-epson-europe-b-v-4448866988,Customer and Service Care Support Administrator,,scraped,2026-08-05T16:30:22.491780,
5a5514723e9b412c,https://lv.linkedin.com/jobs/view/senior-seo-specialist-igaming-at-starcasino-4448522157,Senior SEO Specialist - iGaming,,scraped,2026-08-05T16:30:33.080521,
8fc84835037eb43e,https://lv.linkedin.com/jobs/view/p%C4%81rdev%C4%93js-a-uz-atva%C4%BCin%C4%81juma-laiku-at-viet%C4%93jais-top%21-4448940941,Pārdevējs/-a (uz atvaļinājuma laiku),,scraped,2026-08-05T16:30:40.244998,
8ff6816c9a18a760,https://lv.linkedin.com/jobs/view/administrators-e-klientu-apkalpo%C5%A1anas-centr%C4%81-vetkl%C4%ABnika-24-ivc-evidensia-at-ivc-evidensia-baltic-4445082428,Administrators/-e klientu apkalpošanas centrā | Vetklīnika 24 (IVC Evidensia),,scraped,2026-08-05T16:30:47.152639,
64bf1ceeddd0ae0c,https://lv.linkedin.com/jobs/view/information-systems-support-specialist-at-dpd-latvija-4448956570,Information Systems Support Specialist,,scraped,2026-08-05T16:30:53.530030,
c1414d78f7a9d9da,https://lv.linkedin.com/jobs/view/regulatory-submissions-start-up-contract-specialist-dual-role-at-medpace-4360950116,Regulatory submissions-Start Up & Contract Specialist (dual role),Medpace,posted,2026-08-05T16:31:06.827808,1387
d47408a3666bd43d,https://lv.linkedin.com/jobs/view/p%C4%81rdev%C4%93js-konsultants-e-onninen-express-d%C4%81rzciema-at-onninen-latvia-4446630585,Pārdevējs-konsultants/-e ONNINEN Express Dārzciema,Onninen Latvia,posted,2026-08-05T16:31:18.574389,1389
d51702e29613dee8,https://lv.linkedin.com/jobs/view/ai-growth-marketing-manager-b2b-at-tripleten-4449011593,AI Growth Marketing Manager (B2B),TripleTen,posted,2026-08-05T16:31:24.754791,1371
4728b5faf2de19a6,https://lv.linkedin.com/jobs/view/it-darb%C4%ABbas-speci%C4%81lists-e-at-r%C4%ABgas-satiksme-4448928219,IT DARBĪBAS SPECIĀLISTS/-E,,scraped,2026-08-05T16:31:27.372332,
4d5204da8244635a,https://lv.linkedin.com/jobs/view/programm%C4%93%C5%A1anas-skolot%C4%81js-a-at-profesion%C4%81l%C4%81-vidusskola-victoria-4444554277,Programmēšanas skolotājs/a,"Profesionālā vidusskola ""Victoria""",posted,2026-08-05T16:31:45.479600,1391
239fb39fe4f0bdf0,https://lv.linkedin.com/jobs/view/project-manager-in-customer-feedback-area-at-swedbank-latvija-4448012653,Project manager in Customer Feedback Area,,scraped,2026-08-05T16:31:50.129264,
fcf8ad9fda8e9ab3,https://lv.linkedin.com/jobs/view/sell-house-with-code-violations-at-glendale-home-buyers-4448393575,Sell House with Code Violations,Glendale Home Buyers,posted,2026-08-05T16:31:58.575846,1209
7f66a0ed8fe580e8,https://lv.linkedin.com/jobs/view/head-of-b2b-digital-demand-generation-at-clarity-4446213221,Head of B2B Digital Demand Generation,,scraped,2026-08-05T16:32:05.202397,
c369e518fdcf6805,https://lv.linkedin.com/jobs/view/qualified-heavy-vehicle-mechanic-wagga-wagga-at-wagga-trucks-4449121162,Qualified Heavy Vehicle Mechanic - WAGGA WAGGA,,scraped,2026-08-05T16:32:14.888083,
9bcbd2fa0bb0e15b,https://lv.linkedin.com/jobs/view/finance-associate-at-3s-money-4446627774,Finance Associate,,scraped,2026-08-05T16:32:21.196515,
3019595a0c4a9040,https://lv.linkedin.com/jobs/view/m%C4%81rketinga-speci%C4%81lists-e-uz-noteiktu-laiku-at-yit-urban-developer-and-construction-company-4448154962,Mārketinga speciālists /-e (uz noteiktu laiku),,scraped,2026-08-05T16:32:31.703570,
0164f1c9b8be2b53,https://lv.linkedin.com/jobs/view/marketing-manager-at-everfield-4447151476,Marketing Manager,,scraped,2026-08-05T16:32:38.479682,
5607ee53167fbabd,https://lv.linkedin.com/jobs/view/sales-team-lead-at-headhunters-hub-4446228065,Sales Team Lead,HeadHunters Hub,posted,2026-08-05T16:34:03.288271,1393
7b5d8e512662b5ff,https://lv.linkedin.com/jobs/view/customer-service-representative-danish-at-transcom-4447391636,Customer Service Representative - Danish,,scraped,2026-08-05T16:34:05.933214,
2a6543430f702f08,https://lv.linkedin.com/jobs/view/aml-subject-matter-expert-at-tf-bank-ab-publ-4444554754,AML Subject Matter Expert,,scraped,2026-08-05T16:34:13.219028,
6046c41ec312aa95,https://lv.linkedin.com/jobs/view/%C4%81ra-teritorijas-uzkop%C5%A1anas-darbinieks-circle-k-degvielas-uzpildes-stacij%C4%81s-nepilnas-slodzes-darbs-at-circle-k-4448255595,Āra teritorijas uzkopšanas darbinieks Circle K degvielas uzpildes stacijās (nepilnas slodzes darbs),,scraped,2026-08-05T16:34:20.219629,
56b19a5fdfeea1aa,https://lv.linkedin.com/jobs/view/tehnisk%C4%81-atbalsta-speci%C4%81lists-e-zvanu-centr%C4%81-at-tet-lv-4446677630,Tehniskā atbalsta speciālists/-e Zvanu centrā (...,,scraped,2026-08-05T16:34:26.671881,
8b149c8ae2f2cdc3,https://lv.linkedin.com/jobs/view/business-line-manager-at-manpower-latvia-4447509380,Business Line Manager,,scraped,2026-08-05T16:34:38.535110,
2abb48b664eccfdd,https://lv.linkedin.com/jobs/view/demand-planner-master-planner-at-aerones-4448983362,Demand Planner (Master Planner),,scraped,2026-08-05T16:34:47.381767,
529bd63f1e48e15a,https://lv.linkedin.com/jobs/view/m%C4%81sa-endoskopiju-noda%C4%BC%C4%81-at-paula-stradi%C5%86a-kl%C4%ABnisk%C4%81-universit%C4%81tes-slimn%C4%ABca-4448981200,MĀSA Endoskopiju nodaļā,,scraped,2026-08-05T16:34:55.148755,
47de9bc61df9de58,https://lv.linkedin.com/jobs/view/senior-verification-engineer-at-ast-spacemobile-4448859314,Senior Verification Engineer,AST SpaceMobile,posted,2026-08-05T16:35:10.862284,1395
6e427ed6dcf8bf43,https://lv.linkedin.com/jobs/view/izbraukumu-elektronikas-tehni%C4%B7is-e-darbs-printeru-un-datoru-remonta-grup%C4%81-at-latvijas-mobilais-telefons-sia-4448232267,Izbraukumu elektronikas tehniķis/-e (darbs printeru un datoru remonta grupā),,scraped,2026-08-05T16:35:15.482563,
2f15ad9a92a8d6d3,https://lv.linkedin.com/jobs/view/senior-accountant-at-rho-4448157268,Senior Accountant,Rho,posted,2026-08-05T16:35:25.058237,1293
17a199ef235eff25,https://lv.linkedin.com/jobs/view/event-design-production-specialist-at-psi-cro-4447384656,Event Design & Production Specialist,PSI CRO,posted,2026-08-05T16:35:41.025759,1397
f3eeffceff2b08bc,https://lv.linkedin.com/jobs/view/financial-data-analyst-at-3s-money-4446634124,Financial Data Analyst,,scraped,2026-08-05T16:35:43.652321,
5d05db9969cb63b3,https://lv.linkedin.com/jobs/view/propulsion-engineer-at-redwire-europe-4446619319,Propulsion Engineer,,scraped,2026-08-05T16:35:50.032488,
3350acbd5e16e101,https://lv.linkedin.com/jobs/view/jurista-pal%C4%ABgs-dze-at-cido-grupa-4448853775,Jurista palīgs/-dze,,scraped,2026-08-05T16:35:57.002575,
baadedbf7c8e6bcd,https://lv.linkedin.com/jobs/view/client-community-manager-at-clarity-4446224006,Client Community Manager,,scraped,2026-08-05T16:36:10.258587,
763f2ff26e701ea2,https://lv.linkedin.com/jobs/view/devops-engineer-automation-and-quality-at-swisscom-devops-center-riga-4446614245,DevOps Engineer (Automation and Quality),,scraped,2026-08-05T16:36:17.398568,
0631a5b59b35260f,https://lv.linkedin.com/jobs/view/anest%C4%93zijas-m%C4%81sa-at-b%C4%93rnu-kl%C4%ABnisk%C4%81-universit%C4%81tes-slimn%C4%ABca-children-s-clinical-university-hospital-4449658364,Anestēzijas māsa,,scraped,2026-08-05T16:36:24.143019,
b1a0b82f3b7a61dc,https://lv.linkedin.com/jobs/view/administrative-coordinator-at-stora-enso-4448212226,Administrative Coordinator,Stora Enso,posted,2026-08-05T16:36:44.310763,1399
679d216d059063dd,https://lv.linkedin.com/jobs/view/sanit%C4%81rtehnisko-iek%C4%81rtu-mont%C4%93t%C4%81js-infrastrukt%C5%ABras-p%C4%81rvald%C4%AB%C5%A1anas-da%C4%BC%C4%81-at-paula-stradi%C5%86a-kl%C4%ABnisk%C4%81-universit%C4%81tes-slimn%C4%ABca-4448975879,SANITĀRTEHNISKO IEKĀRTU MONTĒTĀJS Infrastruktūras pārvaldīšanas daļā,,scraped,2026-08-05T16:36:46.956960,
36e57158c98ea3b3,https://lv.linkedin.com/jobs/view/psihologs-rehabilit%C4%81cijas-medic%C4%ABnas-centr%C4%81-at-paula-stradi%C5%86a-kl%C4%ABnisk%C4%81-universit%C4%81tes-slimn%C4%ABca-4448978803,PSIHOLOGS Rehabilitācijas medicīnas centrā,,scraped,2026-08-05T16:36:58.998692,
2284dd822a4736d9,https://lv.linkedin.com/jobs/view/m%C4%81sa-32-neatliekam%C4%81s-kardiolo%C4%A3ijas-noda%C4%BCas-intens%C4%ABv%C4%81s-terapijas-pal%C4%81tas-itp-at-paula-stradi%C5%86a-kl%C4%ABnisk%C4%81-universit%C4%81tes-slimn%C4%ABca-4448965948,MĀSA 32. Neatliekamās kardioloģijas nodaļas Intensīvās terapijas palātas (ITP),,scraped,2026-08-05T16:37:11.094412,
056a13db6835195f,https://lv.linkedin.com/jobs/view/junior-core-banking-system-developer-at-headhunters-hub-4446637529,Junior Core Banking System Developer,HeadHunters Hub,posted,2026-08-05T16:38:37.209802,1401
4488cebc79217cc4,https://lv.linkedin.com/jobs/view/flight-analysis-engineer-at-redwire-4444009086,Flight Analysis Engineer,Redwire,posted,2026-08-05T16:38:46.027539,1403
b49d4df244583c38,https://lv.linkedin.com/jobs/view/senior-accountant-for-intercompany-team-at-circle-k-4447167863,Senior Accountant for Intercompany Team,,scraped,2026-08-05T16:38:48.679656,
7d284c75bec83baf,https://lv.linkedin.com/jobs/view/siltuma-g%C4%81zes-un-%C5%ABdens-tehnolo%C4%A3iju-sist%C4%93mu-b%C5%ABvin%C5%BEenieris-e-at-r%C4%ABgas-satiksme-4448921350,"SILTUMA, GĀZES UN ŪDENS TEHNOLOĢIJU SISTĒMU BŪVINŽENIERIS/-E",,scraped,2026-08-05T16:39:01.208429,
eda7d4bde08a278b,https://lv.linkedin.com/jobs/view/chief-accountant-at-redwire-4440247378,Chief Accountant,Redwire,posted,2026-08-05T16:39:15.317091,1405
f959abc0bdf1cb1f,https://lv.linkedin.com/jobs/view/senior-manager-operational-finance-integration-and-optimization-at-circle-k-4449108094,Senior Manager Operational Finance Integration and Optimization,,scraped,2026-08-05T16:39:21.974153,
75bc674d68d7cf08,https://lv.linkedin.com/jobs/view/m%C4%81sas-pal%C4%ABgs-jaun%C4%81kais-m%C4%81sas-pal%C4%ABgs-4-urolo%C4%A3ijas-noda%C4%BCa-pusslodzes-darbs-at-paula-stradi%C5%86a-kl%C4%ABnisk%C4%81-universit%C4%81tes-slimn%C4%ABca-4448973947,MĀSAS PALĪGS/JAUNĀKAIS MĀSAS PALĪGS 4. Uroloģijas nodaļa (pusslodzes darbs),,scraped,2026-08-05T16:39:28.294089,
9c01bce8a2052bec,https://lv.linkedin.com/jobs/view/%C4%81rsta-pal%C4%ABgs-onkolo%C4%A3ijas-kl%C4%ABnik%C4%81-at-paula-stradi%C5%86a-kl%C4%ABnisk%C4%81-universit%C4%81tes-slimn%C4%ABca-4448981203,ĀRSTA PALĪGS Onkoloģijas klīnikā,,scraped,2026-08-05T16:39:36.338176,
29e61b874f6d4cd9,https://lv.linkedin.com/jobs/view/medical-translator-estonian-latvian-lithuanian-freelance-at-tilde-4449472193,Medical translator - Estonian/Latvian/Lithuanian - Freelance,Tilde,posted,2026-08-05T16:40:29.508203,1407
5f64e83f87335012,https://lv.linkedin.com/jobs/view/vado%C5%A1ais-izstr%C4%81d%C4%81t%C4%81js-arhitekts-individu%C4%81lie-risin%C4%81jumi-at-proof-it-4448848974,Vadošais izstrādātājs & Arhitekts [Individuālie Risinājumi],,scraped,2026-08-05T16:40:36.165375,
117cacf4f5899ab9,https://lv.linkedin.com/jobs/view/express-lube-technician-at-mills-automotive-group-4447307897,Express LUBE Technician,Mills Automotive Group,posted,2026-08-05T16:40:46.612746,164
e5dd0e41e86854f1,https://lv.linkedin.com/jobs/view/vizu%C4%81lais-dekorators-r%C4%ABga-plaza-pilna-slodze-at-h-m-4448964406,"Vizuālais Dekorators, Rīga Plaza (pilna slodze)",H&M,posted,2026-08-05T16:41:06.838258,1409
37a4e4a8ab83b323,https://lv.linkedin.com/jobs/view/vec%C4%81kais-%C4%81-konsultants-e-vad%C4%ABbas-konsult%C4%81ciju-komand%C4%81-at-pwc-latvija-4411083919,Vecākais/-ā konsultants/-e Vadības konsultāciju komandā,PwC Latvija,posted,2026-08-05T16:41:19.077937,1411
13f0450fe4e02a9b,https://lv.linkedin.com/jobs/view/google-cloud-platform-architect-remote-work-at-bairesdev-4447986989,Google Cloud Platform Architect - Remote Work,BairesDev,posted,2026-08-05T16:41:23.810453,1339
2937c7fb80f5da3a,https://lv.linkedin.com/jobs/view/darbs-r%C4%ABgas-centr%C4%81-industri%C4%81l%C4%81-objekt%C4%81-at-g4s-4446271730,"Darbs Rīgas centrā, industriālā objektā",G4S,posted,2026-08-05T16:41:42.099905,1413
2ce344f44ee9953e,https://lv.linkedin.com/jobs/view/mehatroni%C4%B7is-apmaks%C4%81ta-prakse-at-prakse-lv-4449636634,Mehatroniķis APMAKSĀTA PRAKSE,Prakse.lv,posted,2026-08-05T16:41:51.215892,1415
87aa7e86b104a9fe,https://lv.linkedin.com/jobs/view/view-more-job-vacancy-head-of-development-and-fundraising-%E2%80%93-global-grooves-at-saddleworth-independent-4447362130,View More Job Vacancy: Head of Development and Fundraising – Global Grooves,Saddleworth Independent,posted,2026-08-05T16:42:02.300435,1109
945b17db275bf4c6,https://lv.linkedin.com/jobs/view/%E2%9A%A1-angaj%C4%83m-electricieni-fire-alarm-%E2%9A%A1-at-green-speed-energy-international-4448548991,⚡ ANGAJĂM ELECTRICIENI FIRE ALARM ⚡,,scraped,2026-08-05T16:42:04.638722,
45b3789b147babcc,https://lv.linkedin.com/jobs/view/udstationering-i-letland-milit%C3%A6r-eller-civil-administrativ-medarbejder-til-det-danske-nationale-support-element-ved-multinational-division-north-at-forsvaret-4446720601,Udstationering i Letland - Militær eller civil administrativ medarbejder til det danske Nationale Support Element ved Multinational Division North,,scraped,2026-08-05T16:42:12.862324,
e2a054c3bf7777e5,https://lv.linkedin.com/jobs/view/senior-software-engineer-ai-interaction-evaluator-codex-claude-code-up-to-%24200-hr-at-g2i-inc-4447910242,"Senior Software Engineer - AI Interaction Evaluator (Codex / Claude Code, up to $200/hr)",G2i Inc.,posted,2026-08-05T16:42:29.755859,1417
d81da8bae3ee1bbd,https://lv.linkedin.com/jobs/view/p%C4%81rdev%C4%93js-a-circle-k-salaspils-nomet%C5%86u-iela-salaspils-at-circle-k-4447970816,"Pārdevējs/-a Circle K Salaspils (Nometņu iela, Salaspils)",,scraped,2026-08-05T16:42:34.399464,
63d40193db672a54,https://lv.linkedin.com/jobs/view/vessium-at-the-agentic-era-4449465331,Vessium,The Agentic Era,posted,2026-08-07T10:35:40.946287,1419
afa2b4ff02d20876,https://lv.linkedin.com/jobs/view/join-our-team-as-a-woodland-carbon-code-coordinator-at-uk-woodland-carbon-code-4447307654,Join our team as a Woodland Carbon Code Coordinator,,scraped,2026-08-07T10:35:43.659768,
b0ae5ca699b7dd1d,https://lv.linkedin.com/jobs/view/scan-to-apply-on-tiktok-at-rtfm-4447319013,Scan to Apply on TikTok,RTFM,posted,2026-08-07T10:35:56.468099,1421
831fa204e04ec6e8,https://lv.linkedin.com/jobs/view/taps%C4%93t%C4%81js-a-at-r%C4%ABgas-satiksme-4448914376,TAPSĒTĀJS / -A,,scraped,2026-08-07T10:35:59.047785,
5c33e287e01bc705,https://lv.linkedin.com/jobs/view/toyota-at-clarklift-of-florida-inc-4449975428,Toyota,Clarklift of Florida Inc.,posted,2026-08-07T10:36:08.677655,597
2496df48e18d1070,https://lv.linkedin.com/jobs/view/darbs-r%C4%ABg%C4%81-purvciem%C4%81-kontroles-grup%C4%81-at-g4s-4448704367,"Darbs Rīgā, Purvciemā kontroles grupā.",G4S,posted,2026-08-07T10:36:20.994706,1423
b8477307b86f7148,https://lv.linkedin.com/jobs/view/qr-code-generator-at-tss-testing-4447395566,QR Code Generator,TSS testing,posted,2026-08-07T10:36:29.494438,1425
1714e8e01f8a8224,https://lv.linkedin.com/jobs/view/lv%3D-plt-at-powering-change-team-million-makers-4449494096,Lv= Plt,Powering Change Team - Million Makers,posted,2026-08-07T10:36:38.147797,1427
b280e0c543ff6a72,https://lv.linkedin.com/jobs/view/seja-um-fornecedor-at-manuseg-4449901554,Seja um fornecedor,,scraped,2026-08-07T10:36:46.763532,
6e7d117ade52408d,https://lv.linkedin.com/jobs/view/office-manager-at-chili-labs-4448425586,Office Manager,,scraped,2026-08-07T10:36:53.929701,
2726506bd8362c87,https://lv.linkedin.com/jobs/view/business-developer-at-coca-cola-hbc-4448871925,Business Developer,,scraped,2026-08-07T10:37:00.977040,
01dd1a6488a1e62f,https://lv.linkedin.com/jobs/view/peaches%E2%80%94no-lube-so-rude-at-okaystudio-4450086045,Peaches—No Lube So Rude,,scraped,2026-08-07T10:37:09.525064,
dbcda4470ac528cf,https://lv.linkedin.com/jobs/view/cx-system-administrator-junior-mid-level-at-fyul-4449677000,CX System Administrator (Junior/Mid-Level),FYUL,posted,2026-08-07T10:37:22.288084,1429
09a0a514ba214ca5,https://lv.linkedin.com/jobs/view/noliktavas-darbinieks-at-the-berner-group-4448039312,Noliktavas darbinieks,The Berner Group,posted,2026-08-07T10:37:33.927976,1431
37e2d8f70d088da7,https://lv.linkedin.com/jobs/view/clearance-administrator-associate-at-fedex-4440507275,Clearance Administrator-Associate,FedEx,posted,2026-08-07T10:37:42.798087,1433
0221d18c12d8d9b3,https://lv.linkedin.com/jobs/view/talantu-piesaistes-partneris-at-kinetics-modern-nail-brand-4450265373,Talantu piesaistes partneris,Kinetics. Modern nail brand,posted,2026-08-07T10:37:54.711318,1435
3654d325fb34b4e5,https://lv.linkedin.com/jobs/view/produkta-%C4%ABpa%C5%A1nieks-ce-at-tet-lv-4448556572,Produkta īpašnieks/-ce,,scraped,2026-08-07T10:37:57.336538,
882bbbacdda78700,https://lv.linkedin.com/jobs/view/the-jojoba-company-promo-code-get-10%25-off-sitewide-with-the-jojoba-company-welcome-offer-for-new-skincare-shoppers-at-collectoffers-com-4449676522,The Jojoba Company Promo Code - Get 10% OFF Sitewide with The Jojoba Company Welcome Offer for New Skincare Shoppers,CollectOffers.com,posted,2026-08-07T10:38:11.239814,1437
2920954412729ea1,https://lv.linkedin.com/jobs/view/aog-desk-buyer-material-planner-at-norse-atlantic-airways-4447992202,AOG Desk Buyer & Material Planner,Norse Atlantic Airways,posted,2026-08-07T10:38:22.785149,1439
8119e13a6b5d76b8,https://lv.linkedin.com/jobs/view/trade-compliance-specialist-at-allnex-4430379964,Trade Compliance Specialist,,scraped,2026-08-07T10:38:27.413771,
2b948034e265f1c1,https://lv.linkedin.com/jobs/view/ga%C4%BCas-produktu-izgatavot%C4%81js-ja-desu-s%C4%93j%C4%93js-ja-at-forevers-4448067094,Gaļas produktu izgatavotājs/-ja (desu sējējs/-ja),,scraped,2026-08-07T10:38:36.108700,
f21debc46e77c2dd,https://lv.linkedin.com/jobs/view/rezerves-da%C4%BCu-noliktavas-speci%C4%81lists-at-moller-auto-baltic-4448906452,Rezerves daļu noliktavas speciālists,,scraped,2026-08-07T10:38:48.563830,
3aba238d4e19df77,https://lv.linkedin.com/jobs/view/project-manager-bilingual-%E2%80%93-english-russian-ukrainian-at-insideout-4448081117,Project Manager (Bilingual – English & Russian/Ukrainian),InsideOut,posted,2026-08-07T10:39:02.944142,1441
9c7b6169065e1614,https://lv.linkedin.com/jobs/view/b%C5%ABvlaukuma-darba-aizsardz%C4%ABbas-vec%C4%81kais-%C4%81-speci%C4%81lists-e-at-erb-rail-4448307754,Būvlaukuma darba aizsardzības vecākais/ā speciālists/e,ERB Rail,posted,2026-08-07T10:39:15.430845,1443
b04609e14e07b41c,https://lv.linkedin.com/jobs/view/autovad%C4%ABt%C4%81js-%E2%80%93-ekspeditors-infrastrukt%C5%ABras-uztur%C4%93%C5%A1anas-da%C4%BC%C4%81-at-b%C4%93rnu-kl%C4%ABnisk%C4%81-universit%C4%81tes-slimn%C4%ABca-children-s-clinical-university-hospital-4447355434,Autovadītājs – ekspeditors Infrastruktūras uzturēšanas daļā,,scraped,2026-08-07T10:39:24.111091,
04860d637111c941,https://lv.linkedin.com/jobs/view/lindex-vizu%C4%81lais-noform%C4%93t%C4%81js-a-t-c-domina-at-lindex-4447969857,"Lindex vizuālais noformētājs/-a t/c ""Domina""",,scraped,2026-08-07T10:39:31.522031,
a2a571991ad19824,https://lv.linkedin.com/jobs/view/vec%C4%81kais-iepirkumu-speci%C4%81lists-e-at-aaf-international-american-air-filter-europe-dinair-4448565172,Vecākais iepirkumu speciālists/e,,scraped,2026-08-07T10:39:38.135587,
d65d8b6053b9cef2,https://lv.linkedin.com/jobs/view/vec%C4%81kais-atalgojuma-speci%C4%81lists-person%C4%81la-vad%C4%ABbas-da%C4%BC%C4%81-at-paula-stradi%C5%86a-kl%C4%ABnisk%C4%81-universit%C4%81tes-slimn%C4%ABca-4448971923,VECĀKAIS ATALGOJUMA SPECIĀLISTS Personāla vadības daļā,,scraped,2026-08-07T10:39:45.463721,
172355256b498797,https://lv.linkedin.com/jobs/view/vec%C4%81ko-sist%C4%93mu-administrators-e-at-latvijas-valsts-radio-un-telev%C4%ABzijas-centrs-4450086406,Vecāko sistēmu administrators/-e,,scraped,2026-08-07T10:39:54.039455,
21a1e42ab4518c3f,https://lv.linkedin.com/jobs/view/servisa-pakalpojumu-p%C4%81rdev%C4%93js-kurzemes-re%C4%A3ion%C4%81-at-scania-latvia-4450258589,Servisa pakalpojumu pārdevējs Kurzemes reģionā,,scraped,2026-08-07T10:40:13.350888,
f7fd867c3782d150,https://lv.linkedin.com/jobs/view/office-administrator-at-ey-4446645692,Office administrator,EY,posted,2026-08-07T10:40:30.392219,1445
f76e03c3332fd15f,https://lv.linkedin.com/jobs/view/sales-specialist-at-baltic-express-lv-4448028057,Sales Specialist,Baltic Express LV,posted,2026-08-07T10:41:07.368433,1447
a0517d5e6c2e715f,https://lv.linkedin.com/jobs/view/jurists-at-deloitte-4450273305,Jurists,Deloitte,posted,2026-08-07T10:41:12.369303,34
9589cede3b80bd72,https://lv.linkedin.com/jobs/view/join-invego-latvia-%E2%80%93-sales-consultant-at-invego-4446643640,Join INVEGO Latvia – Sales Consultant,,scraped,2026-08-07T10:41:23.066382,
6bcd3f27a40f40e6,https://lv.linkedin.com/jobs/view/sell-house-with-code-violations-at-rochester-home-buyers-4448114118,Sell House with Code Violations,Rochester Home Buyers,posted,2026-08-07T10:41:33.002848,1209
6d09f372a7e57c6e,https://lv.linkedin.com/jobs/view/servicio-andaluz-de-salud-at-sae-catalunya-4447653743,SERVICIO ANDALUZ DE SALUD,,scraped,2026-08-07T10:41:35.547058,
0f51de7ab97d0ffc,https://lv.linkedin.com/jobs/view/b2b-kan%C4%81lu-vad%C4%ABt%C4%81js-a-at-stenders-4448407103,B2B kanālu vadītājs/a,,scraped,2026-08-07T10:41:42.534285,
83b7eec04ee6efaa,https://lv.linkedin.com/jobs/view/%C4%B7emeru-nacion%C4%81l%C4%81-par-ka-fonda-direktors-4445859397,Ķemeru Nacionālā par ka FONDA direktors,Kemeri National Park Fund,posted,2026-08-07T10:41:59.837817,1449
a8f4d1d57446afe9,https://lv.linkedin.com/jobs/view/p%C4%81rdo%C5%A1anas-eksperts-ar-priv%C4%81tperson%C4%81m-at-tele2-latvia-4363443766,Pārdošanas eksperts (ar privātpersonām),,scraped,2026-08-07T10:42:02.431095,
70c1886bfb1f00b2,https://lv.linkedin.com/jobs/view/biznesa-partneru-atbalasta-speci%C4%81lists-at-esto-group-4449796269,Biznesa partneru atbalasta speciālists,,scraped,2026-08-07T10:42:10.399686,
6930e2901b6c6b27,https://lv.linkedin.com/jobs/view/iot-commercial-manager-at-tele2-4448151825,IoT Commercial Manager,,scraped,2026-08-07T10:42:17.050234,
7b6c8bb15ce9efae,https://lv.linkedin.com/jobs/view/application-support-specialist-2nd-line-up-to-26k%21-at-boston-link-4448839525,Application Support Specialist (2nd Line) - up to 26k!,,scraped,2026-08-07T10:42:24.154217,
00a09e1ef6069ae4,https://lv.linkedin.com/jobs/view/treasury-funding-lead-at-lionpro-4446618933,Treasury & Funding Lead,,scraped,2026-08-07T10:42:33.576061,
73cbc175e02e2001,https://lv.linkedin.com/jobs/view/apsargs-br%C4%ABv%C4%ABbas-gatv%C4%93-at-g4s-4446282466,Apsargs Brīvības gatvē,G4S,posted,2026-08-07T10:42:53.080197,1451
f0c393e10b6bae4d,https://lv.linkedin.com/jobs/view/darbs-apsargam-koknes%C4%93-at-g4s-4448488670,Darbs apsargam Koknesē,G4S,posted,2026-08-07T10:43:06.898544,1453
187482dbd7937593,https://lv.linkedin.com/jobs/view/darbs-sald%C5%AB-at-g4s-4448498521,Darbs Saldū,G4S,posted,2026-08-07T10:43:19.511259,1455
78d094714c8a2dbe,https://lv.linkedin.com/jobs/view/apsargs-r%C4%ABgas-centr%C4%81-tirdzniec%C4%ABbas-objekt%C4%81-at-g4s-4448484916,"Apsargs Rīgas centrā, tirdzniecības objektā",G4S,posted,2026-08-07T10:43:31.566941,1457
e19f01fc45d86987,https://lv.linkedin.com/jobs/view/jaunas-darba-iesp%C4%93jas%21-n%C4%81c-m%C4%81c%C4%ABties-par-trolejbusa-vad%C4%ABt%C4%81ju%21ties-par-trolejbusu-vad%C4%ABt%C4%81ju-no-21-gada-bez-b-kategorijas-at-r%C4%ABgas-satiksme-4449738502,"Jaunas darba iespējas! Nāc mācīties par trolejbusa vadītāju!ties par TROLEJBUSU VADĪTĀJU (no 21 gada, bez B kategorijas)",,scraped,2026-08-07T10:43:34.354508,
85c023a58ea0b940,https://lv.linkedin.com/jobs/view/apsargs-%C4%B7%C4%ABpsal%C4%81-at-g4s-4448484963,Apsargs Ķīpsalā,G4S,posted,2026-08-07T10:43:50.671462,1459
ffe64365cf424006,https://lv.linkedin.com/jobs/view/apsargs-pilso%C5%86u-iel%C4%81-at-g4s-4448492578,Apsargs Pilsoņu ielā,G4S,posted,2026-08-07T10:44:03.033571,1461
b5e40c5c06378480,https://lv.linkedin.com/jobs/view/apsarga-darbs-r%C4%ABg%C4%81-aud%C4%93ju-iel%C4%81-at-g4s-4446282465,"Apsarga darbs Rīgā, Audēju ielā",G4S,posted,2026-08-07T10:44:15.316949,1463
08dbf53462c986a5,https://lv.linkedin.com/jobs/view/p%C4%81rdev%C4%93js-a-circle-k-kurbada-kurbada-iela-8-r%C4%ABga-at-circle-k-4447982071,"Pārdevējs/-a Circle K Kurbada (Kurbada iela 8, Rīga)",,scraped,2026-08-07T10:44:21.931312,
7d4f4dde70c24559,https://lv.linkedin.com/jobs/view/p%C4%81rdev%C4%93js-a-circle-k-m%C4%ABlgr%C4%81vis-m%C4%ABlgr%C4%81vja-iela-10-r%C4%ABga-at-circle-k-4449730896,"Pārdevējs/-a Circle K Mīlgrāvis (Mīlgrāvja iela 10, Rīga)",,scraped,2026-08-07T10:44:28.517475,
5b1af2ca1b538023,https://lv.linkedin.com/jobs/view/elektroatsl%C4%93dzniece-ks-at-r%C4%ABgas-satiksme-4448924309,ELEKTROATSLĒDZNIECE/-KS,,scraped,2026-08-07T10:44:34.889171,
6524d6efd8b9ec6d,https://lv.linkedin.com/jobs/view/operat%C4%ABv%C4%81-vad%C4%ABbas-centra-darbinieks-r%C4%ABg%C4%81-imant%C4%81-at-g4s-4448485831,"Operatīvā vadības centra darbinieks Rīgā, Imantā",G4S,posted,2026-08-07T10:44:53.277683,1465
13f4f8cb38d50995,https://lv.linkedin.com/jobs/view/the-jojoba-company-promo-code-save-20%25-on-the-jojoba-company-recovery-pair-to-hydrate-and-protect-your-skin-daily-at-collectoffers-com-4449670560,The Jojoba Company Promo Code - Save 20% on The Jojoba Company Recovery Pair to Hydrate and Protect Your Skin Daily,CollectOffers.com,posted,2026-08-07T10:45:02.347018,1467
9545cffadcf53394,https://lv.linkedin.com/jobs/view/digital-hr-analyst-at-allnex-4449139219,Digital HR Analyst,,scraped,2026-08-07T10:45:06.970067,
1cf49a3ec568f334,https://lv.linkedin.com/jobs/view/junior-consultant%E2%80%AFin-hr-administration-sweden-team-at-circle-k-4430588250,Junior Consultant in HR Administration Sweden team,,scraped,2026-08-07T10:45:20.211623,
d6369724b2bbd0e9,https://lv.linkedin.com/jobs/view/disku-mas%C4%ABvu-un-serveru-aparat%C5%ABras-administrators-e-at-tet-lv-4447135447,Disku masīvu un serveru aparatūras administrators/-e,,scraped,2026-08-07T10:45:30.575764,
804620a97f682cc3,https://lv.linkedin.com/jobs/view/sales-development-representative-at-appxite-4448768301,Sales Development Representative,,scraped,2026-08-07T10:45:54.293555,
782eb1eab365e0ae,https://lv.linkedin.com/jobs/view/klientu-konsultants-e-t-c-alfa-at-latvijas-mobilais-telefons-sia-4448237169,Klientu konsultants/-e t/c Alfa,,scraped,2026-08-07T10:46:01.283673,
f760a8fd328dba99,https://lv.linkedin.com/jobs/view/senior-controller-at-tieto-4448894002,Senior Controller,Tieto,posted,2026-08-07T10:46:15.762912,1469
0f4a966d97cc8ec0,https://lv.linkedin.com/jobs/view/klientu-administrators-fili%C4%81l%C4%93-anti-aging-institute-at-vesel%C4%ABbas-centrs-4-4448415393,"Klientu administrators filiālē ""Anti-Aging Institute""",,scraped,2026-08-07T10:46:20.358734,
addd8d56e7969955,https://lv.linkedin.com/jobs/view/seo-specialist-at-entez-4449997254,SEO Specialist,,scraped,2026-08-07T10:46:30.446166,
df5fa7a2c3a459c6,https://lv.linkedin.com/jobs/view/tiltu-b%C5%ABves-str%C4%81dnieks-ce-at-prakse-lv-4450262877,Tiltu būves strādnieks/-ce,Prakse.lv,posted,2026-08-07T10:46:45.643246,1471
9374bed02f236594,https://lv.linkedin.com/jobs/view/p%C4%81rdev%C4%93js-a-uz-atva%C4%BCin%C4%81juma-laiku-at-viet%C4%93jais-top%21-4448945974,Pārdevējs/-a (uz atvaļinājuma laiku),,scraped,2026-08-07T10:46:48.206739,
4bf4b3cd20af4243,https://lv.linkedin.com/jobs/view/cloud-partner-manager-at-promise-group-4450230953,Cloud Partner Manager,,scraped,2026-08-07T10:47:01.192572,
48996261a6b54333,https://lv.linkedin.com/jobs/view/monitoringa-risin%C4%81jumu-in%C5%BEenieris-e-at-latvijas-mobilais-telefons-sia-4447991300,Monitoringa risinājumu inženieris/-e,,scraped,2026-08-07T10:47:09.973391,
bfe1c8fc8ca6a027,https://lv.linkedin.com/jobs/view/emea-regional-finance-business-partner-at-cabot-corporation-4449003692,EMEA Regional Finance Business Partner,Cabot Corporation,posted,2026-08-07T10:47:25.857712,1473
d7972d47fe2ceffd,https://lv.linkedin.com/jobs/view/deputy-chief-operating-officer-at-airline-support-baltic-4448841229,Deputy Chief Operating Officer,,scraped,2026-08-07T10:47:28.517097,
a0c3387b70ae1dfe,https://lv.linkedin.com/jobs/view/clinical-chemistry-immunology-solution-marketing-manager-at-roche-4449065823,Clinical Chemistry & Immunology Solution Marketing Manager,,scraped,2026-08-07T10:47:36.236389,
9935bac634c27636,https://lv.linkedin.com/jobs/view/sales-manager-at-sareme-latvia-4445094290,Sales Manager,Sareme Latvia,posted,2026-08-07T10:47:49.181204,1183
972cdac4d97421b9,https://lv.linkedin.com/jobs/view/senior-marketing-strategist-at-capslock-4449655614,Senior Marketing Strategist,,scraped,2026-08-07T10:47:53.880727,
3834ccf7b2e1168a,https://lv.linkedin.com/jobs/view/sales-manager-at-evotym-4450024310,Sales Manager,,scraped,2026-08-07T10:48:02.005137,
cda524ae94eb8995,https://lv.linkedin.com/jobs/view/system-support-engineer-at-if-insurance-baltic-4448097988,System Support Engineer,,scraped,2026-08-07T10:48:08.594384,
6da730cd0e1ab0ed,https://lv.linkedin.com/jobs/view/person%C4%81la-biznesa-partneris-e-m%C4%81c%C4%ABbas-un-att%C4%ABst%C4%ABba-at-balta-apdro%C5%A1in%C4%81%C5%A1ana-4448272826,PERSONĀLA BIZNESA PARTNERIS/E (MĀCĪBAS UN ATTĪSTĪBA),BALTA apdrošināšana,posted,2026-08-07T10:48:35.608095,1475
0d5478844d85cfe2,https://lv.linkedin.com/jobs/view/darbs-%C4%B7%C4%ABpsal%C4%81-mai%C5%86u-vad%C4%ABt%C4%81jam-at-g4s-4448497519,Darbs Ķīpsalā maiņu vadītājam,G4S,posted,2026-08-07T10:48:48.076217,1477
b9c55cec5e2e5993,https://lv.linkedin.com/jobs/view/event-design-production-specialist-at-jobsinsas-com-4449306202,Event Design & Production Specialist,JobsInSAS.com,posted,2026-08-07T10:48:52.780642,1397
4aa3d73a1519af5b,https://lv.linkedin.com/jobs/view/oracle-pl-sql-developer-at-swedbank-latvija-4445513747,Oracle PL/SQL Developer,,scraped,2026-08-07T10:48:55.394340,
a9e0f77e6e5fb18d,https://lv.linkedin.com/jobs/view/vec%C4%81kais-re%C4%A3iona-komercklientu-dar%C4%ABjumu-vad%C4%ABt%C4%81js-a-at-balta-apdro%C5%A1in%C4%81%C5%A1ana-4448269929,Vecākais reģiona komercklientu darījumu vadītājs/a,BALTA apdrošināšana,posted,2026-08-07T10:49:15.780315,1479
d9e41bfb15d6adef,https://lv.linkedin.com/jobs/view/copywriter-meta-ads-webinar-funnels-at-recodemand-corp-4450047158,Copywriter - Meta Ads & Webinar Funnels,,scraped,2026-08-07T10:49:18.412925,
416f505332d79e89,https://lv.linkedin.com/jobs/view/projekt%C4%93t%C4%81js-konstruktors-4448728624,Projektētājs-konstruktors,SIA EcoHeatTechnologies,posted,2026-08-07T10:49:31.643903,1481
9f09ff949f71f49f,https://lv.linkedin.com/jobs/view/commercial-real-estate-agent-at-alcenza-properties-l-l-c-4445884271,commercial real estate agent,,scraped,2026-08-07T10:49:38.283656,
8e9329306e1947c7,https://lv.linkedin.com/jobs/view/sell-house-with-code-violations-at-lubbock-home-buyers-4449661530,Sell House with Code Violations,Lubbock Home Buyers,posted,2026-08-07T10:49:47.005941,1209
063531c89b27f975,https://lv.linkedin.com/jobs/view/projektu-vad%C4%ABt%C4%81js-a-at-citadele-banka-4448027224,Projektu vadītājs/-a,,scraped,2026-08-07T10:49:49.664128,
2f9f0f46f72a16ad,https://lv.linkedin.com/jobs/view/dienas-nometnes-vad%C4%ABt%C4%81ja-pal%C4%ABgs-asistents-at-prakse-lv-4450264460,Dienas nometnes vadītāja palīgs/asistents,Prakse.lv,posted,2026-08-07T10:50:12.886853,1483
93fd119ede9671cd,https://lv.linkedin.com/jobs/view/senior-growth-copywriter-at-petsmont-4448053030,Senior Growth Copywriter,Petsmont,posted,2026-08-07T10:50:22.640873,1485
3ef3b3de9e90b0a5,https://lv.linkedin.com/jobs/view/senior-fpga-team-lead-at-ast-spacemobile-4448851929,Senior FPGA Team Lead,AST SpaceMobile,posted,2026-08-07T10:50:33.914392,1487
d4e0be602be500bb,https://lv.linkedin.com/jobs/view/accounting-and-financial-reporting-team-lead-at-paybis-4446640240,Accounting and Financial Reporting Team Lead,,scraped,2026-08-07T10:50:36.553237,
af1bec83084ad0e3,https://lv.linkedin.com/jobs/view/senior-product-manager-at-toptal-4448681578,Senior Product Manager,Toptal,posted,2026-08-07T10:50:48.433603,1489
efa33e658277451c,https://lv.linkedin.com/jobs/view/chief-compliance-risk-officer-%E2%80%93-member-of-the-board-international-fintech-company-at-workingday-4445865828,Chief Compliance Risk Officer – Member of the Board - International fintech company,,scraped,2026-08-07T10:50:51.123885,
e192037f43a97606,https://lv.linkedin.com/jobs/view/remplir-le-formulaire-ci-dessous-pour-postuler-%C3%A0-cette-offre-at-visaltis-4450068007,Remplir le formulaire ci-dessous pour postuler à cette offre,Visaltis,posted,2026-08-07T10:51:04.705258,1491
7e4fcf9dcb0b8179,https://lv.linkedin.com/jobs/view/senior-cloud-infrastructure-engineer-at-avafin-4035226265,Senior Cloud Infrastructure Engineer,,scraped,2026-08-07T10:51:09.418097,
22e527c190ed0e8e,https://lv.linkedin.com/jobs/view/devops-engineer-defi-blockchain-at-expand-network-4447373599,DevOps Engineer (DeFi/Blockchain),expand.network,posted,2026-08-07T10:51:25.939428,1493
ae1469b9ff4765fc,https://lv.linkedin.com/jobs/view/head-of-brand-marketing-at-scrambly-4448046618,Head of Brand Marketing,,scraped,2026-08-07T10:51:28.547773,
829868cd78f19fb4,https://lv.linkedin.com/jobs/view/motion-designer-strategic-projects-at-welltech-4448310098,Motion Designer - Strategic Projects,,scraped,2026-08-07T10:51:35.032434,
ee7934d9ea4906fa,https://lv.linkedin.com/jobs/view/lead-ai-security-testing-engineer-at-epam-systems-4448710266,Lead AI Security Testing Engineer,EPAM Systems,posted,2026-08-07T10:51:49.403163,1495
c4a47f2711648478,https://lv.linkedin.com/jobs/view/translator-with-latvian-freelance-at-estorelabs-4450296659,Translator with Latvian | Freelance,,scraped,2026-08-07T10:51:54.085473,
24294144aad9f30e,https://lv.linkedin.com/jobs/view/translator-with-latvian-freelance-at-estorelabs-4450292769,Translator with Latvian | Freelance,,scraped,2026-08-07T10:52:01.428570,
75cd33e7dff36e80,https://lv.linkedin.com/jobs/view/backend-engineer-php-at-kasko-4448755153,Backend Engineer (PHP),,scraped,2026-08-07T10:52:12.625464,
2180ac2904f6c1c4,https://lv.linkedin.com/jobs/view/lead-ruby-on-rails-software-engineer-at-alex-staff-4446602486,Lead Ruby on Rails Software Engineer,Alex Staff,posted,2026-08-07T10:52:23.972108,1497
8199c56eaaa9c677,https://lv.linkedin.com/jobs/view/t%C4%ABkla-pl%C4%81no%C5%A1anas-in%C5%BEenieris-e-at-tet-lv-4447126683,Tīkla plānošanas inženieris/-e,,scraped,2026-08-07T10:52:28.586257,
0ada059012d6aaa3,https://lv.linkedin.com/jobs/view/m%C4%81sa-staru-terapijas-centr%C4%81-at-paula-stradi%C5%86a-kl%C4%ABnisk%C4%81-universit%C4%81tes-slimn%C4%ABca-4448977838,MĀSA Staru terapijas centrā,,scraped,2026-08-07T10:52:36.291446,
a8ec3fec2c9438d2,https://lv.linkedin.com/jobs/view/p%C4%81rdev%C4%93js-a-uz-atva%C4%BCin%C4%81juma-laiku-at-viet%C4%93jais-top%21-4448953820,Pārdevējs/-a (uz atvaļinājuma laiku),,scraped,2026-08-07T10:52:47.008821,
8a38acac0b7f16c9,https://lv.linkedin.com/jobs/view/infekciju-kontroles-m%C4%81sa-infekciju-slim%C4%ABbu-un-hospit%C4%81l%C4%81s-epidemolo%C4%A3ijas-konsultat%C4%ABvais-dienest%C4%81-at-paula-stradi%C5%86a-kl%C4%ABnisk%C4%81-universit%C4%81tes-slimn%C4%ABca-4449781652,INFEKCIJU KONTROLES MĀSA Infekciju slimību un hospitālās epidemoloģijas konsultatīvais dienestā,,scraped,2026-08-07T10:52:54.173126,
a493980d20f3f17a,https://lv.linkedin.com/jobs/view/%C4%81rsts-patologs-patolo%C4%A3ijas-instit%C5%ABt%C4%81-at-paula-stradi%C5%86a-kl%C4%ABnisk%C4%81-universit%C4%81tes-slimn%C4%ABca-4448984034,ĀRSTS PATOLOGS Patoloģijas institūtā,,scraped,2026-08-07T10:53:12.595355,
a571fa305dcfda18,https://lv.linkedin.com/jobs/view/statisti%C4%B7is-statistikas-un-datu-anal%C4%ABzes-noda%C4%BC%C4%81-at-paula-stradi%C5%86a-kl%C4%ABnisk%C4%81-universit%C4%81tes-slimn%C4%ABca-4448983148,STATISTIĶIS Statistikas un datu analīzes nodaļā,,scraped,2026-08-07T10:53:20.401282,
2183f2fc66f819dc,https://lv.linkedin.com/jobs/view/vec%C4%81kais-b%C5%ABvin%C5%BEenieris-e-br%C4%ABv%C4%ABbas-iel%C4%81-191-r%C4%ABga-at-r%C4%ABgas-satiksme-4448910467,"VECĀKAIS BŪVINŽENIERIS / E (Brīvības ielā 191, Rīga)",,scraped,2026-08-07T10:53:30.361700,
b02de31d4978643c,https://lv.linkedin.com/jobs/view/radiogr%C4%81fers-radiologa-asistents-diagnostisk%C4%81s-radiolo%C4%A3ijas-instit%C5%ABt%C4%81-at-paula-stradi%C5%86a-kl%C4%ABnisk%C4%81-universit%C4%81tes-slimn%C4%ABca-4448985028,RADIOGRĀFERS / RADIOLOGA ASISTENTS Diagnostiskās radioloģijas institūtā,,scraped,2026-08-07T10:53:37.614461,
021a91b730a93f38,https://lv.linkedin.com/jobs/view/%C4%81rsts-%E2%80%93neirologs-at-paula-stradi%C5%86a-kl%C4%ABnisk%C4%81-universit%C4%81tes-slimn%C4%ABca-4448976851,ĀRSTS –NEIROLOGS,,scraped,2026-08-07T10:53:45.606461,
b1f9d265faed423e,https://lv.linkedin.com/jobs/view/quality-assurance-engineer-engineering-lending-department-at-luminor-group-4449665623,Quality Assurance Engineer (Engineering Lending Department),Luminor Group,posted,2026-08-07T10:54:06.071801,1499
cee9776e42ad342c,https://lv.linkedin.com/jobs/view/%C4%81rsta-pal%C4%ABgs-mutes-sejas-un-%C5%BEok%C4%BCu-ak%C5%ABt%C4%81s-pal%C4%ABdz%C4%ABbas-da%C4%BC%C4%81-at-paula-stradi%C5%86a-kl%C4%ABnisk%C4%81-universit%C4%81tes-slimn%C4%ABca-4448973945,"Ārsta palīgs Mutes, sejas un žokļu akūtās palīdzības daļā",,scraped,2026-08-07T10:54:08.677192,
535464ee976f8064,https://lv.linkedin.com/jobs/view/head-of-product-marketing-financial-products-at-gomining-4449455579,Head of Product Marketing (Financial Products),,scraped,2026-08-07T10:54:16.765609,
1dc4b1f586625624,https://lv.linkedin.com/jobs/view/freelance-mobile-app-tester-remote-latvia-no-experience-required-at-acclaro-4450228269,"Freelance Mobile App Tester (Remote, Latvia) | No Experience Required",Acclaro,posted,2026-08-07T10:54:30.032238,1501
09497b6542be77cb,https://lv.linkedin.com/jobs/view/freelance-mobile-app-tester-remote-latvia-no-experience-required-at-acclaro-4450216423,"Freelance Mobile App Tester (Remote, Latvia) | No Experience Required",Acclaro,posted,2026-08-07T10:54:34.724803,1501
b5831f342a156d82,https://lv.linkedin.com/jobs/view/kvalit%C4%81tes-nodro%C5%A1in%C4%81%C5%A1anas-in%C5%BEenieris-e-kredit%C4%93%C5%A1anas-risin%C4%81jumu-izstr%C4%81des-noda%C4%BC%C4%81-at-luminor-group-4449195146,Kvalitātes nodrošināšanas inženieris/-e (Kreditēšanas risinājumu izstrādes nodaļā),Luminor Group,posted,2026-08-07T10:54:48.532861,1503
0a1c0daca5001fe9,https://lv.linkedin.com/jobs/view/sertific%C4%93ts-%C4%81rsts-neatliekam%C4%81s-medic%C4%ABnas-%C4%81rsts-un-%C4%81rsts-anesteziologs-reanimatologs-neatliekam%C4%81s-medic%C4%ABnas-centra-intens%C4%ABvaj%C4%81-pal%C4%81t%C4%81-at-paula-stradi%C5%86a-kl%C4%ABnisk%C4%81-universit%C4%81tes-slimn%C4%ABca-4448973956,"SERTIFICĒTS ĀRSTS (NEATLIEKAMĀS MEDICĪNAS ĀRSTS UN ĀRSTS ANESTEZIOLOGS, REANIMATOLOGS) Neatliekamās medicīnas centra Intensīvajā palātā",,scraped,2026-08-07T10:54:51.131723,
6a3a2f42e7d32edb,https://lv.linkedin.com/jobs/view/senior-software-engineer-data-platform-at-luminor-group-4365129330,Senior Software Engineer (Data Platform),Luminor Group,posted,2026-08-07T10:55:15.459587,1505
e63d2b396b8901cd,https://lv.linkedin.com/jobs/view/senior-ml-engineer-search-llm-ops-at-ravenpack-4448746086,Senior ML Engineer - Search & LLM Ops,,scraped,2026-08-07T10:55:18.181682,
c69915cc38766ef1,https://lv.linkedin.com/jobs/view/latvian-document-review-lawyer-for-remote-freelance-work-at-consilio-llc-4449624972,Latvian Document Review - Lawyer for remote freelance work,Consilio LLC,posted,2026-08-07T10:55:31.669975,1507
d9007e7e8c7750ca,https://lv.linkedin.com/jobs/view/customer-support-opportunities-in-lisbon-relocation-package-available-at-fh-collective-academy-4448251006,Customer Support Opportunities in Lisbon | Relocation Package Available,FH Collective - Academy,posted,2026-08-07T10:55:42.831442,1509
23f68f7417fb11cc,https://lv.linkedin.com/jobs/view/praktikants-e-digit%C4%81lo-m%C4%81c%C4%ABbu-satura-veido%C5%A1an%C4%81-at-tet-lv-4448573150,Praktikants/-e Digitālo mācību satura veidošanā,,scraped,2026-08-07T10:55:47.534343,
760e1a219b7b0040,https://lv.linkedin.com/jobs/view/ras%C4%93t%C4%81js-dizaineris-apmaks%C4%81ta-prakse-at-prakse-lv-4450279119,RASĒTĀJS DIZAINERIS APMAKSĀTA PRAKSE,Prakse.lv,posted,2026-08-07T10:56:01.955162,1511
a0a6775ffe84a660,https://lv.linkedin.com/jobs/view/remplir-le-formulaire-ci-dessous-pour-postuler-%C3%A0-cette-offre-at-visaltis-4450061113,Remplir le formulaire ci-dessous pour postuler à cette offre,Visaltis,scraped,2026-08-07T10:56:05.941238,
b1607a75e5f1f5a0,https://lv.linkedin.com/jobs/view/vacancy-%E2%80%93-aftercare-counsellor-at-brace-community-response-4450054387,Vacancy – Aftercare Counsellor,,scraped,2026-08-09T10:17:30.104461,
38cb58caeaf27644,https://lv.linkedin.com/jobs/view/nov%C4%93rt%C4%93t%C4%81js-a-nekustam%C4%81-%C4%ABpa%C5%A1uma-atjauno%C5%A1anas-projektos-at-lv-group-4448769761,Novērtētājs/-a nekustamā īpašuma atjaunošanas projektos,LV GROUP,posted,2026-08-09T10:17:55.519157,1513
5d70e2f1699bcb54,https://lv.linkedin.com/jobs/view/assistant-housekeeping-manager-at-royal-caribbean-group-4448257607,Assistant Housekeeping Manager,Royal Caribbean Group,posted,2026-08-09T10:18:19.304957,1515
ee4ed91f246c5b30,https://lv.linkedin.com/jobs/view/kategoriju-speci%C4%81lists-e-at-madara-cosmetics-4450225526,Kategoriju speciālists/-e,,scraped,2026-08-09T10:18:21.888708,
36c09748c0bbe34e,https://lv.linkedin.com/jobs/view/noliktavas-darbinieks-at-berner-produkten-4449647009,Noliktavas darbinieks,Berner Produkten b.v.,posted,2026-08-09T10:18:36.505800,1431
8373287d964090d2,https://lv.linkedin.com/jobs/view/junior-talent-acquisition-specialist-fixed-term-at-fyul-4450298259,Junior Talent Acquisition Specialist (fixed-term),FYUL,posted,2026-08-09T10:18:59.158667,1517
391d83bc960772c4,https://lv.linkedin.com/jobs/view/sap-abap-developer-at-accenture-baltics-4439467852,SAP ABAP Developer,Accenture Baltics,posted,2026-08-09T10:19:05.430261,500
8ed00fa5e2cd6500,https://lv.linkedin.com/jobs/view/unisex-dryblend%C2%AE-t-shirt-at-tees-n-more-4448427148,UNISEX DRYBLEND® T-SHIRT,Tees N More,posted,2026-08-09T10:19:16.813907,1519
57ad7c93c6d9e54b,https://lv.linkedin.com/jobs/view/audit-consultant-at-ey-4382458488,Audit Consultant,EY,posted,2026-08-09T10:19:29.831181,1521
ac9a5c3d0d8c23ac,https://lv.linkedin.com/jobs/view/iepirkumu-pl%C4%81no%C5%A1anas-vad%C4%ABt%C4%81js-at-sadales-t%C4%ABkls-4448718421,Iepirkumu plānošanas vadītājs,,scraped,2026-08-09T10:19:32.423692,
809014fc26230e94,https://lv.linkedin.com/jobs/view/%D1%82%D0%B5%D1%85%D0%BD%D0%B8%D0%BA-%D0%BF%D0%BE-%D1%83%D1%81%D1%82%D0%B0%D0%BD%D0%BE%D0%B2%D0%BA%D0%B5-%D0%BA%D0%BE%D1%84%D0%B5%D0%B5%D0%BD-%D1%81%D0%B0%D0%BC%D0%BE%D0%BE%D0%B1%D1%81%D0%BB%D1%83%D0%B6%D0%B8%D0%B2%D0%B0%D0%BD%D0%B8%D1%8F-at-easyvending-4451099936,Техник по установке кофеен самообслуживания,,scraped,2026-08-09T10:19:41.856067,
0466e9bf019eb0fa,https://lv.linkedin.com/jobs/view/project-manager-bilingual-%E2%80%93-english-russian-ukrainian-at-insideout-4448798727,Project Manager (Bilingual – English & Russian/Ukrainian),InsideOut,posted,2026-08-09T10:19:51.942555,1441
1295c3b95da916c0,https://lv.linkedin.com/jobs/view/sales-support-executive-baltics-at-mars-4450347679,Sales Support Executive Baltics,Mars,posted,2026-08-09T10:19:56.954124,452
188078d5ad465967,https://lv.linkedin.com/jobs/view/https-restaurantsmalta-com-restaurant-madliena-lodge-at-restaurantsmalta-4449459550,https://restaurantsmalta.com/restaurant/madliena-lodge/,,scraped,2026-08-09T10:20:05.528034,
45804480173ad8b1,https://lv.linkedin.com/jobs/view/front-office-receptionist-at-a22-hotel-4448748623,Front Office Receptionist,,scraped,2026-08-09T10:20:14.627357,
7346ef2049b20039,https://lv.linkedin.com/jobs/view/sap-logistics-functional-consultant-at-accenture-baltics-4451001132,SAP Logistics Functional consultant,Accenture Baltics,posted,2026-08-09T10:20:31.374567,1523
6d0c93cff51e4214,https://lv.linkedin.com/jobs/view/key-account-manager-at-unilever-4448536138,Key Account Manager,Unilever,posted,2026-08-09T10:20:37.730180,480
61ebb4025b547e0e,https://lv.linkedin.com/jobs/view/business-support-specialist-biznesa-atbalsta-speci%C4%81lists-e-at-mapon-4449131377,Business Support Specialist | Biznesa atbalsta speciālists/-e,,scraped,2026-08-09T10:20:46.302793,
de9c2fad86867b79,https://lv.linkedin.com/jobs/view/tirdzniec%C4%ABbas-p%C4%81rst%C4%81vis-e-mened%C5%BEeris-e-r%C4%ABga-vidzeme-latgale-at-dans-g-4449202124,TIRDZNIECĪBAS PĀRSTĀVIS/-E (MENEDŽERIS/-E) (Rīga/Vidzeme/Latgale),,scraped,2026-08-09T10:21:00.020297,
7d59b35f5d5f2dc6,https://lv.linkedin.com/jobs/view/customer-support-specialist-at-scoro-4450097504,Customer Support Specialist,,scraped,2026-08-09T10:21:07.814916,
0b9fc27b0c00ecce,https://lv.linkedin.com/jobs/view/secretary-at-veikals-%C5%BEen%C4%93va-4447376622,Secretary,"Veikals ""Ženēva""",posted,2026-08-09T10:21:32.337948,1525
fb27599e4c1e3692,https://lv.linkedin.com/jobs/view/field-service-engineer-at-alfa-laval-4421847543,Field Service Engineer,,scraped,2026-08-09T10:21:34.918615,
bed1db09dbd76b06,https://lv.linkedin.com/jobs/view/talent-acquisition-assistant-at-kronus-4448821835,TALENT ACQUISITION ASSISTANT,,scraped,2026-08-09T10:21:43.518408,
a6f1f58b941bfa0b,https://lv.linkedin.com/jobs/view/frizieri-uz-zieme%C4%BCvalst%C4%ABm-at-eutalents-4450940039,Frizieri uz Ziemeļvalstīm,,scraped,2026-08-09T10:21:52.507471,
b2a8dee8bb318ddb,https://lv.linkedin.com/jobs/view/consumer-research-manager-at-gomining-4448745676,Consumer Research Manager,,scraped,2026-08-09T10:21:59.389182,
bcfb504e923a4a79,https://lv.linkedin.com/jobs/view/tax-manager-at-strategic-staffing-solutions-4448872180,TAX Manager,Strategic Staffing Solutions,posted,2026-08-09T10:22:12.040567,1527
0ce7660e0331b472,https://lv.linkedin.com/jobs/view/junior-customer-operations-specialist-at-epson-europe-b-v-4448870345,Junior Customer Operations Specialist,,scraped,2026-08-09T10:22:16.645180,
854a6b33c1b7c3fc,https://lv.linkedin.com/jobs/view/apsargs-valmier%C4%81-at-g4s-4446278629,Apsargs Valmierā,G4S,posted,2026-08-09T10:22:36.239903,1529
58d569a0176b4458,https://lv.linkedin.com/jobs/view/darbs-r%C4%ABg%C4%81-teik%C4%81-modern%C4%81-kompleks%C4%81-at-g4s-4446271763,"Darbs Rīgā, Teikā, modernā kompleksā",G4S,posted,2026-08-09T10:22:52.722378,1531
b7f978889ce66e94,https://lv.linkedin.com/jobs/view/darbs-r%C4%ABg%C4%81-teik%C4%81-modern%C4%81-kompleks%C4%81-at-g4s-4448499536,"Darbs Rīgā, Teikā, modernā kompleksā",G4S,scraped,2026-08-09T10:23:00.339275,
9cf72b1e89c51284,https://lv.linkedin.com/jobs/view/apsargs-liep%C4%81j%C4%81-at-g4s-4446276674,Apsargs Liepājā,G4S,posted,2026-08-09T10:23:12.540672,1533
67a3d5e3730f6f75,https://lv.linkedin.com/jobs/view/apsargs-br%C4%ABv%C4%ABbas-gatv%C4%93-at-g4s-4448494538,Apsargs Brīvības gatvē,G4S,posted,2026-08-09T10:23:26.630634,1535
7d8c8d07e0294bb5,https://lv.linkedin.com/jobs/view/apsargs-industri%C4%81l%C4%81-objekt%C4%81-%C4%B7%C4%ABpsal%C4%81-at-g4s-4448497513,Apsargs industriālā objektā Ķīpsalā,G4S,posted,2026-08-09T10:23:41.453754,1537
67af31f3a510590c,https://lv.linkedin.com/jobs/view/p%C4%81rdev%C4%93js-a-kr%C4%81v%C4%93js-a-at-viet%C4%93jais-top%21-4450728624,"Pārdevējs/-a, Krāvējs/-a",,scraped,2026-08-09T10:23:44.060045,
2b381c17eb6eaa97,https://lv.linkedin.com/jobs/view/vad%C4%ABt%C4%81js-a-p%C4%81rtikas-ra%C5%BEo%C5%A1anas-cehos-at-viet%C4%93jais-top%21-4449662538,Vadītājs/-a pārtikas ražošanas cehos,,scraped,2026-08-09T10:23:55.090709,
19eb4fee88ed48c6,https://lv.linkedin.com/jobs/view/remontatsl%C4%93dzniece-ks-at-r%C4%ABgas-satiksme-4448913418,REMONTATSLĒDZNIECE/-KS,,scraped,2026-08-09T10:24:02.002497,
fe33c52b7f3879bc,https://lv.linkedin.com/jobs/view/gr%C4%81matvedis-e-darba-samaksas-uzskaites-noda%C4%BC%C4%81-at-r%C4%ABgas-satiksme-4448927265,GRĀMATVEDIS/-E (Darba samaksas uzskaites nodaļā),,scraped,2026-08-09T10:24:08.947844,
1620cf25769121fe,https://lv.linkedin.com/jobs/view/virsb%C5%ABvju-metin%C4%81t%C4%81js-a-autobusu-remontdarbn%C4%ABc%C4%81s-kleistu-iel%C4%81-28-r%C4%ABg%C4%81-at-r%C4%ABgas-satiksme-4448914378,"VIRSBŪVJU METINĀTĀJS / -A (Autobusu remontdarbnīcās Kleistu ielā 28, Rīgā)",,scraped,2026-08-09T10:24:15.893953,
6c9fb0b8a28d74e1,https://lv.linkedin.com/jobs/view/p%C4%81rdev%C4%93js-a-talsi-at-forevers-4447303023,Pārdevējs/-a (Talsi),,scraped,2026-08-09T10:24:26.796160,
1dcad7c9ddb836a3,https://lv.linkedin.com/jobs/view/bistro-pakalpojumu-darbinieks-ce-boulinga-operators-e-at-viet%C4%93jais-top%21-4449352983,"Bistro pakalpojumu darbinieks/-ce, Boulinga operators/-e",,scraped,2026-08-09T10:24:42.662734,
49bbf951e6fc86aa,https://lv.linkedin.com/jobs/view/kabe%C4%BCu-l%C4%ABniju-iecirk%C5%86a-meistars-e-at-r%C4%ABgas-satiksme-4448929206,KABEĻU LĪNIJU IECIRKŅA MEISTARS /-E,,scraped,2026-08-09T10:24:49.435437,
2d08920381d1d64c,https://lv.linkedin.com/jobs/view/pl%C4%81no%C5%A1anas-un-produktu-vad%C4%ABt%C4%81js-a-at-mb-betons-4448115625,Plānošanas un produktu vadītājs/-a,,scraped,2026-08-09T10:24:56.274421,
d636325fc23da76c,https://lv.linkedin.com/jobs/view/mazlietotu-automobi%C4%BCu-tirdzniec%C4%ABbas-konsultants-e-ventspil%C4%AB%0A-%0A%0A-%0Atirdzniec%C4%ABba%0A%0A-%C2%B7%0A%0A-moller-auto-ventspils-volkswagen-at-moller-auto-baltic-4449050887,"Mazlietotu automobiļu tirdzniecības konsultants/-e Ventspilī
    

    
Tirdzniecība

  ·

    Moller Auto Ventspils, Volkswagen",,scraped,2026-08-09T10:25:04.839038,
91fa189b8106500f,https://lv.linkedin.com/jobs/view/gaisvadu-l%C4%ABniju-elektromontieris-e-at-r%C4%ABgas-satiksme-4448911473,GAISVADU LĪNIJU ELEKTROMONTIERIS/-E,,scraped,2026-08-09T10:25:13.620529,
7e5b377fb2d068b8,https://lv.linkedin.com/jobs/view/ikdienas-pakalpojumu-konsultants-e-seb-r%C4%ABga-at-seb-latvija-4450306312,"Ikdienas pakalpojumu konsultants/-e | SEB, Rīga",,scraped,2026-08-09T10:25:22.432505,
6b0a45376d276a18,https://lv.linkedin.com/jobs/view/projekta-vad%C4%ABt%C4%81ja-asistents-e-uz-noteiktu-laiku-1-5-gadi-at-mb-betons-4448111644,"Projekta vadītāja asistents/-e (uz noteiktu laiku, 1,5 gadi)",,scraped,2026-08-09T10:25:29.762254,
5e6c5f35be4965c0,https://lv.linkedin.com/jobs/view/blade-repair-engineer-at-aerones-4448993459,Blade Repair Engineer,,scraped,2026-08-09T10:25:36.460626,
250ec9d4dca3385d,https://lv.linkedin.com/jobs/view/frizieri-uz-norv%C4%93%C4%A3iju-at-eutalents-4450938060,Frizieri uz Norvēģiju,,scraped,2026-08-09T10:25:48.363988,
b86b7ebcb8ec862c,https://lv.linkedin.com/jobs/view/kravas-automobi%C4%BCa-vad%C4%ABt%C4%81js-apmaks%C4%81ta-prakse-ce-kategorija-at-prakse-lv-4450265363,"Kravas automobiļa vadītājs, apmaksāta prakse (CE kategorija).",Prakse.lv,posted,2026-08-09T10:26:07.414103,1539
a6e7962418453930,https://lv.linkedin.com/jobs/view/traktortehnikas-vad%C4%ABt%C4%81js-a-manipulatoram-un-ekskavatora-kausam-sia-baltic-burn-at-agrolats-group-4449227965,"Traktortehnikas vadītājs/-a (manipulatoram un ekskavatora kausam), SIA ""Baltic Burn""",,scraped,2026-08-09T10:26:16.009594,
8be958b9291cf2e6,https://lv.linkedin.com/jobs/view/in%C5%BEenieris-e-at-conexus-baltic-grid-as-4450588545,Inženieris/-e,,scraped,2026-08-09T10:26:29.466941,
944e39380af5bdfe,https://lv.linkedin.com/jobs/view/infrastructure-engineer-%E2%80%93-data-ai-platforms-at-accenture-baltics-4441105719,Infrastructure Engineer – Data & AI Platforms,Accenture Baltics,posted,2026-08-09T10:26:44.474507,1541
a5692b6fb254ad3c,https://lv.linkedin.com/jobs/view/b%C5%ABvniec%C4%ABbas-projektu-finan%C5%A1u-kontrolieris-e-at-tet-lv-4450322882,Būvniecības projektu finanšu kontrolieris/-e,,scraped,2026-08-09T10:26:57.027788,
410231ce7f37865e,https://lv.linkedin.com/jobs/view/digital-content-services-lead-at-roche-4390882352,Digital Content & Services Lead,,scraped,2026-08-09T10:27:06.638366,
b2a4dc050e7c2524,https://lv.linkedin.com/jobs/view/llm-genai-engineer-at-accenture-baltics-4441371239,LLM/GenAI engineer,Accenture Baltics,posted,2026-08-09T10:27:21.492860,1037
967959c23ac5c2d3,https://lv.linkedin.com/jobs/view/engineering-manager-ai-product-100%25-remote-emea-at-pragmatike-4449032874,Engineering Manager - AI Product (100% Remote EMEA),,scraped,2026-08-09T10:27:24.093016,
6f9714868fad0d53,https://lv.linkedin.com/jobs/view/qualified-heavy-vehicle-mechanic-queanbeyan-at-wagga-trucks-4449107390,Qualified Heavy Vehicle Mechanic - QUEANBEYAN,,scraped,2026-08-09T10:27:30.329492,
4ef3272dfd9a3ad2,https://lv.linkedin.com/jobs/view/product-security-engineer-at-gomining-4448843969,Product Security Engineer,,scraped,2026-08-09T10:27:36.583125,
b32033a599ab7a10,https://lv.linkedin.com/jobs/view/abap-tech-lead-at-epam-systems-4451045052,ABAP Tech Lead,EPAM Systems,posted,2026-08-09T10:27:53.038599,1021
9882b828c3530c57,https://lv.linkedin.com/jobs/view/java-programm%C4%93t%C4%81js-a-at-helmes-latvia-4447312615,Java programmētājs/-a,,scraped,2026-08-09T10:27:59.656435,
c00b93b6396dcbb9,https://lv.linkedin.com/jobs/view/grafikas-dizainers-at-sanders-4446246140,Grafikas dizainers,,scraped,2026-08-09T10:28:06.605843,
be7575f3f5dbbf2e,https://lv.linkedin.com/jobs/view/software-engineer-%E2%80%94-agentic-systems-ai-products-at-spotwise-ai-4449279907,Software Engineer — Agentic Systems & AI Products,,scraped,2026-08-09T10:28:23.177915,
b202a3c9bb4eceda,https://lv.linkedin.com/jobs/view/freelance-mobile-app-tester-remote-latvia-no-experience-required-at-acclaro-4450231291,"Freelance Mobile App Tester (Remote, Latvia) | No Experience Required",Acclaro,posted,2026-08-09T10:28:38.424391,1501
295ba3e2c1ad5028,https://lv.linkedin.com/jobs/view/freelance-mobile-app-tester-remote-latvia-no-experience-required-at-acclaro-4450212963,"Freelance Mobile App Tester (Remote, Latvia) | No Experience Required",Acclaro,posted,2026-08-09T10:28:43.374579,1501
87fb9aa20c449c5a,https://lv.linkedin.com/jobs/view/customer-support-operations-agent-dutch-speaker-at-bolt-4440233205,Customer Support Operations Agent - Dutch Speaker,,scraped,2026-08-09T10:28:46.084255,
5507fc33ccaa960b,https://lv.linkedin.com/jobs/view/software-engineer-%E2%80%93-code-analysis-specialization-at-securboration-4451016308,Software Engineer – Code Analysis Specialization,Securboration,posted,2026-08-09T10:29:07.428355,1543
c9127568c40b9f6d,https://lv.linkedin.com/jobs/view/it-projektu-vad%C4%ABt%C4%81js-a-at-r%C4%ABgas-satiksme-4448916383,IT PROJEKTU VADĪTĀJS /-A,,scraped,2026-08-09T10:29:12.044958,
0ad1985d585d70a4,https://lv.linkedin.com/jobs/view/m%C4%81sa-kl%C4%ABnisk%C4%81s-imunolo%C4%A3ijas-un-alergolo%C4%A3ijas-centr%C4%81-at-paula-stradi%C5%86a-kl%C4%ABnisk%C4%81-universit%C4%81tes-slimn%C4%ABca-4448981197,MĀSA Klīniskās imunoloģijas un alergoloģijas centrā,,scraped,2026-08-09T10:29:19.168583,
7e96400b861b40f5,https://lv.linkedin.com/jobs/view/vad%C4%ABbas-automatiz%C4%81cijas-sist%C4%93mu-in%C5%BEenieris-e-br%C4%ABv%C4%ABbas-iel%C4%81-191-r%C4%ABga-at-r%C4%ABgas-satiksme-4448909519,"VADĪBAS AUTOMATIZĀCIJAS SISTĒMU INŽENIERIS /-E (Brīvības ielā 191, Rīga)",,scraped,2026-08-09T10:29:27.571931,
01395e4f84995592,https://lv.linkedin.com/jobs/view/tehniskais-darbinieks-39-sirds-%C4%B7irur%C4%A3ijas-anesteziolo%C4%A3ijas-un-intens%C4%ABv%C4%81s-terapijas-noda%C4%BC%C4%81-at-paula-stradi%C5%86a-kl%C4%ABnisk%C4%81-universit%C4%81tes-slimn%C4%ABca-4448984022,TEHNISKAIS DARBINIEKS 39. Sirds ķirurģijas anestezioloģijas un intensīvās terapijas nodaļā,,scraped,2026-08-09T10:29:34.833905,
76e481248c5def4e,https://lv.linkedin.com/jobs/view/pam-security-engineer-at-luminor-group-4449482212,PAM Security Engineer,Luminor Group,posted,2026-08-09T10:29:59.711288,1545
ab0e850a4c709f32,https://lv.linkedin.com/jobs/view/chief-risk-officer-at-headhunters-hub-4448739578,Chief Risk Officer,,scraped,2026-08-09T10:30:04.333945,
6cbaa998e5b22c21,https://lv.linkedin.com/jobs/view/devops-engineer-cloud-platform-at-luminor-group-4442123388,DevOps Engineer (Cloud Platform),Luminor Group,posted,2026-08-09T10:30:24.788935,1547
1b965fd2a0c043a9,https://lv.linkedin.com/jobs/view/kl%C4%ABniskais-farmaceits-aptiek%C4%81-uz-noteiktu-laiku-at-paula-stradi%C5%86a-kl%C4%ABnisk%C4%81-universit%C4%81tes-slimn%C4%ABca-4448964951,KLĪNISKAIS FARMACEITS Aptiekā (uz noteiktu laiku),,scraped,2026-08-09T10:30:27.330796,
554162e5963ac1d4,https://lv.linkedin.com/jobs/view/ra%C5%BEo%C5%A1anas-un-noliktavas-uzskaites-speci%C4%81lists-e-praktikants-e-at-prakse-lv-4451325239,Ražošanas un noliktavas uzskaites speciālists/-e / praktikants/-e,Prakse.lv,posted,2026-08-09T10:30:41.745338,1549
f8f0da60dbb2f3f1,https://lv.linkedin.com/jobs/view/head-of-sales-emi-at-headhunters-hub-4446226199,Head of Sales - EMI,,scraped,2026-08-09T10:30:44.362840,
b09dee86160e5bfe,https://lv.linkedin.com/jobs/view/java-backend-developer-riga-at-headhunters-hub-4446652197,Java Backend Developer (Riga),,scraped,2026-08-09T10:30:56.339383,
1b6b263514dd42d1,https://lv.linkedin.com/jobs/view/neatliekam%C4%81s-medic%C4%ABnas-%C4%81rsts-un-vai-%C4%81rsts-internists-at-paula-stradi%C5%86a-kl%C4%ABnisk%C4%81-universit%C4%81tes-slimn%C4%ABca-4448965951,NEATLIEKAMĀS MEDICĪNAS ĀRSTS UN/VAI ĀRSTS INTERNISTS,,scraped,2026-08-09T10:31:02.545467,
f4b17e322ee4396a,https://lv.linkedin.com/jobs/view/lead-platform-security-engineer-at-epam-systems-4450938212,Lead Platform Security Engineer,EPAM Systems,posted,2026-08-09T10:31:32.619625,406
499056a4667d2b02,https://lv.linkedin.com/jobs/view/lead-platform-security-engineer-at-epam-systems-4451026905,Lead Platform Security Engineer,EPAM Systems,scraped,2026-08-09T10:31:36.730944,
d34a39bb183d69ba,https://www.linkedin.com/jobs/view/2024/,"1,000+Digital Design Engineer Jobs in United States",,failed|wp_post_failed,2026-08-09T10:31:41.183212,
b6a10dc292e20c76,https://www.linkedin.com/jobs/view/2025/,"1,000+Norton Museum Of Art Jobs in United States",,failed|wp_post_failed,2026-08-09T10:31:45.390686,
598a0c9278a113c4,https://lv.linkedin.com/jobs/view/clinical-translators-reviewers-freelance-%E2%80%93-english-to-latvian-latvia-at-icon-plc-4450215292,Clinical Translators & Reviewers (Freelance) – English to Latvian (Latvia),,scraped,2026-08-09T10:31:47.984051,
42e1ebd3defc6cb7,https://lv.linkedin.com/jobs/view/sap-consulting-trainee-at-epam-systems-4450929765,SAP Consulting Trainee,EPAM Systems,posted,2026-08-09T10:31:57.035566,1199
0bc8fc21153a291d,https://lv.linkedin.com/jobs/view/senior-full-stack-engineer-at-mwdn-4449758088,Senior Full Stack Engineer,MWDN,posted,2026-08-09T10:32:11.171947,1551
2ca8064418363a43,https://lv.linkedin.com/jobs/view/lead-ai-engineer-at-epam-systems-4451025884,Lead AI Engineer,EPAM Systems,posted,2026-08-09T10:32:16.212056,1249
b65e1b78d47e8202,https://lv.linkedin.com/jobs/view/net-full-stack-developer-with-next-js-at-if-insurance-baltic-4447373347,.NET Full-stack Developer with Next.js,,scraped,2026-08-09T10:32:22.845921,
322aba0af3e0347a,https://lv.linkedin.com/jobs/view/p%C4%81rdo%C5%A1anas-konsultants-15-20h-at-arket-4448147360,Pārdošanas konsultants 15-20h,ARKET,posted,2026-08-09T10:32:39.000334,1553
0631039a9de02ba8,https://lv.linkedin.com/jobs/view/algorithm-development-engineer-c%2B%2B-at-zippy-vision-4448752275,Algorithm Development Engineer (C++),,scraped,2026-08-09T10:32:53.599633,
38974c450211792a,https://lv.linkedin.com/jobs/view/senior-qa-engineer-with-automation-at-alex-staff-4446603138,Senior QA Engineer with Automation,Alex Staff,posted,2026-08-09T10:33:05.411665,1555
2d5b1c7914f84047,https://lv.linkedin.com/jobs/view/electrician-at-kincade-construction-4451087246,ELECTRICIAN,Kincade Construction,posted,2026-08-09T10:33:15.090402,1557
aca8847bce3edaa0,https://lv.linkedin.com/jobs/view/senior-developer-c%2B%2B-team-lead-at-zippy-vision-4448747276,Senior Developer (C++ Team Lead),,scraped,2026-08-09T10:33:17.705263,
9cfe4e36f48116ca,https://lv.linkedin.com/jobs/view/create-an-app-with-ai%E2%80%94no-coding-required-at-qailt-4449497000,Create an App with AI—No Coding Required,QAILT,posted,2026-08-11T10:34:37.494637,1559
0eb5898ddef94059,https://lv.linkedin.com/jobs/view/pav%C4%81ra-pal%C4%ABgs-dze-at-viet%C4%93jais-top%21-4451574228,Pavāra palīgs/dze,,scraped,2026-08-11T10:35:00.251008,
b1e3ad2547a3adc8,https://lv.linkedin.com/jobs/view/procurement-specialist-at-aerones-4451196317,Procurement specialist,,scraped,2026-08-11T10:35:15.935582,
a4f670732f242320,https://lv.linkedin.com/jobs/view/servisa-konsultants-e-p%C4%93rnciem%C4%81%0A-%0A%0A-%0Aserviss%0A%0A-%C2%B7%0A%0A-p%C4%93rnciems-at-moller-auto-baltic-4451424891,"Servisa konsultants/-e Pērnciemā
    

    
Serviss

  ·

    Pērnciems",,scraped,2026-08-11T10:35:26.397501,
b2be55395ff25cc7,https://lv.linkedin.com/jobs/view/policy-hacker-ai-automation-and-data-at-latvian-startup-association-startin-lv-4448794365,"Policy Hacker (AI, Automation and Data)",,scraped,2026-08-11T10:35:41.332606,
55e40c2da094293c,https://lv.linkedin.com/jobs/view/quality-assurance-specialist-at-fyul-4442195072,Quality Assurance Specialist,FYUL,posted,2026-08-11T10:36:06.065462,1561
f56c3480697373cc,https://lv.linkedin.com/jobs/view/credit-controller-at-rs-4451634670,Credit Controller,,scraped,2026-08-11T10:36:12.706786,
ef9e9c832f0a87cc,https://lv.linkedin.com/jobs/view/b2b-sales-representative-us-markets-eu-hours-flexible-us-overlap-at-the-customization-group-4444883883,"B2B Sales Representative, US Markets (EU Hours, Flexible US Overlap)",,scraped,2026-08-11T10:37:24.875627,
259a05a745f79835,https://lv.linkedin.com/jobs/view/gr%C4%81matvedis-at-kinetics-modern-nail-brand-4451520391,Grāmatvedis,Kinetics. Modern nail brand,posted,2026-08-11T10:37:41.745343,1563
3169c2de5f595a49,https://lv.linkedin.com/jobs/view/job-posting-%E2%80%94-operations-manager-athena-film-festival-at-athena-film-festival-4451324689,"JOB POSTING — OPERATIONS MANAGER, ATHENA FILM FESTIVAL",Athena Film Festival,posted,2026-08-11T10:37:46.515235,1099
3abac6a4dcc4fef6,https://lv.linkedin.com/jobs/view/junior-process-automation-specialist-at-q-beyond-riga-4449570652,Junior Process Automation Specialist,,scraped,2026-08-11T10:37:57.159847,
3ffeb4f19cbf86e1,https://lv.linkedin.com/jobs/view/kickstarter-in-finance-s%C4%81ciet-savu-karjeru-finan%C5%A1u-jom%C4%81-seb-riga-at-seb-latvija-4442588743,"Kickstarter in Finance / Sāciet savu karjeru finanšu jomā | SEB, Riga",,scraped,2026-08-11T10:38:20.101430,
7e3856682aee959c,https://lv.linkedin.com/jobs/view/iepirkumu-da%C4%BCas-vad%C4%ABt%C4%81js-a-at-as-r%C4%ABgas-siltums-4448766824,Iepirkumu daļas vadītājs/-a,,scraped,2026-08-11T10:38:36.961463,
107308d0e01144ca,https://lv.linkedin.com/jobs/view/senior-onboarding-specialist-at-libernetix-4451647369,Senior Onboarding Specialist,LIBERNETIX,posted,2026-08-11T10:38:53.284750,1565
78dbf7f6ee836f5b,https://lv.linkedin.com/jobs/view/person%C4%81la-administrat%C4%ABvais-%C4%81-speci%C4%81lists-e-at-playtech-latvia-4449567786,Personāla administratīvais/-ā speciālists/-e,Playtech Latvia,posted,2026-08-11T10:39:07.985271,1567
db14c867d06b7ed9,https://lv.linkedin.com/jobs/view/quality-manager-at-luminor-group-4451509772,Quality Manager,Luminor Group,posted,2026-08-11T10:40:22.833750,524
3b6901a00866fb96,https://lv.linkedin.com/jobs/view/lead-ppc-manager-at-scrambly-4448437194,Lead PPC Manager,,scraped,2026-08-11T10:40:25.520857,
8213d54cf2245022,https://lv.linkedin.com/jobs/view/kvalit%C4%81tes-vad%C4%ABt%C4%81js-a-at-luminor-group-4451183569,Kvalitātes Vadītājs/-a,Luminor Group,posted,2026-08-11T10:40:50.031201,1569
996dfec7293b622f,https://lv.linkedin.com/jobs/view/sales-manager-at-vegangster-4448408852,Sales Manager,Vegangster,posted,2026-08-11T10:40:58.778631,1183
7a5c98779a3b59eb,https://lv.linkedin.com/jobs/view/biznesa-partneru-atbalsta-speci%C4%81lists-at-esto-group-4449796269,Biznesa partneru atbalsta speciālists,,scraped,2026-08-11T10:41:01.368753,
71175c9f7f548585,https://lv.linkedin.com/jobs/view/financial-controller-at-brink%E2%80%99s-inc-4449556141,Financial Controller,Brink’s Inc,posted,2026-08-11T10:41:12.396823,386
beabadf9e37c856d,https://lv.linkedin.com/jobs/view/jaunas-darba-iesp%C4%93jas%21-n%C4%81c-m%C4%81c%C4%ABties-par-trolejbusa-vad%C4%ABt%C4%81ju%21-no-21-gada-un-bez-b-kategorijas-at-r%C4%ABgas-satiksme-4449738502,Jaunas darba iespējas! Nāc mācīties par trolejbusa vadītāju! No 21 gada un bez B kategorijas,,scraped,2026-08-11T10:41:18.987581,
fb84ac9021495113,https://lv.linkedin.com/jobs/view/specialist-credit-at-circle-k-4451419937,Specialist Credit,,scraped,2026-08-11T10:41:52.660173,
434fbeae7d610a3c,https://lv.linkedin.com/jobs/view/p%C4%81rdev%C4%93js-a-circle-k-jelgava-4-miera-iela-3b-jelgava-uz-noteiktu-laiku-l%C4%ABdz-2-09-2027-at-circle-k-4451622925,"Pārdevējs/-a Circle K Jelgava 4 ( Miera iela 3B, Jelgava) uz noteiktu laiku līdz 2.09.2027.",,scraped,2026-08-11T10:43:03.051357,
33d6f9e821c888d5,https://lv.linkedin.com/jobs/view/office-administrator-at-aerones-4452411851,Office Administrator,,scraped,2026-08-11T10:43:09.412640,
9de865f1b8fd2db9,https://lv.linkedin.com/jobs/view/p%C4%81rdev%C4%93js-a-at-viet%C4%93jais-top%21-4451553912,Pārdevējs/-a,,scraped,2026-08-11T10:43:23.142079,
2aa827c1002d6132,https://lv.linkedin.com/jobs/view/kvalit%C4%81tes-vad%C4%ABt%C4%81js-at-kinetics-modern-nail-brand-4451520441,Kvalitātes vadītājs,Kinetics. Modern nail brand,posted,2026-08-11T10:43:51.060831,1571
5b983ac50b049cf4,https://lv.linkedin.com/jobs/view/sist%C4%93manal%C4%ABti%C4%B7is-e-at-r%C4%ABgas-satiksme-4448929199,SISTĒMANALĪTIĶIS/-E,,scraped,2026-08-11T10:43:57.889889,
d7a691d006648dda,https://lv.linkedin.com/jobs/view/tehnisko-sist%C4%93mu-in%C5%BEenieris-e-at-r%C4%ABgas-satiksme-4448907587,TEHNISKO SISTĒMU INŽENIERIS/-E,,scraped,2026-08-11T10:44:05.232684,
063e4196765f3e84,https://lv.linkedin.com/jobs/view/pre%C4%8Du-grupas-p%C4%81rdo%C5%A1anas-speci%C4%81lists-jysk-veikal%C4%81-t-c-s%C4%81ga-at-jysk-baltics-4452449008,"Preču grupas pārdošanas speciālists JYSK veikalā T/C ""Sāga""",JYSK Baltics,posted,2026-08-11T10:44:22.710873,1573
bad4c2cfcf9b9b99,https://lv.linkedin.com/jobs/view/iek%C4%81rtu-meh%C4%81ni%C4%B7is-e-sia-baltic-burn-at-agrolats-group-4449239353,"Iekārtu mehāniķis/-e, SIA ""Baltic Burn""",AGROLATS GROUP,posted,2026-08-11T10:45:15.881319,1575
665a8660c0c0b33e,https://lv.linkedin.com/jobs/view/person%C4%81la-speci%C4%81lists-e-uz-noteiktu-laiku-at-inchcape-latvia-4450309974,PERSONĀLA SPECIĀLISTS/-E (UZ NOTEIKTU LAIKU),,scraped,2026-08-11T10:45:18.617047,
f6225fe827fe2ee0,https://lv.linkedin.com/jobs/view/credit-risk-modeller-data-scientist-at-luminor-group-4452138557,Credit Risk Modeller (Data Scientist),Luminor Group,posted,2026-08-11T10:46:38.670384,1065
9db5a671ac886f91,https://lv.linkedin.com/jobs/view/site-reliability-engineer-devops-at-ubiquiti-inc-4395231617,Site Reliability Engineer / DevOps,Ubiquiti Inc.,posted,2026-08-11T10:46:50.995854,1577
a88f0776b1a7dbc8,https://lv.linkedin.com/jobs/view/kategoriju-un-klientu-pied%C4%81v%C4%81jumu-da%C4%BCas-vad%C4%ABt%C4%81js-a-at-latvijas-mobilais-telefons-sia-4451432406,Kategoriju un klientu piedāvājumu daļas vadītājs / -a,,scraped,2026-08-11T10:46:57.575552,
09bcca11ee5899a9,https://lv.linkedin.com/jobs/view/customer-service-representative-norwegian-at-transcom-4447386692,Customer Service Representative - Norwegian,,scraped,2026-08-11T10:48:12.088746,
836e564f32a47a58,https://lv.linkedin.com/jobs/view/financial-analyst-at-evotym-4449328879,Financial Analyst,,scraped,2026-08-11T10:48:25.439035,
e927275759ea4857,https://lv.linkedin.com/jobs/view/project-manager-at-roche-4442741603,Project Manager,,scraped,2026-08-11T10:49:35.400295,
a432dd864961773b,https://lv.linkedin.com/jobs/view/annual-art-award-of-latvia-ceremony-%E2%80%93-rixc-festival-plants-intelligence-nomination-for-event-of-the-year-2025-at-rixc-centre-for-new-media-culture-4449411137,"Annual Art Award of Latvia Ceremony – RIXC Festival ""Plants Intelligence"" Nomination for ""Event of the Year 2025""",,scraped,2026-08-11T10:50:48.870357,
199959985ada0e08,https://lv.linkedin.com/jobs/view/noc-engineer-at-webbing-4176153161,NOC Engineer,Webbing,posted,2026-08-11T10:51:02.964936,1579
fdbfafd9108eb6f2,https://lv.linkedin.com/jobs/view/devops-engineer-with-kotlin-expertise-remote-europe-at-zimperium-4417731795,DevOps Engineer (with Kotlin expertise) - remote Europe,Zimperium,posted,2026-08-11T10:51:11.538964,1581
c0a975c62f032874,https://lv.linkedin.com/jobs/view/railway-signalling-engineer-at-linum-consult-4452415730,Railway Signalling Engineer,,scraped,2026-08-11T10:51:16.201127,
2933813b38524b47,https://lv.linkedin.com/jobs/view/specialist-finance-in-fuel-accounts-payable-team-at-circle-k-4439443683,Specialist Finance in Fuel Accounts Payable Team,,scraped,2026-08-11T10:51:28.428017,
2039ac00c5e48ae1,https://lv.linkedin.com/jobs/view/genai-forward-deployed-engineer-at-accenture-baltics-4404495319,GenAI Forward deployed Engineer,Accenture Baltics,posted,2026-08-11T10:53:56.778333,1583
c7ef4eede5db4b27,https://lv.linkedin.com/jobs/view/trade-marketing-manager-at-manpower-latvia-4451547089,Trade Marketing Manager,,scraped,2026-08-11T10:53:59.436769,
69951b18ede14554,https://lv.linkedin.com/jobs/view/product-security-technical-consultant-at-epam-systems-4452181393,Product Security Technical Consultant,EPAM Systems,posted,2026-08-11T10:55:16.663705,1255
0aee42bd35a20192,https://lv.linkedin.com/jobs/view/legal-counsel-emea-at-allnex-4449391506,Legal Counsel EMEA,,scraped,2026-08-11T10:55:19.345402,
c16e4e545fd6afcc,https://lv.linkedin.com/jobs/view/sales-representative-nordic-elxd-emea-at-eaton-4430605824,"Sales Representative, NORDIC, ELXD EMEA",Eaton,posted,2026-08-11T10:57:13.157402,593
f3bf9f616d6d7744,https://lv.linkedin.com/jobs/view/senior-financial-analyst-at-taltap-4449558798,Senior Financial Analyst,,scraped,2026-08-11T10:57:15.856501,
7e5b84e0ce4b89fb,https://lv.linkedin.com/jobs/view/junior-data-analyst-at-decta-4451174576,Junior Data Analyst,,scraped,2026-08-11T10:57:22.457792,
c2d6d0e262a9e781,https://lv.linkedin.com/jobs/view/clinical-lead-clinical-trial-manager-europe-talent-pipeline-opportunity-at-emerald-clinical-4451159727,Clinical Lead / Clinical Trial Manager (Europe) - Talent Pipeline Opportunity,,scraped,2026-08-11T10:58:38.280382,
c72bdb4d4cc3e78b,https://lv.linkedin.com/jobs/view/customer-success-manager-at-paymentology-4448753188,Customer Success Manager,,scraped,2026-08-11T10:59:48.718000,
b8ab0294038955af,https://lv.linkedin.com/jobs/view/event-design-production-specialist-at-psi-cro-4449578144,Event Design & Production Specialist,PSI CRO,posted,2026-08-11T11:02:44.992052,1397
7ef189a7cb95a997,https://lv.linkedin.com/jobs/view/cloud-solution-developer-m%C4%81ko%C5%86a-risin%C4%81jumu-izst%C4%81d%C4%81t%C4%81js-a-seb-riga-at-seb-latvija-4451647185,"Cloud Solution Developer / Mākoņa risinājumu izstādātājs/-a | SEB, Riga",,scraped,2026-08-11T11:02:49.617593,
282d10a4ded6ea41,https://lv.linkedin.com/jobs/view/safety-scientist-real-world-evidence-rwe-emea-at-thermo-fisher-scientific-4451653987,"Safety Scientist- Real World Evidence (RWE), EMEA",Thermo Fisher Scientific,posted,2026-08-11T11:04:04.108650,292
dd05bb53fe8a7647,https://lv.linkedin.com/jobs/view/senior-product-manager-live-casino-at-eyespy-recruitment-igaming-specialists-4451559447,Senior Product Manager (Live Casino),,scraped,2026-08-11T11:04:10.719068,
576c99cfb0850339,https://lv.linkedin.com/jobs/view/gnc-engineer-px4-flight-tuning-at-redwire-europe-4452194958,GNC Engineer-PX4 Flight Tuning,,scraped,2026-08-11T11:04:17.299866,
113950cc222e3a82,https://lv.linkedin.com/jobs/view/lead-system-engineer-uav-at-redwire-europe-4452425468,Lead System Engineer (UAV),,scraped,2026-08-11T11:04:28.263563,
bd97ba1645c07e68,https://lv.linkedin.com/jobs/view/ai-safety-practitioner-expert-evaluator-at-mercor-4452419474,AI Safety Practitioner - Expert Evaluator,Mercor,posted,2026-08-11T11:04:52.140860,1235
4456dba627881006,https://lv.linkedin.com/jobs/view/freelance-at-firstsource-4451156121,Freelance,,scraped,2026-08-11T11:04:54.815117,
07e6d770b0149f05,https://lv.linkedin.com/jobs/view/m%C4%81sa-onkolo%C4%A3ijas-un-hematolo%C4%A3ijas-centr%C4%81-at-paula-stradi%C5%86a-kl%C4%ABnisk%C4%81-universit%C4%81tes-slimn%C4%ABca-4448984031,MĀSA Onkoloģijas un hematoloģijas centrā,,scraped,2026-08-11T11:05:05.326324,
7746548249a58a73,https://lv.linkedin.com/jobs/view/ui-ux-designer-at-ubiquiti-inc-4395246147,UI/UX Designer,Ubiquiti Inc.,posted,2026-08-11T11:05:40.613425,1585
263e464e9f943467,https://lv.linkedin.com/jobs/view/%C4%81rsts-hematologs-onkolo%C4%A3ijas-un-hematolo%C4%A3ijas-centr%C4%81-at-paula-stradi%C5%86a-kl%C4%ABnisk%C4%81-universit%C4%81tes-slimn%C4%ABca-4449380305,ĀRSTS HEMATOLOGS Onkoloģijas un hematoloģijas centrā,,scraped,2026-08-11T11:05:47.291931,
ef4fa7b7adfc174b,https://lv.linkedin.com/jobs/view/presales-solution-consultant-%E2%80%93-data-and-ai-at-epam-systems-4450932543,Presales Solution Consultant – Data and AI,EPAM Systems,posted,2026-08-11T11:05:58.438442,625
42f3165d56b4220d,https://lv.linkedin.com/jobs/view/qa-automation-engineer-python-at-ubiquiti-inc-4395235575,QA Automation Engineer (Python),Ubiquiti Inc.,posted,2026-08-11T11:06:09.841952,1587
af35f0224237977d,https://lv.linkedin.com/jobs/view/manager-data-analytics-consulting-at-epam-systems-4450929760,"Manager, Data Analytics Consulting",EPAM Systems,posted,2026-08-11T11:06:14.734901,180
0917f4e6eacd025e,https://lv.linkedin.com/jobs/view/electronics-hardware-engineer-at-ubiquiti-inc-4395236600,Electronics Hardware Engineer,Ubiquiti Inc.,posted,2026-08-11T11:06:23.585858,1589
49a500599cf5543c,https://lv.linkedin.com/jobs/view/generative-ai-operations-engineer-genai-ops-at-epam-systems-4450934291,Generative AI Operations Engineer (GenAI Ops),EPAM Systems,posted,2026-08-11T11:06:31.595535,1591
80de3b636ad56566,https://lv.linkedin.com/jobs/view/mutes-sejas-un-%C5%BEok%C4%BCu-%C4%B7irurgs-de%C5%BE%C5%ABr%C4%81m-nmc-at-paula-stradi%C5%86a-kl%C4%ABnisk%C4%81-universit%C4%81tes-slimn%C4%ABca-4448981204,"Mutes, sejas un žokļu ķirurgs (dežūrām NMC)",,scraped,2026-08-11T11:06:36.220012,
914ad1aabbfb22bf,https://lv.linkedin.com/jobs/view/google-cloud-solution-architect-at-epam-systems-4452185278,Google Cloud Solution Architect,EPAM Systems,posted,2026-08-11T11:06:47.332401,787
3b3647d8b9e75cdc,https://lv.linkedin.com/jobs/view/klientu-apkalpo%C5%A1anas-speci%C4%81lists-noda%C4%BC%C4%81-klientu-inform%C4%81cijas-un-apkalpo%C5%A1anas-da%C4%BC%C4%81-uz-noteiktu-laiku-at-paula-stradi%C5%86a-kl%C4%ABnisk%C4%81-universit%C4%81tes-slimn%C4%ABca-4448972935,KLIENTU APKALPOŠANAS SPECIĀLISTS NODAĻĀ Klientu informācijas un apkalpošanas daļā (uz noteiktu laiku),,scraped,2026-08-11T11:06:49.935909,
60b5a59e897ded5d,https://lv.linkedin.com/jobs/view/%C4%81rsts-%C4%B7irurgs-%C4%B7irur%C4%A3ijas-kl%C4%ABnik%C4%81-darbam-de%C5%BE%C5%ABr%C4%81s-at-paula-stradi%C5%86a-kl%C4%ABnisk%C4%81-universit%C4%81tes-slimn%C4%ABca-4448976850,ĀRSTS ĶIRURGS Ķirurģijas klīnikā (darbam dežūrās),,scraped,2026-08-11T11:06:58.832224,
19fb22194bf2303e,https://lv.linkedin.com/jobs/view/sap-basis-architect-at-epam-systems-4450927831,SAP Basis Architect,EPAM Systems,posted,2026-08-11T11:07:10.057253,925
8c1e2dec97bb783c,https://lv.linkedin.com/jobs/view/commercial-delivery-manager-lending-solutions-at-headhunters-hub-4446648299,Commercial Delivery Manager - Lending Solutions,,scraped,2026-08-11T11:07:12.695579,
a6595eaf1e6ecbea,https://lv.linkedin.com/jobs/view/software-engineer-android-at-luminor-group-4441456368,Software Engineer (Android),Luminor Group,posted,2026-08-11T11:09:40.303576,1593
73a825ccbb87d625,https://lv.linkedin.com/jobs/view/software-engineer-c%2B%2B-at-ubiquiti-inc-4395235579,Software Engineer C++,Ubiquiti Inc.,posted,2026-08-11T11:09:49.392808,1595
405da5ab59787189,https://lv.linkedin.com/jobs/view/senior-data-scientist-at-epam-systems-4450944090,Senior Data Scientist,EPAM Systems,posted,2026-08-11T11:09:54.536977,290
61e6666088e0c224,https://lv.linkedin.com/jobs/view/senior-data-scientist-at-epam-systems-4450929764,Senior Data Scientist,EPAM Systems,scraped,2026-08-11T11:09:58.690866,
b8e4d41ce805380a,https://lv.linkedin.com/jobs/view/radiologa-asistents-radiog%C4%81fers-onkolo%C4%A3ijas-kl%C4%ABnik%C4%81-at-paula-stradi%C5%86a-kl%C4%ABnisk%C4%81-universit%C4%81tes-slimn%C4%ABca-4448980251,RADIOLOGA ASISTENTS / RADIOGĀFERS Onkoloģijas klīnikā,,scraped,2026-08-11T11:10:05.248472,
b91936283690773e,https://lv.linkedin.com/jobs/view/senior-backend-developer-at-expand-network-4447375513,Senior Backend Developer,expand.network,posted,2026-08-11T11:10:21.816968,1597
b54ff5af7a9f4720,https://lv.linkedin.com/jobs/view/pav%C4%81rs-apmaks%C4%81ta-prakse-at-prakse-lv-4451541824,Pavārs APMAKSĀTA PRAKSE,Prakse.lv,posted,2026-08-11T11:10:32.810244,1599
7754bb500d4f767e,https://lv.linkedin.com/jobs/view/translator-with-latvian-freelance-at-estorelabs-4450079008,Translator with Latvian | Freelance,,scraped,2026-08-11T11:10:35.419315,
5f0f687ec136d084,https://lv.linkedin.com/jobs/view/junior-gpi-risk-analyst-jaun%C4%81kais-gpi-riska-anal%C4%ABti%C4%B7is-e-at-evolution-4449576147,Junior GPI Risk Analyst/Jaunākais GPI riska analītiķis/-e,,scraped,2026-08-11T11:11:48.535128,
15d278e38dae765e,https://lv.linkedin.com/jobs/view/internship-in-talent-acquisition-at-ssi-sch%C3%A4fer-4448970182,Internship in Talent Acquisition,,scraped,2026-08-11T11:12:59.532157,
de82fee5da2d8003,https://lv.linkedin.com/jobs/view/p%C4%81rtikas-tehnologs-apmaks%C4%81ta-prakse-at-prakse-lv-4451533936,Pārtikas tehnologs APMAKSĀTA PRAKSE,Prakse.lv,posted,2026-08-11T11:14:18.801938,1601
9c1e32d870b8ed22,https://lv.linkedin.com/jobs/view/senior-devops-engineer-at-epam-systems-4450927837,Senior DevOps Engineer,EPAM Systems,posted,2026-08-11T11:14:25.703276,80
65a6ec3c2c09b84d,https://lv.linkedin.com/jobs/view/praktikants-e-zab-pwc-legal-komand%C4%81-at-pwc-latvija-4449164669,Praktikants/-e ZAB PwC Legal komandā,PwC Latvija,posted,2026-08-11T11:14:37.869071,1603
98d66f4fc491dede,https://lv.linkedin.com/jobs/view/senior-lead-sap-mm-consultant-at-epam-systems-4451106183,Senior/Lead SAP MM Consultant,EPAM Systems,posted,2026-08-11T11:14:42.651736,687
b41c2e684440065f,https://lv.linkedin.com/jobs/view/german-speaking-it-service-desk-specialist-at-arvato-systems-4449582061,German Speaking IT Service Desk Specialist,,scraped,2026-08-11T11:14:47.315531,
da0441aa61d75f61,https://lv.linkedin.com/jobs/view/analyst-supply-analytics-bangkok-based-relocation-provided-at-agoda-4451556303,"Analyst (Supply Analytics, Bangkok-based, Relocation provided)",Agoda,posted,2026-08-11T11:15:05.320309,1605
ed70ac2fd76bd567,https://lv.linkedin.com/jobs/view/german-speaking-customer-agent-for-online-marketplace-work-remote-in-greece-at-mercier-consultancy-md-4452196481,German Speaking Customer Agent for Online Marketplace - Work Remote In Greece,Mercier Consultancy MD,posted,2026-08-11T11:15:14.336401,1607
ad5fd6bfab1c6592,https://lv.linkedin.com/jobs/view/senior-marketing-data-analyst-at-welltech-4450692818,Senior Marketing Data Analyst,,scraped,2026-08-11T11:15:16.993939,
bb3f0f4b942f4b79,https://lv.linkedin.com/jobs/view/italian-speaking-customer-support-onsite-in-greece-i-relocation-supported-at-ww-talents-4452173376,Italian-Speaking Customer Support | Onsite in Greece I Relocation Supported,WW Talents,posted,2026-08-11T11:15:29.755733,1609
7b60b785bc083083,https://lv.linkedin.com/jobs/view/czech-speaking-customer-service-rep-remote-in-greece-i-relocation-support-at-ww-talents-4451118007,Czech-Speaking Customer Service Rep | Remote in Greece I Relocation Support,WW Talents,posted,2026-08-11T11:15:42.468488,1611
c249a34f5dde6d11,https://lv.linkedin.com/jobs/view/senior-cloud-security-engineer-at-epam-systems-4451044075,Senior Cloud Security Engineer,EPAM Systems,posted,2026-08-11T11:15:49.417902,1257
ce93cf412b9efdc3,https://lv.linkedin.com/jobs/view/senior-sap-ui5-developer-at-epam-systems-4451113170,Senior SAP UI5 Developer,EPAM Systems,posted,2026-08-11T11:15:54.289961,847
d14ed945189e3a86,https://lv.linkedin.com/jobs/view/danish-speaking-customer-support-agent-i-onsite-in-greece-i-relocation-support-at-ww-talents-4451103054,Danish-Speaking Customer Support Agent I Onsite in Greece I Relocation Support,WW Talents,posted,2026-08-11T11:16:03.314220,1613
fe78330a939ca723,https://lv.linkedin.com/jobs/view/dutch-speaking-customer-support-rep-i-onsite-in-greece-i-relocation-support-at-ww-talents-4452174327,Dutch-Speaking Customer Support Rep I Onsite in Greece I Relocation Support,WW Talents,posted,2026-08-11T11:16:12.517152,1615
d0634cfd6a937bd8,https://lv.linkedin.com/jobs/view/dutch-speaking-customer-service-rep-onsite-in-greece-with-relocation-support-at-ww-talents-4452156662,Dutch-Speaking Customer Service Rep | Onsite in Greece with Relocation Support,WW Talents,posted,2026-08-11T11:16:21.426683,1617
e2828afde726c166,https://lv.linkedin.com/jobs/view/%D1%81%D1%82%D1%80%D0%BE%D0%B8%D1%82%D0%B5%D0%BB%D1%8C%D1%81%D1%82%D0%B2%D0%BE-4449574073,Строительство,MarkDream SIA,failed|wp_post_failed,2026-08-13T10:45:21.432862,
0860acdd6bf8f8e4,https://lv.linkedin.com/jobs/view/housekeeper-the-code-hotel-at-bullpen-capital-4449860857,"Housekeeper, The Code Hotel",Bullpen Capital,posted,2026-08-13T10:45:35.530977,1619
08be55b3d31ef6f0,https://lv.linkedin.com/jobs/view/kr%C4%81v%C4%93js-at-viet%C4%93jais-top%21-4452495529,Krāvējs,,scraped,2026-08-13T10:45:38.156007,
2d23e477e86b004b,https://lv.linkedin.com/jobs/view/%C3%BCr%C3%BCne-genel-bak%C4%B1%C5%9F-at-prominent-t%C3%BCrkiye-4448795070,Ürüne genel bakış,,scraped,2026-08-13T10:45:49.288626,
3894c6a6bf714728,https://lv.linkedin.com/jobs/view/sekt%C3%B6rlere-genel-bak%C4%B1%C5%9F-at-prominent-t%C3%BCrkiye-4448789127,Sektörlere genel bakış,,scraped,2026-08-13T10:45:57.404256,
71bdbf1d5caeb654,https://lv.linkedin.com/jobs/view/kurumsal-geli%C5%9Fim-ve-%C3%B6%C4%9Frenme-at-ekmas-group-4450366267,Kurumsal Gelişim Ve Öğrenme,,scraped,2026-08-13T10:46:04.934138,
c293a560a63775fe,https://lv.linkedin.com/jobs/view/purchaser-spare-parts-buyer-at-airline-support-baltic-4450250723,Purchaser (Spare Parts Buyer),,scraped,2026-08-13T10:46:15.270095,
f82d33abf1338564,https://lv.linkedin.com/jobs/view/p%C4%81rdev%C4%93js-a-circle-k-jelgava-2-akad%C4%93mijas-iela-20-jelgava-darbs-bez-nakts-mai%C5%86%C4%81m-at-circle-k-4452738117,"Pārdevējs/-a Circle K Jelgava 2 (Akadēmijas iela 20, Jelgava) darbs bez nakts maiņām",,scraped,2026-08-13T10:46:23.930773,
eb955eca5c500ef2,https://lv.linkedin.com/jobs/view/iepirkumu-atbalsta-speci%C4%81lists-te-at-rolling-sia-4449562739,Iepirkumu atbalsta speciālists/-te,,scraped,2026-08-13T10:46:30.603320,
10949a44ef40278c,https://lv.linkedin.com/jobs/view/dispe%C4%8Ders-at-dpd-latvija-4452439580,DISPEČERS,,scraped,2026-08-13T10:46:40.178074,
14562a6027c978f9,https://lv.linkedin.com/jobs/view/skol%C4%93nu-pavado%C5%A1ais-asistents-at-mrcar-lv-4449815135,Skolēnu pavadošais asistents,,scraped,2026-08-13T10:46:47.202852,
e229bf23f48f2cbc,https://lv.linkedin.com/jobs/view/iepirkumu-speci%C4%81lists-t%C4%81m%C4%93t%C4%81js-at-kv%C4%93le-sia-4449585301,Iepirkumu speciālists / tāmētājs,,scraped,2026-08-13T10:46:55.118000,
a54b9e28971668a2,https://lv.linkedin.com/jobs/view/atbalsta-operators-e-at-joker-ltd-4453083286,Atbalsta operators/ - e,,scraped,2026-08-13T10:47:08.544107,
99e82352e76153f8,https://lv.linkedin.com/jobs/view/chief-of-staff-at-libernetix-4449536852,Chief of Staff,LIBERNETIX,posted,2026-08-13T10:47:28.134221,1621
6da5873243392e5c,https://lv.linkedin.com/jobs/view/autoiekr%C4%81v%C4%93ja-operators-e-saimniec%C4%ABbas-str%C4%81dnieks-ce-sia-baltic-burn-at-agrolats-group-4449239354,"Autoiekrāvēja operators/-e - saimniecības strādnieks/-ce, SIA ""Baltic Burn""",,scraped,2026-08-13T10:47:30.746570,
670c30f9bd5ee5b4,https://lv.linkedin.com/jobs/view/open-days-and-recruitment-activities-at-wdka-4450919990,Open Days and Recruitment Activities,,scraped,2026-08-13T10:47:40.937179,
4ed2f20ff37ea18c,https://lv.linkedin.com/jobs/view/vec%C4%81kais-gr%C4%81matvedis-at-storent-europe-4453089730,VECĀKAIS GRĀMATVEDIS,,scraped,2026-08-13T10:47:48.560280,
cac03ad68b965154,https://lv.linkedin.com/jobs/view/jaun%C4%81kais-%C4%81-pieg%C4%81d%C4%81t%C4%81ju-vad%C4%ABt%C4%81js-a-uz-noteiktu-laiku-at-elko-group-4454006233,Jaunākais/-ā piegādātāju vadītājs/-a uz noteiktu laiku,,scraped,2026-08-13T10:47:57.202132,
324a9a51744ce9da,https://lv.linkedin.com/jobs/view/elektroiekr%C4%81v%C4%93ja-vad%C4%ABt%C4%81js-a-at-kesko-senukai-digital-e-commerce-4453083979,Elektroiekrāvēja vadītājs/-a,Kesko Senukai Digital (e-commerce),posted,2026-08-13T10:48:15.927137,1623
2ab944532f60280c,https://lv.linkedin.com/jobs/view/kompresoru-ma%C5%A1%C4%ABnists-e-at-conexus-baltic-grid-as-4452914510,Kompresoru mašīnists/-e,,scraped,2026-08-13T10:48:20.511839,
09094b640c89a052,https://lv.linkedin.com/jobs/view/mlro-at-impaya-4402454380,MLRO,IMPAYA,posted,2026-08-13T10:48:38.354884,1625
7301884c78823076,https://lv.linkedin.com/jobs/view/nodalas-vad%C4%ABt%C4%81js-a-t-c-domina-h-m-r%C4%ABga-pilna-slodze-at-h-m-4453066819,"Nodalas Vadītājs (-a) T/C Domina, H&M Rīga (pilna slodze)",H&M,posted,2026-08-13T10:48:53.565525,1627
77a471aa3fbc5b13,https://lv.linkedin.com/jobs/view/ko%C4%A3ener%C4%81cijas-stacijas-vad%C4%ABt%C4%81js-a-at-vlk-4449534786,Koģenerācijas stacijas vadītājs/-a,VLK,posted,2026-08-13T10:49:03.748514,1629
5bef95ae65d1aaa1,https://lv.linkedin.com/jobs/view/associate-project-manager-at-l%C4%81%C4%8Du-nami-4450112982,Associate Project Manager,,scraped,2026-08-13T10:49:08.447771,
02e8d554544bb3ec,https://lv.linkedin.com/jobs/view/it-compliance-specialist-at-psi-cro-4448415040,IT Compliance Specialist,,scraped,2026-08-13T10:49:14.917342,
8ba3e2c4d2131e19,https://lv.linkedin.com/jobs/view/ceha-str%C4%81dnieks-iek%C4%81rtu-operators-at-consolis-latvija-sia-4453089585,Ceha strādnieks- iekārtu operators,,scraped,2026-08-13T10:49:23.131838,
bd57c7c0e458411b,https://lv.linkedin.com/jobs/view/copywriter-at-happy-mammoth-4453135073,Copywriter,Happy Mammoth,posted,2026-08-13T10:49:37.928879,1631
61f75dc3e8fcfcdd,https://lv.linkedin.com/jobs/view/hr-tech-associate-consultant-at-zalaris-4452454091,HR Tech Associate Consultant,,scraped,2026-08-13T10:49:40.558340,
865f26c71d13d39f,https://lv.linkedin.com/jobs/view/merchant-onboarding-ongoing-due-diligence-officer-latvia-at-paynt-4448429885,Merchant Onboarding & Ongoing Due Diligence Officer (Latvia),,scraped,2026-08-13T10:49:48.277825,
684871a492450740,https://lv.linkedin.com/jobs/view/projektu-koordinators-at-riga-graduate-school-of-law-4450103267,PROJEKTU KOORDINATORS,Riga Graduate School of Law,posted,2026-08-13T10:50:04.764930,1633
5d1fa9ed685a367c,https://lv.linkedin.com/jobs/view/fsc-expert-auditor-at-danem-test-and-certificate-ag-4450144663,FSC expert/auditor,,scraped,2026-08-13T10:50:11.471616,
00e4b009d4422523,https://lv.linkedin.com/jobs/view/field-medical-advisor-at-johnson-johnson-4452473967,Field Medical Advisor,Johnson &amp; Johnson,posted,2026-08-13T10:50:26.014099,1635
e68e1de13c0963ff,https://lv.linkedin.com/jobs/view/business-analyst-at-decta-4451179487,Business Analyst,,scraped,2026-08-13T10:50:30.750476,
a7ce8e9ec345a11d,https://lv.linkedin.com/jobs/view/vec%C4%81kais-revidenta-asistents-vai-revidents-at-grant-thornton-baltic-latvia-4450570702,Vecākais revidenta asistents vai revidents,,scraped,2026-08-13T10:50:38.671540,
c3736949fb275b33,https://lv.linkedin.com/jobs/view/materi%C4%81ltehnisk%C4%81-nodro%C5%A1in%C4%81juma-speci%C4%81lists-e-at-latvijas-mobilais-telefons-sia-4453043116,Materiāltehniskā nodrošinājuma speciālists/-e,,scraped,2026-08-13T10:50:51.104346,
a7faa7f7a684ddb8,https://lv.linkedin.com/jobs/view/vides-p%C4%81rvald%C4%ABbas-speci%C4%81lists-e-at-latvijas-finieris-as-4450148509,Vides pārvaldības speciālists/-e,Latvijas Finieris AS,posted,2026-08-13T10:51:06.328475,1637
95f79f4bc414693a,https://lv.linkedin.com/jobs/view/jaun%C4%81kais-qa-speci%C4%81lists-at-wd-market-4450109376,Jaunākais QA speciālists,,scraped,2026-08-13T10:51:16.922080,
ee562bdb3a236458,https://lv.linkedin.com/jobs/view/digital-performance-specialist-meta-or-google-ads-at-mbd-latvia-4449832554,Digital Performance Specialist (META or Google Ads),,scraped,2026-08-13T10:51:24.006024,
aa736790405f96ca,https://lv.linkedin.com/jobs/view/talent-coach-at-toptal-4451865838,Talent Coach,Toptal,posted,2026-08-13T10:51:49.899474,1639
26b50294805bd1d2,https://lv.linkedin.com/jobs/view/meta-rekl%C4%81mu-mened%C5%BEeris-at-norsan-omega-3-latvij%C4%81-4451675360,Meta reklāmu menedžeris,,scraped,2026-08-13T10:51:54.552329,
11ace7cfbb43e629,https://lv.linkedin.com/jobs/view/jurists-at-latvijas-republikas-tieslietu-ministrija-4450115246,Jurists,,scraped,2026-08-13T10:52:05.745450,
b1fb6aadcafa6940,https://lv.linkedin.com/jobs/view/data-analyst-in-business-intelligence-team-datu-anal%C4%ABti%C4%B7is-biznesa-inteli%C4%A3ences-komand%C4%81-seb-riga-at-seb-latvija-4453680319,"Data Analyst in Business Intelligence team /Datu Analītiķis Biznesa Inteliģences komandā | SEB, Riga",,scraped,2026-08-13T10:52:13.606794,
17a9a9a8e395be18,https://lv.linkedin.com/jobs/view/site-reliability-engineer-at-epam-systems-4450928887,Site Reliability Engineer,EPAM Systems,posted,2026-08-13T10:52:26.076309,470
14136e5667b8e8f1,https://lv.linkedin.com/jobs/view/sap-fico-engineering-manager-at-epam-systems-4450940163,SAP FICO Engineering Manager,EPAM Systems,posted,2026-08-13T10:52:31.154295,192
e75f59fd2cfd473b,https://lv.linkedin.com/jobs/view/sap-abap-engineering-manager-at-epam-systems-4451027848,SAP ABAP Engineering Manager,EPAM Systems,posted,2026-08-13T10:52:36.180277,1035
c8a7c11c63722722,https://lv.linkedin.com/jobs/view/senior-golang-developer-at-epam-systems-4453026976,Senior Golang Developer,EPAM Systems,posted,2026-08-13T10:52:41.243020,86
7361d2055646539f,https://lv.linkedin.com/jobs/view/lead-ai-augmented-iam-security-engineer-at-epam-systems-4453043895,Lead AI-Augmented IAM Security Engineer,EPAM Systems,posted,2026-08-13T10:52:49.913436,1641
1c21aae1f55ed400,https://lv.linkedin.com/jobs/view/core-engineer-at-webbing-4434486929,Core Engineer,Webbing,posted,2026-08-13T10:53:03.688340,1643
74bd6d420699a027,https://lv.linkedin.com/jobs/view/junior-process-coordinator-at-fyul-4450193676,Junior Process Coordinator,FYUL,posted,2026-08-13T10:53:14.499951,1645
38ba89048db46122,https://lv.linkedin.com/jobs/view/rezerves-da%C4%BCu-noliktavas-speci%C4%81lists%0A-%0A%0A-%0Arezerves-da%C4%BCas-un-aksesu%C4%81ri%0A%0A-%C2%B7%0A%0A-moller-auto-krasta-volkswagen-at-moller-auto-baltic-4453677821,"Rezerves daļu noliktavas speciālists
    

    
Rezerves daļas un aksesuāri

  ·

    Moller Auto Krasta, Volkswagen",,scraped,2026-08-13T10:53:21.114172,
427df4304c968016,https://lv.linkedin.com/jobs/view/manager-it-audit-at-circle-k-4442055875,Manager IT Audit,,scraped,2026-08-13T10:53:29.762577,
7ac4470ac85672b7,https://lv.linkedin.com/jobs/view/a-s-elis-tekstila-serviss-aicina-darb%C4%81-%C5%A1oferi-%E2%80%93-ekspeditoru-darbs-r%C4%ABg%C4%81-at-elis-4427717914,A/S Elis Tekstila Serviss aicina darbā ŠOFERI – EKSPEDITORU (darbs Rīgā),,scraped,2026-08-13T10:53:36.398600,
eca83590628b0ce8,https://lv.linkedin.com/jobs/view/p%C4%81rdev%C4%93js-a-at-viet%C4%93jais-top%21-4451552994,Pārdevējs/-a,,scraped,2026-08-13T10:53:44.742834,
50e5c5e2be472f8b,https://lv.linkedin.com/jobs/view/accountant-at-fyul-4442704204,Accountant,FYUL,posted,2026-08-13T10:53:58.903627,1647
28b0d91cd893e849,https://lv.linkedin.com/jobs/view/business-system-solution-designer-%E2%80%93-ai-automation-at-circle-k-4442678403,Business System Solution Designer – AI & Automation,,scraped,2026-08-13T10:54:01.497581,
56e8edcef4965e28,https://lv.linkedin.com/jobs/view/virsb%C5%ABvju-remonta-atsl%C4%93dznieki%0A-%0A%0A-%0Avirsb%C5%ABves%0A%0A-%C2%B7%0A%0A-moller-auto-virsb%C5%ABvju-centrs-at-moller-auto-baltic-4453675840,"Virsbūvju remonta atslēdznieki
    

    
Virsbūves

  ·

    Moller Auto Virsbūvju centrs",,scraped,2026-08-13T10:54:07.851350,
2df92de2bceb34f2,https://lv.linkedin.com/jobs/view/mazlietotu-automobi%C4%BCu-tirdzniec%C4%ABbas-konsultants-e%0A-%0A%0A-%0Atirdzniec%C4%ABba%0A%0A-%C2%B7%0A%0A-moller-auto-krasta-volkswagen-at-moller-auto-baltic-4453677825,"Mazlietotu automobiļu tirdzniecības konsultants/-e
    

    
Tirdzniecība

  ·

    Moller Auto Krasta, Volkswagen",,scraped,2026-08-13T10:54:14.628991,
39d42eeed3c9d56b,https://lv.linkedin.com/jobs/view/p%C4%81rdev%C4%93js-a-sigulda-at-forevers-4450105523,Pārdevējs/-a (Sigulda),,scraped,2026-08-13T10:54:21.395764,
6b7d8fc27ff8e988,https://lv.linkedin.com/jobs/view/senior-internal-auditor-at-g4s-4453630520,Senior Internal Auditor,G4S,posted,2026-08-13T10:54:44.361543,1649
f2f53c2082258b93,https://lv.linkedin.com/jobs/view/emea-customer-care-representative-at-cabot-corporation-4453081885,EMEA Customer Care Representative,Cabot Corporation,posted,2026-08-13T10:54:51.429641,214
3d1de44cd3776949,https://lv.linkedin.com/jobs/view/veid%C5%86u-speci%C4%81lists-e-at-mb-betons-4450774929,Veidņu speciālists/-e,,scraped,2026-08-13T10:55:00.027053,
689d8debd2bcd917,https://lv.linkedin.com/jobs/view/event-design-production-specialist-at-psi-cro-4450489087,Event Design & Production Specialist,,scraped,2026-08-13T10:55:09.582214,
a8bbfd9f2808e2be,https://lv.linkedin.com/jobs/view/aml-onboarding-specialist-at-found-communication-4451677859,AML/Onboarding Specialist,FOUND Communication,posted,2026-08-13T10:55:24.262169,1651
b22f642fde49fcd2,https://lv.linkedin.com/jobs/view/m%C4%81sas-pal%C4%ABgs-jaun%C4%81kais-m%C4%81sas-pal%C4%ABgs-24-asinsvadu-%C4%B7irur%C4%A3ijas-noda%C4%BC%C4%81-at-paula-stradi%C5%86a-kl%C4%ABnisk%C4%81-universit%C4%81tes-slimn%C4%ABca-4451418964,MĀSAS PALĪGS / JAUNĀKAIS MĀSAS PALĪGS 24. Asinsvadu ķirurģijas nodaļā,,scraped,2026-08-13T10:55:30.871648,
6d9a6d27d887c191,https://lv.linkedin.com/jobs/view/sous-chef-eu-work-eligible-at-kempinski-hotels-4452389800,Sous Chef (EU work eligible),,scraped,2026-08-13T10:55:41.739622,
2be4e02ac085d7b8,https://lv.linkedin.com/jobs/view/customer-service-representative-norwegian-at-transcom-4449857098,Customer Service Representative - Norwegian,,scraped,2026-08-13T10:55:51.416901,
b99616df54876073,https://lv.linkedin.com/jobs/view/key-account-sales-manager-at-octella-4453086031,Key Account Sales Manager,,scraped,2026-08-13T10:56:04.766680,
d3a2aec9320cc026,https://lv.linkedin.com/jobs/view/mobile-application-developer-at-taltap-4450119597,Mobile Application Developer,,scraped,2026-08-13T10:56:14.576603,
89f192a27c7ab5d8,https://lv.linkedin.com/jobs/view/consultant-in-financial-crime-solutions-at-ey-4442669664,Consultant in Financial Crime Solutions,EY,posted,2026-08-13T10:56:33.495053,1653
404e64a3d8de1821,https://lv.linkedin.com/jobs/view/elektromeh%C4%81ni%C4%B7is-e-at-ssi-sch%C3%A4fer-4450329394,Elektromehāniķis/-e,,scraped,2026-08-13T10:56:36.165361,
5dccde067e4acbd6,https://lv.linkedin.com/jobs/view/senior-accountant-bps-riga-at-deloitte-4450266428,Senior Accountant | BPS | Riga,Deloitte,posted,2026-08-13T10:56:46.693618,288
d61c023a658f61fc,https://lv.linkedin.com/jobs/view/client-consulting-analyst-at-visa-4452380758,Client Consulting Analyst,Visa,posted,2026-08-13T10:56:55.956417,1655
e05dea1bb255d854,https://lv.linkedin.com/jobs/view/lawyer-at-cersjurk%C4%81ns-4449870002,Lawyer,,scraped,2026-08-13T10:57:00.588536,
ac9e846fe7789591,https://lv.linkedin.com/jobs/view/%D0%BA%D0%BE%D0%BC%D0%BC%D0%B5%D1%80%D1%87%D0%B5%D1%81%D0%BA%D0%B8%D0%B9-%D0%B4%D0%B8%D1%80%D0%B5%D0%BA%D1%82%D0%BE%D1%80-%D0%BA%D0%BE%D0%BC%D0%BC%D0%B5%D1%80%D1%87%D0%B5%D1%81%D0%BA%D0%B0%D1%8F-%D0%BD%D0%B5%D0%B4%D0%B2%D0%B8%D0%B6%D0%B8%D0%BC%D0%BE%D1%81%D1%82%D1%8C-at-interview-culture-4453138546,Коммерческий директор (Коммерческая недвижимость),,scraped,2026-08-13T10:57:12.403569,
9c2eaccd92f375dc,https://lv.linkedin.com/jobs/view/security-software-engineer-at-investigo-4452478895,Security Software Engineer,,scraped,2026-08-13T10:57:19.241553,
8d298178196b343c,https://lv.linkedin.com/jobs/view/senior-user-acquisition-manager-google-ads-at-welltech-4453127265,Senior User Acquisition Manager (Google Ads),,scraped,2026-08-13T10:57:35.600167,
c9c084ef22ee590f,https://lv.linkedin.com/jobs/view/senior-retailer-services-executive-sales-maternity-cover-at-nielseniq-4441162475,Senior Retailer Services Executive (Sales) maternity cover,NielsenIQ,posted,2026-08-13T10:57:48.398213,1657
ce98dc9dd0559cbb,https://lv.linkedin.com/jobs/view/export-sales-manager-gaming-products-at-asbis-baltics-4450467766,Export Sales Manager - Gaming Products,,scraped,2026-08-13T10:57:51.102140,
49dfbc40a7151fed,https://lv.linkedin.com/jobs/view/french-speaking-accountant-in-store-accounting-team-at-circle-k-4442682187,French speaking Accountant in Store Accounting Team,,scraped,2026-08-13T10:58:01.534233,
43391803866ace67,https://lv.linkedin.com/jobs/view/tehnisko-risin%C4%81jumu-atbalsta-da%C4%BCas-vad%C4%ABt%C4%81js-a-at-latvijas-mobilais-telefons-sia-4453042105,Tehnisko risinājumu atbalsta daļas vadītājs/-a,,scraped,2026-08-13T10:58:08.011718,
7c3165d954bba22a,https://lv.linkedin.com/jobs/view/german-speaking-service-desk-specialist-at-arvato-systems-4449851421,German Speaking Service Desk Specialist,,scraped,2026-08-13T10:58:44.550746,
7c8900fc9ec21f5c,https://lv.linkedin.com/jobs/view/norwegian-speaking-it-customer-support-specialist-at-vivicta-4453689452,Norwegian Speaking IT Customer Support Specialist,Vivicta,posted,2026-08-13T10:59:01.677438,1659
64978dcbef1f13c7,https://lv.linkedin.com/jobs/view/visp%C4%81r%C4%93j%C4%81s-apr%C5%ABpes-m%C4%81sa-onkolo%C4%A3ijas-kl%C4%ABnik%C4%81-at-paula-stradi%C5%86a-kl%C4%ABnisk%C4%81-universit%C4%81tes-slimn%C4%ABca-4451910772,Vispārējās aprūpes māsa Onkoloģijas klīnikā,,scraped,2026-08-13T10:59:06.215815,
74c27371173f97d6,https://lv.linkedin.com/jobs/view/mlro-at-evotym-4451938030,MLRO,,scraped,2026-08-13T10:59:14.693003,
258fae04f1dd489c,https://lv.linkedin.com/jobs/view/finan%C5%A1u-un-apdro%C5%A1in%C4%81%C5%A1anas-pakalpojumu-konsultants-e%0A-%0A%0A-%0Aapdro%C5%A1in%C4%81%C5%A1anas-pakalpojumi%0A%0A-%C2%B7%0A%0A-moller-auto-lidosta-volkswagen-at-moller-auto-baltic-4453679806,"Finanšu un apdrošināšanas pakalpojumu konsultants/-e
    

    
Apdrošināšanas pakalpojumi

  ·

    Moller Auto Lidosta, Volkswagen",,scraped,2026-08-13T10:59:21.301090,
c39fe7f8fbabd82c,https://lv.linkedin.com/jobs/view/executive-chef-eu-work-eligible-at-kempinski-hotels-4452708020,Executive Chef  (EU work eligible),,scraped,2026-08-13T10:59:27.941763,
45987d92babb9b3d,https://lv.linkedin.com/jobs/view/m%C4%81sas-pal%C4%ABgs-jaun%C4%81kais-m%C4%81sas-pal%C4%ABgs-27-kardiolo%C4%A3ijas-noda%C4%BC%C4%81-at-paula-stradi%C5%86a-kl%C4%ABnisk%C4%81-universit%C4%81tes-slimn%C4%ABca-4452747061,MĀSAS PALĪGS / JAUNĀKAIS MĀSAS PALĪGS 27. Kardioloģijas nodaļā,,scraped,2026-08-13T10:59:35.770601,
00a77d6a30f55aea,https://lv.linkedin.com/jobs/view/content-marketing-specialist%0A-%0A%0A-%0Abusiness-support%0A%0A-%C2%B7%0A%0A-riga-at-moller-auto-baltic-4453669847,"Content Marketing Specialist
    

    
Business Support

  ·

    Riga",,scraped,2026-08-13T10:59:46.261086,
5545e926bae97f7a,https://lv.linkedin.com/jobs/view/full-stack-developer-at-ubiquiti-inc-4395227801,Full-Stack Developer,Ubiquiti Inc.,posted,2026-08-13T10:59:56.774659,544
2565ae5041aa4748,https://lv.linkedin.com/jobs/view/presales-solution-consultant-%E2%80%93-data-and-ai-at-epam-systems-4453047840,Presales Solution Consultant – Data and AI,EPAM Systems,posted,2026-08-13T11:00:19.063028,625
b369af67d141859d,https://lv.linkedin.com/jobs/view/eksperts-inov%C4%81ciju-centr%C4%81-at-paula-stradi%C5%86a-kl%C4%ABnisk%C4%81-universit%C4%81tes-slimn%C4%ABca-4451417967,EKSPERTS Inovāciju centrā,,scraped,2026-08-13T11:00:21.746084,
1cef7a4bd190c650,https://lv.linkedin.com/jobs/view/engineering-manager-sap-cap-node-js-at-epam-systems-4451029655,"Engineering Manager, SAP CAP Node.js",EPAM Systems,posted,2026-08-13T11:00:32.442551,122
f5c003c13f197609,https://lv.linkedin.com/jobs/view/sap-btp-architect-at-epam-systems-4453047839,SAP BTP Architect,EPAM Systems,posted,2026-08-13T11:00:37.650350,853
7c19e153f1278eb4,https://lv.linkedin.com/jobs/view/sap-r2r-architect-at-epam-systems-4452795295,SAP R2R Architect,EPAM Systems,posted,2026-08-13T11:00:44.841465,1093
8a94ec12fd269955,https://lv.linkedin.com/jobs/view/lead-sap-fico-consultant-at-epam-systems-4452902218,Lead SAP FICO Consultant,EPAM Systems,posted,2026-08-13T11:00:55.984083,114
cda3b06e023d4971,https://lv.linkedin.com/jobs/view/fullstack-developer-to-customer-lifecycle-programm%C4%93t%C4%81js-a-seb-riga-at-seb-latvija-4451638178,"Fullstack Developer to Customer Lifecycle / Programmētājs/-a | SEB, Riga",,scraped,2026-08-13T11:00:58.739725,
bbbc28a4ba65979d,https://lv.linkedin.com/jobs/view/engineering-manager-sap-cap-java-at-epam-systems-4453028970,"Engineering Manager, SAP CAP Java",EPAM Systems,posted,2026-08-13T11:01:11.292542,76
e01212582b9f7dea,https://lv.linkedin.com/jobs/view/senior-sap-bw-4hana-consultant-at-epam-systems-4452796246,Senior SAP BW/4HANA Consultant,EPAM Systems,posted,2026-08-13T11:01:18.347701,1253
ccbcf89def73b0ec,https://lv.linkedin.com/jobs/view/ai-safety-specialist-fully-remote-upto-%2484-hr-at-mercor-4451385509,AI Safety Specialist - Fully Remote | Upto $84/hr,Mercor,posted,2026-08-13T11:01:27.978704,1661
d70e33a21d7ede01,https://lv.linkedin.com/jobs/view/engineering-manager-sap-cap-java-at-epam-systems-4451110169,"Engineering Manager, SAP CAP Java",EPAM Systems,scraped,2026-08-13T11:01:32.145089,
86601333c8894715,https://lv.linkedin.com/jobs/view/in%C5%BEeniert%C4%ABklu-projektu-vad%C4%ABt%C4%81ja-asistents-e-studentam-at-prakse-lv-4453039480,INŽENIERTĪKLU PROJEKTU VADĪTĀJA ASISTENTS/-E (STUDENTAM),Prakse.lv,posted,2026-08-13T11:01:43.218970,1663
4d7b48c0b17ae2ed,https://lv.linkedin.com/jobs/view/biznesa-att%C4%ABst%C4%ABbas-praktikante-ts-at-prakse-lv-4098517532,Biznesa Attīstības Praktikante/-ts,Prakse.lv,posted,2026-08-13T11:01:52.388953,1665
c144de59582131c0,https://lv.linkedin.com/jobs/view/senior-reporting-data-analytics-specialist-at-epam-systems-4452781721,Senior Reporting & Data Analytics Specialist,EPAM Systems,posted,2026-08-13T11:02:01.076003,1667
b59b022b7bae9652,https://lv.linkedin.com/jobs/view/sap-s-4hana-public-cloud-solution-architect-at-epam-systems-4452786372,SAP S/4HANA Public Cloud Solution Architect,EPAM Systems,posted,2026-08-13T11:02:05.881933,935
d5cf41053d9f5bf7,https://lv.linkedin.com/jobs/view/clinical-trial-psych-rater-hungarian-speaking-at-iqvia-4453057306,Clinical Trial Psych Rater - Hungarian Speaking,IQVIA,posted,2026-08-13T11:02:15.173476,1669
bd0d3971afc3a0da,https://lv.linkedin.com/jobs/view/senior-data-software-engineer-at-epam-systems-4451104171,Senior Data Software Engineer,EPAM Systems,posted,2026-08-13T11:02:24.531674,1671
74c2ae07cb47b92f,https://lv.linkedin.com/jobs/view/key-net-developer-entech-domain-at-epam-systems-4451024885,Key .NET Developer (EnTech domain),EPAM Systems,posted,2026-08-13T11:02:29.829051,1221
2617bbd74589f781,https://lv.linkedin.com/jobs/view/lead-net-developer-with-aws-experience-at-epam-systems-4451118152,Lead .NET Developer with AWS experience,EPAM Systems,posted,2026-08-13T11:02:35.092347,691
874f0fd26c758677,https://lv.linkedin.com/jobs/view/business-analyst-supply-analytics-bangkok-based-relocation-provided-at-agoda-4451561167,"Business Analyst (Supply Analytics, Bangkok-based, Relocation provided)",Agoda,posted,2026-08-13T11:02:48.634972,1673
f76a3b34948de39c,https://lv.linkedin.com/jobs/view/data-scientist-senior-analyst-supply-analytics-bangkok-based-relocation-provided-at-agoda-4451543993,"Data Scientist/Senior Analyst (Supply Analytics, Bangkok-based, Relocation provided)",Agoda,posted,2026-08-13T11:03:01.258973,1675
27fa9a7f6e33873f,https://lv.linkedin.com/jobs/view/polish-speaking-customer-service-representative-onsite-in-lisbon-portugal-at-ww-talents-4453045602,"Polish-Speaking Customer Service Representative | Onsite in Lisbon, Portugal",WW Talents,posted,2026-08-13T11:03:12.419616,1677
b15aeb83d49ae005,https://lv.linkedin.com/jobs/view/polish-speaking-customer-service-representative-onsite-in-lisbon-portugal-at-ww-talents-4453046551,"Polish-Speaking Customer Service Representative | Onsite in Lisbon, Portugal",WW Talents,scraped,2026-08-13T11:03:16.590092,
542fac151777545a,https://lv.linkedin.com/jobs/view/dutch-speaking-customer-support-specialist-remote-in-portugal-at-ww-talents-4453029618,Dutch-Speaking Customer Support Specialist | Remote in Portugal,WW Talents,posted,2026-08-13T11:03:26.488125,1679
a387aa043b94ab84,https://lv.linkedin.com/jobs/view/noliktavas-vad%C4%ABt%C4%81ja-s-at-itab-sweden-4454337409,Noliktavas vadītāja/-s,,scraped,2026-08-15T10:00:00.928444,
6b150299af876e69,https://lv.linkedin.com/jobs/view/darbs-r%C4%ABgas-centr%C4%81-elizabetes-iel%C4%81-at-g4s-4454853095,"Darbs Rīgas centrā, Elizabetes ielā",G4S,posted,2026-08-15T10:00:21.112046,1681
42e619e485ca9c84,https://lv.linkedin.com/jobs/view/vec%C4%81kais-pav%C4%81rs-at-viet%C4%93jais-top%21-4454060748,Vecākais pavārs,,scraped,2026-08-15T10:00:25.600052,
508690aebf2cdc62,https://lv.linkedin.com/jobs/view/rokas-lokmetin%C4%81t%C4%81js-a-at-r%C4%ABgas-satiksme-4452967922,ROKAS LOKMETINĀTĀJS/-A,,scraped,2026-08-15T10:00:32.728372,
49083dbc3015dd8a,https://lv.linkedin.com/jobs/view/electrical-safety-inspector-at-cleveland-division-of-police-4454317720,Electrical Safety Inspector,Cleveland Division of Police,posted,2026-08-15T10:00:48.700410,1683
8e3264c17ffbf9e0,https://lv.linkedin.com/jobs/view/valsts-robe%C5%BEsardzes-koled%C5%BEas-iepirkumu-speci%C4%81lists-at-valsts-robe%C5%BEsardzes-koled%C5%BEa-4450470563,Valsts robežsardzes koledžas iepirkumu speciālists,Valsts robežsardzes koledža,posted,2026-08-15T10:00:57.675062,1685
9c7deb5c6cc2a3a3,https://lv.linkedin.com/jobs/view/p%C4%81rdev%C4%93js-a-circle-k-jelgava-1-br%C4%ABv%C4%ABbas-bulv%C4%81ris-1-jelgava-at-circle-k-4452382474,"Pārdevējs/-a Circle K Jelgava 1 (Brīvības bulvāris 1, Jelgava)",,scraped,2026-08-15T10:01:02.313266,
9a2ef3aade5824fe,https://lv.linkedin.com/jobs/view/building-inspector-interim-at-cleveland-division-of-police-4454331595,Building Inspector Interim,Cleveland Division of Police,posted,2026-08-15T10:01:20.897861,1687
9a7b2fc721bc7791,https://lv.linkedin.com/jobs/view/datu-p%C4%81rvald%C4%ABbas-un-p%C4%81rskatu-koordinators-e-at-erb-rail-4454399683,Datu pārvaldības un pārskatu koordinators/-e,ERB Rail,posted,2026-08-15T10:01:31.182047,1689
339db95a95002609,https://lv.linkedin.com/jobs/view/office-people-operations-manager-at-paybis-4451203350,Office & People Operations Manager,,scraped,2026-08-15T10:01:33.907055,
9dc7d804af13c486,https://lv.linkedin.com/jobs/view/jr-affiliate-manager-at-kawaii-partners-4451666952,Jr Affiliate Manager,Kawaii Partners,posted,2026-08-15T10:01:50.463697,1691
c9c7198797fd6232,https://lv.linkedin.com/jobs/view/sap-abap-developer-at-accenture-baltics-4453247953,SAP ABAP Developer,Accenture Baltics,posted,2026-08-15T10:01:56.771048,500
798ab1a6ce14be2b,https://lv.linkedin.com/jobs/view/tirdzniec%C4%ABbas-speci%C4%81lists-at-airlux-sia-4451211042,Tirdzniecības speciālists,,scraped,2026-08-15T10:02:01.454708,
ef8c5fae5f892454,https://lv.linkedin.com/jobs/view/account-manager-riga-at-booking-com-4452491060,Account Manager - Riga,,scraped,2026-08-15T10:02:09.543901,
564a5370a4d3e9a3,https://lv.linkedin.com/jobs/view/a-s-elis-tekstila-serviss-aicina-darb%C4%81-ra%C5%BEo%C5%A1anas-darbinieku-ci-r%C4%ABgas-rajons-at-elis-4404283955,A/S Elis Tekstila Serviss aicina darbā ražošanas darbinieku/ci (Rīgas rajons),,scraped,2026-08-15T10:02:18.449709,
893aa7acf5c3285a,https://lv.linkedin.com/jobs/view/%D1%82%D0%B5%D1%85%D0%BD%D0%B8%D0%BA-%D0%BF%D0%BE-%D1%83%D1%81%D1%82%D0%B0%D0%BD%D0%BE%D0%B2%D0%BA%D0%B5-%D0%BA%D0%BE%D1%84%D0%B5%D0%B5%D0%BD-%D1%81%D0%B0%D0%BC%D0%BE%D0%BE%D0%B1%D1%81%D0%BB%D1%83%D0%B6%D0%B8%D0%B2%D0%B0%D0%BD%D0%B8%D1%8F-at-easyvending-4454826627,Техник по установке кофеен самообслуживания,,scraped,2026-08-15T10:02:27.777152,
3777370a179354d1,https://lv.linkedin.com/jobs/view/key-account-manager-at-asus-4451113519,Key Account Manager,,scraped,2026-08-15T10:02:38.254550,
4604eafc3214a881,https://lv.linkedin.com/jobs/view/gr%C4%81matve%C5%BEa-pal%C4%ABgs-at-otankimill-4452362026,Grāmatveža palīgs,,scraped,2026-08-15T10:02:56.675260,
84d33e49f94ce704,https://lv.linkedin.com/jobs/view/jaun%C4%81kais-speci%C4%81lists-e-bausk%C4%81-at-balta-apdro%C5%A1in%C4%81%C5%A1ana-4451643790,Jaunākais speciālists/-e Bauskā,BALTA apdrošināšana,posted,2026-08-15T10:03:15.839348,1693
77c3eb9991d82e80,https://lv.linkedin.com/jobs/view/account-executive-at-fcg-ops-4450475229,Account Executive,,scraped,2026-08-15T10:03:18.535148,
432b326617c5db07,https://lv.linkedin.com/jobs/view/junior-fintech-lawyer-at-fynful-4452432297,Junior FinTech Lawyer,Fynful,posted,2026-08-15T10:03:29.682377,885
dfa36893c3701fdc,https://lv.linkedin.com/jobs/view/senior-customer-service-consultant-at-velux-4453101366,Senior Customer Service Consultant,,scraped,2026-08-15T10:03:32.322219,
d8d198cfee0e9cc2,https://lv.linkedin.com/jobs/view/senior-procurement-specialist-at-itab-group-4453245238,Senior Procurement Specialist,,scraped,2026-08-15T10:03:39.885342,
487894a96a27ba04,https://lv.linkedin.com/jobs/view/it-business-analyst-at-accenture-baltics-4453251863,IT Business Analyst,Accenture Baltics,posted,2026-08-15T10:03:53.248019,432
e873b771da00b16c,https://lv.linkedin.com/jobs/view/business-processes-it-development-specialist-at-mogotel-hotel-group-4449842717,Business Processes IT Development Specialist,,scraped,2026-08-15T10:03:56.025528,
37376ce92ffcfb9c,https://lv.linkedin.com/jobs/view/fpga-team-lead-at-isg-international-service-group-4451185396,FPGA Team Lead,,scraped,2026-08-15T10:04:03.755044,
9c5241644e9ae64e,https://lv.linkedin.com/jobs/view/payments-support-specialist-at-madfin-tech-4451504796,Payments Support Specialist,,scraped,2026-08-15T10:04:11.996285,
d1ca50ce31cf528a,https://lv.linkedin.com/jobs/view/clinical-research-associate-talent-pipeline-opportunity-at-emerald-clinical-4451182000,Clinical Research Associate - Talent Pipeline Opportunity,,scraped,2026-08-15T10:04:35.774659,
9c5103a725366384,https://lv.linkedin.com/jobs/view/klientu-attiec%C4%ABbu-vad%C4%ABt%C4%81js-a-vidzemes-zemgales-re%C4%A3ion%C4%81-at-tet-lv-4452733539,Klientu attiecību vadītājs/-a Vidzemes/Zemgales reģionā,,scraped,2026-08-15T10:04:42.836338,
a7dc3942e6354030,https://lv.linkedin.com/jobs/view/mlro-at-roze-remit-4450452837,MLRO,,scraped,2026-08-15T10:04:54.999351,
fc66a5b6d500edf6,https://lv.linkedin.com/jobs/view/sales-engineer-at-ifm-4450482854,Sales Engineer,ifm,posted,2026-08-15T10:05:14.207900,1695
31890192cf0dc245,https://lv.linkedin.com/jobs/view/private-banking-specialist-biznesa-pakalpojumu-speci%C4%81lists-e-seb-riga-at-seb-latvija-4453678152,"Private Banking Specialist/Biznesa pakalpojumu speciālists/-e| SEB, Riga",,scraped,2026-08-15T10:05:16.784590,
92128cf895a703a5,https://lv.linkedin.com/jobs/view/kvalit%C4%81tes-vad%C4%ABt%C4%81js-at-ce-test-4451447458,Kvalitātes vadītājs,,scraped,2026-08-15T10:05:24.929890,
2718b1df2c818daa,https://lv.linkedin.com/jobs/view/investor-service-specialist-at-mintos-4451445273,Investor Service Specialist,,scraped,2026-08-15T10:05:35.511601,
e791e70ee2bc9b6f,https://lv.linkedin.com/jobs/view/barbers-for-the-nordics-at-eutalents-4453761073,Barbers for the Nordics,,scraped,2026-08-15T10:05:42.543888,
ad2c0fdabb80c640,https://lv.linkedin.com/jobs/view/klientu-dar%C4%ABjumu-vad%C4%ABt%C4%81js-a-at-citadele-banka-4454006757,Klientu darījumu vadītājs/-a,,scraped,2026-08-15T10:05:49.155464,
438031094d8f4512,https://lv.linkedin.com/jobs/view/p%C4%81rdev%C4%93js-a-at-viet%C4%93jais-top%21-4451567514,Pārdevējs/-a,,scraped,2026-08-15T10:06:05.626724,
d802d02815d76891,https://lv.linkedin.com/jobs/view/konditors-e-at-viet%C4%93jais-top%21-4452477988,Konditors/-e,,scraped,2026-08-15T10:06:12.711748,
333f4cdf92fdbf8a,https://lv.linkedin.com/jobs/view/p%C4%81rdev%C4%93js-a-at-viet%C4%93jais-top%21-4452476986,Pārdevējs/-a,,scraped,2026-08-15T10:06:19.904875,
3260508f1c49a89d,https://lv.linkedin.com/jobs/view/p%C4%81rdev%C4%93js-a-circle-k-dzelzava-dzelzavas-iela-14-r%C4%ABga-darbs-bez-nakts-mai%C5%86%C4%81m-at-circle-k-4451668886,"Pārdevējs/-a Circle K Dzelzava (Dzelzavas iela 14, Rīga) darbs bez nakts maiņām",,scraped,2026-08-15T10:06:27.602343,
05cb4aae6e7172d0,https://lv.linkedin.com/jobs/view/p%C4%81rdev%C4%93js-a-circle-k-m%C5%ABkusala-m%C5%ABkusalas-iela-75-r%C4%ABga-at-circle-k-4453706836,"Pārdevējs/-a Circle K Mūkusala (Mūkusalas iela 75, Rīga)",,scraped,2026-08-15T10:06:34.124091,
b33fbe2df68880d3,https://lv.linkedin.com/jobs/view/p%C4%81rdev%C4%93js-a-at-viet%C4%93jais-top%21-4454053859,Pārdevējs/-a,,scraped,2026-08-15T10:06:42.394122,
f789b6b5715e0bf2,https://lv.linkedin.com/jobs/view/auto-kr%C4%81sot%C4%81js%0A-%0A%0A-%0Avirsb%C5%ABves%0A%0A-%C2%B7%0A%0A-moller-auto-virsb%C5%ABvju-centrs-at-moller-auto-baltic-4453686793,"Auto krāsotājs
    

    
Virsbūves

  ·

    Moller Auto Virsbūvju centrs",,scraped,2026-08-15T10:06:49.781732,
2931f4635ed8bafa,https://lv.linkedin.com/jobs/view/people-process-ai-automation-specialist-at-fyul-4452499178,People Process & AI Automation Specialist,FYUL,posted,2026-08-15T10:07:03.964716,1697
66e15cf6770088bc,https://lv.linkedin.com/jobs/view/team-leader-in-billing-team-at-circle-k-4453213532,Team Leader in Billing team,,scraped,2026-08-15T10:07:08.548149,
9058b4e05c6fb5ea,https://lv.linkedin.com/jobs/view/servisa-konsultants%0A-%0A%0A-%0Aserviss%0A%0A-%C2%B7%0A%0A-moller-auto-krasta-volkswagen-at-moller-auto-baltic-4453670890,"Servisa konsultants
    

    
Serviss

  ·

    Moller Auto Krasta, Volkswagen",,scraped,2026-08-15T10:07:14.776141,
98a8dd2d410e61c0,https://lv.linkedin.com/jobs/view/artificial-intelligence-co-founder-head-of-product-100-%25-remote-m-f-d-at-ewor-4453710209,Artificial Intelligence Co-Founder / Head of Product (100 % remote) (m/f/d),,scraped,2026-08-15T10:07:22.042560,
55949dc01d07b341,https://lv.linkedin.com/jobs/view/specialist-finance-in-billing-team-at-circle-k-4415691545,Specialist Finance in Billing team,,scraped,2026-08-15T10:07:28.519645,
b0f6e865a062780c,https://lv.linkedin.com/jobs/view/lo%C4%A3istikas-speci%C4%81lists-e-at-erb-rail-4454507656,Loģistikas speciālists/-e,ERB Rail,posted,2026-08-15T10:07:43.023597,1699
97c83b119688533e,https://lv.linkedin.com/jobs/view/salesforce-marketing-cloud-developer-at-accenture-baltics-4453256902,Salesforce Marketing Cloud Developer,Accenture Baltics,posted,2026-08-15T10:07:49.350557,108
32d293ac1c88fa0a,https://lv.linkedin.com/jobs/view/sap-logistics-functional-consultant-at-accenture-baltics-4453240898,SAP Logistics Functional consultant,Accenture Baltics,posted,2026-08-15T10:07:57.577125,1523
f407e3bccb65d4c2,https://lv.linkedin.com/jobs/view/mazlietotu-automobi%C4%BCu-tirdzniec%C4%ABbas-konsultants-e-ventspil%C4%AB%0A-%0A%0A-%0Atirdzniec%C4%ABba%0A%0A-%C2%B7%0A%0A-moller-auto-ventspils-volkswagen-at-moller-auto-baltic-4453684773,"Mazlietotu automobiļu tirdzniecības konsultants/-e Ventspilī
    

    
Tirdzniecība

  ·

    Moller Auto Ventspils, Volkswagen",,scraped,2026-08-15T10:08:00.547981,
6a41617729149cec,https://lv.linkedin.com/jobs/view/emea-customer-care-representative-at-cabot-corporation-4444426120,EMEA Customer Care Representative,Cabot Corporation,posted,2026-08-15T10:08:11.098729,214
a7f2bbd1f5323b9a,https://lv.linkedin.com/jobs/view/junior-specialist-finance-at-circle-k-4453566363,Junior Specialist Finance,,scraped,2026-08-15T10:08:13.801008,
075edde5fa1ef5ec,https://lv.linkedin.com/jobs/view/salesforce-service-cloud-and-revenue-cloud-developer-at-accenture-baltics-4453751041,Salesforce Service Cloud and Revenue Cloud Developer,Accenture Baltics,posted,2026-08-15T10:08:27.733202,1701
1239ab73492b9e96,https://lv.linkedin.com/jobs/view/sap-sales-and-distribution-functional-consultant-at-accenture-baltics-4453254838,SAP Sales and Distribution Functional consultant,Accenture Baltics,posted,2026-08-15T10:08:39.850309,1703
f4ba93bc4121b657,https://lv.linkedin.com/jobs/view/marketing-creative-project-coordinator-at-happy-mammoth-4454587212,Marketing Creative Project Coordinator,Happy Mammoth,posted,2026-08-15T10:08:52.764630,1705
bef9dd969d69f90b,https://lv.linkedin.com/jobs/view/workplace-platform-security-engineer-at-accenture-baltics-4453262033,Workplace Platform & Security Engineer,Accenture Baltics,posted,2026-08-15T10:08:59.018212,566
5c32dd7da4be03e5,https://lv.linkedin.com/jobs/view/p%C4%81rdo%C5%A1anas-mened%C5%BEeris-e-at-ponton-lv-4451230094,Pārdošanas menedžeris/-e,,scraped,2026-08-15T10:09:07.655399,
abc5e6810b186153,https://lv.linkedin.com/jobs/view/klientu-konsultantu-asistents-e-t-c-damme-uz-noteiktu-laiku-%7E2-gadi-at-latvijas-mobilais-telefons-sia-4453733049,Klientu konsultantu asistents/-e t/c Damme (uz noteiktu laiku ~2 gadi),,scraped,2026-08-15T10:09:16.589938,
8cb1379f728ee30e,https://lv.linkedin.com/jobs/view/infrastructure-engineer-%E2%80%93-data-ai-platforms-at-accenture-baltics-4453259005,Infrastructure Engineer – Data & AI Platforms,Accenture Baltics,posted,2026-08-15T10:09:28.875124,1541
d33a6bd60b967d4a,https://lv.linkedin.com/jobs/view/senior-treasury-reconciliation-specialist-at-evotym-4452729875,Senior Treasury & Reconciliation Specialist,,scraped,2026-08-15T10:09:31.647068,
746fd543feffd5b4,https://lv.linkedin.com/jobs/view/digit%C4%81l%C4%81-satura-speci%C4%81lists-at-kinetics-modern-nail-brand-4454517490,Digitālā satura speciālists,Kinetics. Modern nail brand,posted,2026-08-15T10:09:47.234323,1707
0af89f479f59902a,https://lv.linkedin.com/jobs/view/jaun%C4%81kais-%C4%81-asistents-e-klientu-konsult%C4%93%C5%A1anas-noda%C4%BC%C4%81-%E2%80%9Cr%C4%ABga%E2%80%9D-at-swedbank-latvija-4449537684,Jaunākais(-ā) asistents(-e) Klientu konsultēšanas nodaļā “Rīga”,,scraped,2026-08-15T10:09:49.817533,
001c2c2672e41962,https://lv.linkedin.com/jobs/view/production-engineer-at-redwire-4453585527,Production Engineer,Redwire,posted,2026-08-15T10:10:09.019325,1709
684d0adaf718abe4,https://lv.linkedin.com/jobs/view/kred%C4%ABtriska-anal%C4%ABti%C4%B7is-e-credit-risk-analyst-at-citadele-banka-4454007874,Kredītriska analītiķis/-e (Credit Risk Analyst),,scraped,2026-08-15T10:10:15.602213,
9c27b11d5d950b07,https://lv.linkedin.com/jobs/view/team-lead-learning-and-development-contract-remote-at-infuse-4454817117,"Team Lead, Learning and Development (Contract, Remote)",INFUSE,posted,2026-08-15T10:10:34.104632,1711
4a453f7d97f76f41,https://lv.linkedin.com/jobs/view/territory-sales-manager-%E2%80%93-cardiology-radiology-neuro-latvia-estonia-at-baltics-medical-4449568340,"Territory Sales Manager – Cardiology, Radiology & Neuro | Latvia & Estonia",,scraped,2026-08-15T10:10:40.724299,
0c3c3ce1c16434cf,https://lv.linkedin.com/jobs/view/iepirkumu-vad%C4%ABt%C4%81js-a-at-erb-rail-4454505633,Iepirkumu vadītājs/-a,ERB Rail,posted,2026-08-15T10:10:57.887353,1713
6408f6f1b3702132,https://lv.linkedin.com/jobs/view/%D0%B4%D0%B8%D1%80%D0%B5%D0%BA%D1%82%D0%BE%D1%80-%D0%BF%D0%BE-%D0%BC%D0%B0%D1%80%D0%BA%D0%B5%D1%82%D0%B8%D0%BD%D0%B3%D1%83-4450824035,Директор по маркетингу,SIA Sikneco Technologies,failed|wp_post_failed,2026-08-15T10:11:03.512627,
02bba4024a456f3a,https://lv.linkedin.com/jobs/view/noliktavas-vad%C4%ABt%C4%81ja-s-at-itab-group-4453250218,Noliktavas vadītāja/-s,,scraped,2026-08-15T10:11:08.120369,
17e663a7675bff2a,https://lv.linkedin.com/jobs/view/tehniskais-%C4%81-speci%C4%81lists-e-in%C5%BEenieris-e-auto-elektronika-un-video-sist%C4%93mas-at-cvmarket-lv-4450488967,Tehniskais/-ā speciālists/-e / inženieris/-e (auto elektronika un video sistēmas),,scraped,2026-08-15T10:11:15.578765,
4114efee4cf3fcb6,https://lv.linkedin.com/jobs/view/freelance-luxury-brand-evaluator-in-riga-latvia-lv-at-cxg-4454310892,"Freelance Luxury Brand Evaluator in Riga - Latvia, LV",,scraped,2026-08-15T10:11:30.003894,
6e07f1184129d245,https://lv.linkedin.com/jobs/view/computer-vision-engineer-at-strativ-group-4452420630,Computer Vision Engineer,,scraped,2026-08-15T10:11:38.487250,
78cdc3f1d99a6de9,https://lv.linkedin.com/jobs/view/propulsion-engineer-at-redwire-europe-4450130407,Propulsion Engineer,,scraped,2026-08-15T10:11:46.343325,
55a42e637b2124bc,https://lv.linkedin.com/jobs/view/lead-devops-engineer-at-point-wild-4454050248,Lead DevOps Engineer,Point Wild,posted,2026-08-15T10:12:01.738337,795
6b6c22d4a6522c9c,https://lv.linkedin.com/jobs/view/head-of-sales-at-southwestern-recruitment-4452412551,Head of Sales,,scraped,2026-08-15T10:12:04.458011,
cdacfa961fc34535,https://lv.linkedin.com/jobs/view/jaun%C4%81kais-kvalit%C4%81tes-nodro%C5%A1in%C4%81%C5%A1as-in%C5%BEenieris-junior-qa-engineer-at-evolution-4451204469,Jaunākais Kvalitātes nodrošināšas inženieris / Junior QA Engineer,,scraped,2026-08-15T10:12:11.987982,
e245b7c947e01294,https://lv.linkedin.com/jobs/view/operations-manager-cs-at-eneba-4416112323,"Operations Manager, CS",,scraped,2026-08-15T10:12:18.994774,
557bd83cea3fcaca,https://lv.linkedin.com/jobs/view/commercial-director-at-asbis-4451211497,Commercial Director,,scraped,2026-08-15T10:12:26.116727,
2354018fec474355,https://lv.linkedin.com/jobs/view/sap-procurement-sap-mm-senior-consultant-at-arvato-systems-4449853128,SAP Procurement (SAP MM) Senior Consultant,,scraped,2026-08-15T10:12:34.154923,
9f1b4a0a8776a1d8,https://lv.linkedin.com/jobs/view/p%C4%81rdev%C4%93jus-konsultantus-t-c-galleria-riga-20h-n-at-h-m-4453066909,PĀRDEVĒJUS-KONSULTANTUS T/C Galleria Riga (20h/n),H&M,posted,2026-08-15T10:12:51.885166,1715
050a746aeca2eb55,https://lv.linkedin.com/jobs/view/embedded-system-engineer-at-strativ-group-4454053341,Embedded System Engineer,,scraped,2026-08-15T10:12:54.428997,
3c98e0045d5b6417,https://lv.linkedin.com/jobs/view/data-analyst-at-welltech-4452472394,Data Analyst,,scraped,2026-08-15T10:13:02.460154,
d04751876796d837,https://lv.linkedin.com/jobs/view/ai-safety-specialist-fully-remote-upto-%2470-hr-at-mercor-4452157723,AI Safety Specialist - Fully Remote | Upto $70/hr,Mercor,posted,2026-08-15T10:13:17.087200,1717
d8838d76cb3ddbb2,https://lv.linkedin.com/jobs/view/customer-service-representative-with-fluent-latvian-and-english-with-relocation-package-to-vilnius-at-tp-4454020186,Customer Service Representative with fluent Latvian and English (with relocation package to Vilnius),,scraped,2026-08-15T10:13:21.711472,
499d4262ddee603c,https://lv.linkedin.com/jobs/view/automeh%C4%81ni%C4%B7is-e-moller-auto-jelgavas-centr%C4%81-at-moller-auto-baltic-4451443340,Automehāniķis/-e Moller Auto Jelgavas centrā,,scraped,2026-08-15T10:13:33.475652,
840ab4488874ab58,https://lv.linkedin.com/jobs/view/automeh%C4%81ni%C4%B7is-e%0A-%0A%0A-%0Aserviss%0A%0A-%C2%B7%0A%0A-moller-auto-lidosta-volkswagen-moller-auto-krasta-volkswagen-moller-auto-r%C4%ABga-audi-at-moller-auto-baltic-4454387325,"Automehāniķis/-e
    

    
Serviss

  ·

    Moller Auto Lidosta, Volkswagen, Moller Auto Krasta, Volkswagen, Moller Auto Rīga, Audi",,scraped,2026-08-15T10:13:39.729060,
eb2deb82038f0c35,https://lv.linkedin.com/jobs/view/korporat%C4%ABvo-klientu-projektu-vad%C4%ABt%C4%81js-a%0A-%0A%0A-%0Atirdzniec%C4%ABba%0A%0A-%C2%B7%0A%0A-moller-auto-lidosta-volkswagen-at-moller-auto-baltic-4453668907,"Korporatīvo klientu projektu vadītājs/-a
    

    
Tirdzniecība

  ·

    Moller Auto Lidosta, Volkswagen",,scraped,2026-08-15T10:13:46.072582,
1a7de472ed13b2f4,https://lv.linkedin.com/jobs/view/korporat%C4%ABvo-klientu-projektu-vad%C4%ABt%C4%81js-a%0A-%0A%0A-%0Atirdzniec%C4%ABba%0A%0A-%C2%B7%0A%0A-moller-auto-krasta-volkswagen-at-moller-auto-baltic-4453672844,"Korporatīvo klientu projektu vadītājs/-a
    

    
Tirdzniecība

  ·

    Moller Auto Krasta, Volkswagen",,scraped,2026-08-15T10:13:52.549811,
d524e8eeee8830aa,https://lv.linkedin.com/jobs/view/koordinators-e-iek%C4%81rtu-remonta-lo%C4%A3istikas-da%C4%BC%C4%81-%E2%80%93-darbs-ar-klientiem-uz-noteiktu-laiku-%7E1-5-gads-at-latvijas-mobilais-telefons-sia-4453236277,"Koordinators/-e iekārtu remonta loģistikas daļā – darbs ar klientiem (uz noteiktu laiku ~1,5 gads)",,scraped,2026-08-15T10:13:59.037567,
f18aff9baedfb914,https://lv.linkedin.com/jobs/view/manual-qa-engineer-at-ubiquiti-inc-4395249004,Manual QA Engineer,Ubiquiti Inc.,posted,2026-08-15T10:14:13.343020,1719
c69300eb0c5ad38b,https://lv.linkedin.com/jobs/view/customer-technical-services-analyst-ii-at-mastercard-4440190398,Customer Technical Services Analyst II,Mastercard,posted,2026-08-15T10:14:21.953769,1721
c4c439f0bfc0ee7e,https://lv.linkedin.com/jobs/view/german-speaking-junior-logistics-support-specialist-at-circle-k-4453599881,German Speaking Junior Logistics Support Specialist,,scraped,2026-08-15T10:14:24.460461,
a76018f70b2e70ee,https://lv.linkedin.com/jobs/view/vad%C4%ABt%C4%81js-inov%C4%81ciju-centr%C4%81-at-paula-stradi%C5%86a-kl%C4%ABnisk%C4%81-universit%C4%81tes-slimn%C4%ABca-4451434042,VADĪTĀJS Inovāciju centrā,,scraped,2026-08-15T10:14:30.575607,
0bee6e51279ad7c8,https://lv.linkedin.com/jobs/view/radiologa-asistents-onkolo%C4%A3ijas-kl%C4%ABnik%C4%81-at-paula-stradi%C5%86a-kl%C4%ABnisk%C4%81-universit%C4%81tes-slimn%C4%ABca-4451910774,RADIOLOGA ASISTENTS Onkoloģijas klīnikā,,scraped,2026-08-15T10:14:39.985921,
3ce3a696c096f65d,https://lv.linkedin.com/jobs/view/%C4%93ku-sist%C4%93mu-in%C5%BEenieris-infrastrukt%C5%ABras-p%C4%81rvald%C4%AB%C5%A1anas-da%C4%BC%C4%81-at-paula-stradi%C5%86a-kl%C4%ABnisk%C4%81-universit%C4%81tes-slimn%C4%ABca-4451113575,ĒKU SISTĒMU INŽENIERIS Infrastruktūras pārvaldīšanas daļā,,scraped,2026-08-15T10:14:48.568008,
4f07cf78df9b661e,https://lv.linkedin.com/jobs/view/instructional-designer-contract-remote-at-infuse-4454828354,"Instructional Designer (Contract, Remote)",INFUSE,posted,2026-08-15T10:15:06.441245,1723
49d9c7cbfea48871,https://lv.linkedin.com/jobs/view/likvidit%C4%81tes-un-finan%C5%A1u-resursu-vad%C4%ABt%C4%81js-a-at-luminor-group-4453252225,Likviditātes un finanšu resursu vadītājs/-a,Luminor Group,posted,2026-08-15T10:15:22.108209,1725
9d7a1fc1194f0be0,https://lv.linkedin.com/jobs/view/german-speaking-logistics-support-specialist-at-circle-k-4453594940,German Speaking Logistics Support Specialist,,scraped,2026-08-15T10:15:24.684475,
f271b3bbfc0fce3c,https://lv.linkedin.com/jobs/view/vec%C4%81kais-biznesa-anal%C4%ABti%C4%B7is-e-naudas-p%C4%81rvald%C4%ABbas-departament%C4%81-at-luminor-group-4452147262,Vecākais biznesa analītiķis/-e (Naudas pārvaldības departamentā),Luminor Group,posted,2026-08-15T10:15:45.532187,1727
04898a1c933cee46,https://lv.linkedin.com/jobs/view/junior-middle-level-cloud-developer-in-analytics-team-m%C4%81ko%C5%86a-risin%C4%81jumu-programm%C4%93t%C4%81js-a-seb-riga-at-seb-latvija-4451639389,"Junior-Middle Level Cloud Developer in Analytics Team / Mākoņa risinājumu programmētājs/-a | SEB, Riga",,scraped,2026-08-15T10:15:50.151917,
3f04a69a3e92d683,https://lv.linkedin.com/jobs/view/platform-engineer-at-epam-systems-4450175239,Platform Engineer,EPAM Systems,posted,2026-08-15T10:16:04.651533,1729
52a0792d47d5d832,https://lv.linkedin.com/jobs/view/sap-logistics-scm-engineering-manager-at-epam-systems-4451115123,SAP Logistics (SCM) Engineering Manager,EPAM Systems,posted,2026-08-15T10:16:09.483530,246
6382114c39728026,https://lv.linkedin.com/jobs/view/freelance-luxury-brand-evaluator-in-riga-latvia-lv-at-cxg-4454332028,"Freelance Luxury Brand Evaluator in Riga - Latvia, LV",,scraped,2026-08-15T10:16:12.178782,
56c6aeaea5b17673,https://lv.linkedin.com/jobs/view/staff-core-platform-engineer-at-n8n-4452462708,Staff Core Platform Engineer,,scraped,2026-08-15T10:16:18.817420,
924c967ae25e9b27,https://lv.linkedin.com/jobs/view/senior-business-analyst-cash-management-department-at-luminor-group-4451563772,Senior Business Analyst (Cash Management Department),Luminor Group,posted,2026-08-15T10:16:35.420309,364
0e3793371d6b86ec,https://lv.linkedin.com/jobs/view/sap-abap-engineering-manager-at-epam-systems-4450932536,SAP ABAP Engineering Manager,EPAM Systems,posted,2026-08-15T10:16:40.107509,1035
6293b3790302b1ac,https://lv.linkedin.com/jobs/view/senior-instructional-designer-contract-remote-at-infuse-4454356933,"Senior Instructional Designer (Contract, Remote)",INFUSE,posted,2026-08-15T10:16:49.083610,1731
fc6dcc02f25c65fd,https://lv.linkedin.com/jobs/view/senior-data-analyst-at-luminor-group-4454565130,Senior Data Analyst,Luminor Group,posted,2026-08-15T10:17:12.184130,1733
d6fa3e0bb0ee4c35,https://lv.linkedin.com/jobs/view/human-machine-interface-hmi-ipt-lead-software-engineering-at-redwire-europe-4449834537,Human Machine Interface (HMI) IPT Lead- Software Engineering,,scraped,2026-08-15T10:17:14.767509,
51ecb4bf4cc6d9e7,https://lv.linkedin.com/jobs/view/embedded-software-developer-at-redwire-europe-4450141264,Embedded Software Developer,,scraped,2026-08-15T10:17:22.016503,
945aae49f59a6124,https://lv.linkedin.com/jobs/view/simulation-engineer-c%23-unity-at-strativ-group-4454043402,Simulation Engineer (C# Unity),,scraped,2026-08-15T10:17:28.975102,
a266a0c940afd703,https://lv.linkedin.com/jobs/view/senior-net-developer-at-accenture-baltics-4453248902,Senior .Net Developer,Accenture Baltics,posted,2026-08-15T10:17:44.577337,1735
c58fb563f82e93d1,https://lv.linkedin.com/jobs/view/senior-full-stack-developer-at-swisscom-devops-center-riga-4450896797,Senior Full-stack Developer,,scraped,2026-08-15T10:17:49.310693,
ce8605f78e462467,https://lv.linkedin.com/jobs/view/data-solution-architect-ai-architect-at-epam-systems-4452176940,Data Solution Architect / AI Architect,EPAM Systems,posted,2026-08-15T10:17:58.827416,1019
0f7487bec0d2312f,https://lv.linkedin.com/jobs/view/grafikas-dizaineris-apmaks%C4%81ta-prakse-at-prakse-lv-4454546201,Grafikas dizaineris APMAKSĀTA PRAKSE,Prakse.lv,posted,2026-08-15T10:18:12.324732,1737
349d19a81900b875,https://lv.linkedin.com/jobs/view/freelance-luxury-brand-evaluator-in-riga-latvia-lv-at-cxg-4454316239,"Freelance Luxury Brand Evaluator in Riga - Latvia, LV",,scraped,2026-08-15T10:18:14.769688,
4531fe74b2d88b12,https://lv.linkedin.com/jobs/view/latvian-language-expert-at-sme-careers-4454543292,Latvian Language Expert,SME Careers,posted,2026-08-15T10:18:26.929483,1739
a560af8078b48368,https://lv.linkedin.com/jobs/view/tosca-test-automation-engineer-at-accenture-baltics-4453247922,Tosca Test Automation Engineer,Accenture Baltics,posted,2026-08-15T10:18:34.192247,1353
f77432e543474645,https://lv.linkedin.com/jobs/view/pav%C4%81ra-pal%C4%ABgs-dze-at-viet%C4%93jais-top%21-4451573192,Pavāra palīgs/dze,,scraped,2026-08-15T10:18:38.829913,
a28b865aae540070,https://lv.linkedin.com/jobs/view/freelance-fintech-recruiter-at-headhunters-hub-4449585252,Freelance FinTech Recruiter,,scraped,2026-08-15T10:18:46.230970,
6e9dbcf59938d25f,https://lv.linkedin.com/jobs/view/seo-content-writer-at-metaratings-4454039287,SEO Content Writer,,scraped,2026-08-15T10:18:52.415693,
b572026a8293dde1,https://lv.linkedin.com/jobs/view/sales-executive-at-pap%C4%ABrfabrika-l%C4%ABgatne-4451229054,Sales Executive,,scraped,2026-08-15T10:19:00.035291,
ad4e472dc76c2c14,https://lv.linkedin.com/jobs/view/praktikants-e-at-institute-for-environmental-solutions-ies-4451151943,Praktikants / -e,,scraped,2026-08-15T10:19:09.309293,
efaf51a0f316c889,https://lv.linkedin.com/jobs/view/real-estate-broker-dubai-based-at-mccone-properties-4453692935,Real Estate Broker (Dubai Based),,scraped,2026-08-15T10:19:18.345643,
5ff026b84deac865,https://lv.linkedin.com/jobs/view/it-intern-6-months-ftc-at-swapcard-4454076331,IT Intern - 6 months FTC,,scraped,2026-08-15T10:19:25.041318,
ac8f901adce75945,https://lv.linkedin.com/jobs/view/chief-cook-temporary-at-stena-line-4454049135,Chief Cook (temporary),,scraped,2026-08-15T10:19:31.327806,
07b0c7abf1785fba,https://lv.linkedin.com/jobs/view/german-speaking-service-desk-team-lead-at-strategic-staffing-solutions-4453082560,German Speaking Service Desk Team Lead,Strategic Staffing Solutions,posted,2026-08-15T10:19:45.894092,1741
c3753a7c95f4a735,https://lv.linkedin.com/jobs/view/fitbit-customer-support-specialist-with-danish-and-english-at-telus-digital-4453688880,Fitbit Customer Support Specialist with Danish and English,,scraped,2026-08-15T10:19:48.494584,
bb3c2e3de7438f2f,https://lv.linkedin.com/jobs/view/vp-client-success-experience-at-paymentology-4454035706,VP Client Success & Experience,,scraped,2026-08-15T10:19:55.793212,
a5fac402c3e0e5bc,https://lv.linkedin.com/jobs/view/ai-training-fluent-russian-speakers-freelance-remote-at-prolific-4452722093,AI Training - Fluent Russian Speakers (Freelance - Remote),,scraped,2026-08-15T10:20:02.888976,
8cc62b4a8b1f82ba,https://lv.linkedin.com/jobs/view/senior-java-developer-with-apache-kafka-f-m-x-at-sii-poland-4450806021,Senior Java Developer with Apache Kafka (f/m/x),,scraped,2026-08-15T10:20:09.301032,
fcceef3a23457109,https://lv.linkedin.com/jobs/view/p%C4%81rdev%C4%93js-a-uz-noteiktu-laiku-nepilns-darba-laiks-t-c-valleta-at-lindex-4453703943,"Pārdevējs/a uz noteiktu laiku (nepilns darba laiks), t/c ""Valleta""",,scraped,2026-08-15T10:20:16.554145,
24a9fd51aeaaac5d,https://lv.linkedin.com/jobs/view/klientu-veiksmes-mened%C5%BEeris-apmaks%C4%81ta-prakse-at-prakse-lv-4454536259,Klientu Veiksmes Menedžeris APMAKSĀTA PRAKSE,Prakse.lv,posted,2026-08-15T10:20:29.897354,1743
5586d38a55aecf45,https://lv.linkedin.com/jobs/view/lead-security-engineer-cryptography-and-threat-modeling-at-epam-systems-4452902212,Lead Security Engineer (Cryptography and Threat Modeling),EPAM Systems,posted,2026-08-15T10:20:34.647350,859
a308aa01b0cab681,https://lv.linkedin.com/jobs/view/lead-data-software-engineer-at-epam-systems-4453042865,Lead Data Software Engineer,EPAM Systems,posted,2026-08-15T10:20:39.504151,84
516ee3eae378aef8,https://lv.linkedin.com/jobs/view/senior-full-stack-abap-ui5-developer-at-epam-systems-4452182368,Senior Full Stack ABAP/UI5 Developer,EPAM Systems,posted,2026-08-15T10:20:44.307302,1309
6ea32572f49bc5b2,https://lv.linkedin.com/jobs/view/video-satura-veidot%C4%81js-apmaks%C4%81ta-prakse-at-prakse-lv-4454543240,Video satura veidotājs APMAKSĀTA PRAKSE,Prakse.lv,posted,2026-08-15T10:20:55.399905,1745
8eb287e9d2e173db,https://lv.linkedin.com/jobs/view/dizaineris-apmaks%C4%81ta-prakse-at-prakse-lv-4454539260,Dizaineris APMAKSĀTA PRAKSE,Prakse.lv,posted,2026-08-15T10:21:04.694917,1747
b858f88ed8f7ffb9,https://lv.linkedin.com/jobs/view/digital-trust-and-safety-specialist-with-danish-and-english-at-telus-digital-4453693305,Digital Trust and Safety Specialist with Danish and English,,scraped,2026-08-15T10:21:15.300282,
6df38ad68a3cd5fb,https://lv.linkedin.com/jobs/view/german-speaking-customer-support-rep-i-onsite-in-greece-i-relocation-support-at-ww-talents-4451112047,German-Speaking Customer Support Rep I Onsite in Greece I Relocation Support,WW Talents,posted,2026-08-15T10:21:33.132392,1749
00bc8372816b79e6,https://lv.linkedin.com/jobs/view/dutch-speaking-customer-support-rep-i-remote-in-greece-i-relocation-support-at-ww-talents-4452159609,Dutch-Speaking Customer Support Rep I Remote in Greece I Relocation Support,WW Talents,posted,2026-08-15T10:21:41.903728,1751
e63fa0e412b0164d,https://lv.linkedin.com/jobs/view/create-an-app-with-ai%E2%80%94no-coding-required-at-qailt-4453690781,Create an App with AI—No Coding Required,QAILT,posted,2026-08-17T10:16:36.795044,1559
d0d6dd23d8929557,https://lv.linkedin.com/jobs/view/nekustam%C4%81-%C4%ABpa%C5%A1uma-p%C4%81rvaldnie-ks-ce-%E2%80%93-r%C4%ABga-at-cvmarket-lv-4450487988,Nekustamā īpašuma pārvaldnie-ks/-ce – RĪGA,,scraped,2026-08-17T10:17:13.621241,
fda1de23157ff2de,https://lv.linkedin.com/jobs/view/business-development-representative-at-testdevlab-4452920102,Business Development Representative,,scraped,2026-08-17T10:17:21.632686,
d5f06e23e747022d,https://lv.linkedin.com/jobs/view/customer-relations-specialist-at-fcg-ops-4452220744,Customer Relations Specialist,,scraped,2026-08-17T10:17:32.107703,
c6b805bfd7bbe0ad,https://lv.linkedin.com/jobs/view/risk-manager-at-evotym-4452781004,Risk Manager,,scraped,2026-08-17T10:17:44.380619,
5b64bdabbd00ca25,https://lv.linkedin.com/jobs/view/transporta-resursu-speci%C4%81lists-a-transport-operations-specialist-latvia-at-girteka-4450107524,Transporta resursu speciālists/-a - Transport Operations Specialist Latvia,,scraped,2026-08-17T10:17:54.960473,
1b9b8a7a6a20df56,https://lv.linkedin.com/jobs/view/growth-sales-executive-at-wallester-4437290161,Growth Sales Executive,,scraped,2026-08-17T10:18:15.968286,
389aee99065ea8b7,https://lv.linkedin.com/jobs/view/it-grc-specialist-at-avafin-4448412228,IT GRC Specialist,,scraped,2026-08-17T10:18:25.631430,
92dbd52ef1ec3b57,https://lv.linkedin.com/jobs/view/%C5%A1efpav%C4%81rs-e-at-b%C4%93rnu-kl%C4%ABnisk%C4%81-universit%C4%81tes-slimn%C4%ABca-children-s-clinical-university-hospital-4454535884,Šefpavārs/-e,,scraped,2026-08-17T10:18:32.005139,
0900f50c37d7f4d6,https://lv.linkedin.com/jobs/view/contact-centre-support-administrator-at-epson-baltics-4454010615,Contact Centre Support Administrator,,scraped,2026-08-17T10:18:40.103639,
159ca1be280f188f,https://lv.linkedin.com/jobs/view/sales-account-manager-baltics-at-nexeo-plastics-4454521277,Sales Account Manager Baltics,Nexeo Plastics,posted,2026-08-17T10:18:57.648371,1753
d5bdf7e4adbe64c6,https://lv.linkedin.com/jobs/view/jaun%C4%81kais-gr%C4%81matvedis-grup%C4%81-at-storent-europe-4451574009,Jaunākais grāmatvedis grupā,,scraped,2026-08-17T10:19:00.221856,
594d1c39efceb054,https://lv.linkedin.com/jobs/view/senior-security-operator-at-idemia-4454051765,Senior Security Operator,,scraped,2026-08-17T10:19:06.854135,
ff3a5e1548763790,https://lv.linkedin.com/jobs/view/pre-sales-manager-at-d8-corporation-4454519813,Pre-Sales Manager,D8 Corporation,posted,2026-08-17T10:19:24.040086,1755
da70eccc3ac28411,https://lv.linkedin.com/jobs/view/technical-team-lead-at-chili-publish-4453091834,Technical Team Lead,,scraped,2026-08-17T10:19:26.592225,
0c50b904fa2f2a6e,https://lv.linkedin.com/jobs/view/kvalit%C4%81tes-vad%C4%ABt%C4%81js-a-at-swiss-flavours-4450474827,Kvalitātes vadītājs/-a,,scraped,2026-08-17T10:19:33.414008,
38350692e2299c1f,https://lv.linkedin.com/jobs/view/technician-at-sph-engineering-4452383719,Technician,,scraped,2026-08-17T10:19:40.893358,
fba58f120c434e7f,https://lv.linkedin.com/jobs/view/seo-specialist-at-revpanda-group-4439157036,SEO Specialist,,scraped,2026-08-17T10:19:47.385399,
ca4f7241ca50c95d,https://lv.linkedin.com/jobs/view/quality-manager-at-luminor-group-4454227454,Quality Manager,Luminor Group,posted,2026-08-17T10:20:03.149480,524
789ad9d1f1629ac0,https://lv.linkedin.com/jobs/view/compliance-specialist-%E2%80%94-oro-pay-ltd-%F0%9F%93%8D-riga-latvia-hybrid-at-oropay-4451296836,"Compliance Specialist — Oro Pay Ltd 📍 Riga, Latvia | Hybrid",,scraped,2026-08-17T10:20:19.681931,
c67d6e40c3c5b2b9,https://lv.linkedin.com/jobs/view/product-owner-at-nexpay-4449564658,Product Owner,,scraped,2026-08-17T10:20:26.520409,
20b4b272b8a14b18,https://lv.linkedin.com/jobs/view/senior-media-buyer-at-happy-mammoth-4453132110,Senior Media Buyer,Happy Mammoth,posted,2026-08-17T10:20:41.571522,1757
ee76a76068b43e87,https://lv.linkedin.com/jobs/view/digit%C4%81l%C4%81-m%C4%81rketinga-speci%C4%81lists-e-at-sizzapp-4448013012,Digitālā mārketinga speciālists/-e,SIZZAPP,posted,2026-08-17T10:21:03.754035,1759
34d240f540bdd917,https://lv.linkedin.com/jobs/view/e-komercijas-projektu-vad%C4%ABt%C4%81js-a-at-m%C4%93ness-aptieka-4449827703,E-komercijas projektu vadītājs/-a,,scraped,2026-08-17T10:21:06.386728,
a7a0f2388e08b45f,https://lv.linkedin.com/jobs/view/quality-manager-at-origin-robotics-4452441054,Quality Manager,,scraped,2026-08-17T10:21:14.065244,
f0e1d329f1c03209,https://lv.linkedin.com/jobs/view/pav%C4%81rs-at-viet%C4%93jais-top%21-4454058729,Pavārs,,scraped,2026-08-17T10:21:22.778752,
99cccfdb303cdde2,https://lv.linkedin.com/jobs/view/p%C4%81rdev%C4%93js-a-circle-k-ziepniekkalns-ziepniekkalna-iela-9-r%C4%ABga-at-circle-k-4453576379,"Pārdevējs/-a Circle K Ziepniekkalns (Ziepniekkalna iela 9, Rīga)",,scraped,2026-08-17T10:21:40.498723,
6ed5171a85262ecb,https://lv.linkedin.com/jobs/view/residential-building-inspector-interim-at-cleveland-division-of-police-4454526043,Residential Building Inspector Interim,Cleveland Division of Police,posted,2026-08-17T10:21:53.414115,1761
ebf448c680cc71ed,https://lv.linkedin.com/jobs/view/servisa-konsultants-e%0A-%0A%0A-%0Aserviss%0A%0A-%C2%B7%0A%0A-moller-auto-r%C4%ABga-audi-at-moller-auto-baltic-4453671916,"Servisa konsultants/-e
    

    
Serviss

  ·

    Moller Auto Rīga, Audi",,scraped,2026-08-17T10:22:09.878079,
022cf7ef0c249b89,https://lv.linkedin.com/jobs/view/sap-ewm-functional-consultant-at-accenture-baltics-4453251923,SAP EWM Functional consultant,Accenture Baltics,posted,2026-08-17T10:22:24.580349,556
c4141831ad933e6a,https://lv.linkedin.com/jobs/view/mazlietotu-automobi%C4%BCu-tirdzniec%C4%ABbas-konsultants-e-at-moller-auto-baltic-4451930632,Mazlietotu automobiļu tirdzniecības konsultants/-e,,scraped,2026-08-17T10:22:27.215004,
e64b43eaf110dc77,https://lv.linkedin.com/jobs/view/edd-process-owner-at-luminor-group-4454390849,EDD Process Owner,Luminor Group,posted,2026-08-17T10:23:02.805568,1763
95b32bba94af65e2,https://lv.linkedin.com/jobs/view/general-ledger-accountant-at-cabot-corporation-4444406977,General Ledger Accountant,Cabot Corporation,posted,2026-08-17T10:23:13.749499,1765
1c703cdcdd529fa9,https://lv.linkedin.com/jobs/view/country-product-manager-at-asus-4454236745,Country Product Manager,,scraped,2026-08-17T10:23:16.389029,
3a9a75d22b000b3e,https://lv.linkedin.com/jobs/view/goldenman-services-at-fair-trade-qatar-4455252076,Goldenman Services,FAIR TRADE QATAR,posted,2026-08-17T10:23:29.553782,1767
d09c60fffe9fb29a,https://lv.linkedin.com/jobs/view/a-s-elis-tekstila-serviss-aicina-darb%C4%81-inventariz%C4%81cijas-speci%C4%81listu-at-elis-4406567305,A/S Elis Tekstila Serviss aicina darbā inventarizācijas speciālistu,,scraped,2026-08-17T10:23:32.075574,
b684dfd2ea26a167,https://lv.linkedin.com/jobs/view/bim-technician-at-arrise-4425823594,BIM Technician,,scraped,2026-08-17T10:23:41.207817,
e569c33ce4860b3d,https://lv.linkedin.com/jobs/view/senior-regulatory-officer-at-luminor-group-4454230233,Senior Regulatory Officer,Luminor Group,posted,2026-08-17T10:23:58.208779,1205
9e35f158c1547424,https://lv.linkedin.com/jobs/view/hr-business-partner-at-helmes-latvia-4455199045,HR Business Partner,,scraped,2026-08-17T10:24:00.850988,
5864dbae7042a55e,https://lv.linkedin.com/jobs/view/onboarding-specialist-aml-and-compliance-at-transferra-4450489499,Onboarding Specialist (AML and Compliance),,scraped,2026-08-17T10:24:12.386638,
1660f2e1557f0869,https://lv.linkedin.com/jobs/view/development-director-residential-real-estate-development-at-a2ml-recruiting-4452228482,Development Director - Residential Real Estate Development,,scraped,2026-08-17T10:24:26.148334,
1affc6fea871aa20,https://lv.linkedin.com/jobs/view/assurance-manager-senior-manager-assurance-latvia-at-acca-careers-4455103075,Assurance Manager/ Senior Manager | Assurance | Latvia,,scraped,2026-08-17T10:24:32.312804,
c9578f9f3619d44f,https://lv.linkedin.com/jobs/view/projektu-vad%C4%ABt%C4%81ja-asistents-projektu-koordinators-at-lafi-serviss-%C4%93ku-tehnisko-sist%C4%93mu-apkalpo%C5%A1ana-4450497095,PROJEKTU VADĪTĀJA ASISTENTS / PROJEKTU KOORDINATORS,,scraped,2026-08-17T10:24:42.942475,
4d9f7f99df3ab83e,https://lv.linkedin.com/jobs/view/strategy-consulting-analyst-at-visa-4452380758,Strategy Consulting Analyst,Visa,posted,2026-08-17T10:25:00.050177,1769
568879770cc442b4,https://lv.linkedin.com/jobs/view/ui-ux-game-designer-at-estoty-4452999510,UI/UX Game Designer,,scraped,2026-08-17T10:25:04.637042,
e6c13f16c0409637,https://lv.linkedin.com/jobs/view/p%C4%81rdo%C5%A1anas-att%C4%ABst%C4%ABbas-speci%C4%81lists-e-b2b-tehnisko-produktu-un-risin%C4%81jumu-segment%C4%81-at-grafton-recruitment-4441517734,Pārdošanas attīstības Speciālists/-e | B2B tehnisko produktu un risinājumu segmentā,,scraped,2026-08-17T10:25:11.841396,
29d7b9492cdc75e3,https://lv.linkedin.com/jobs/view/anti-aging-institute-m%C4%81rketinga-un-soci%C4%81lo-t%C4%ABklu-speci%C4%81lists-e-at-vesel%C4%ABbas-centrs-4-4451965649,"""Anti-Aging Institute"" mārketinga un sociālo tīklu speciālists/-e",,scraped,2026-08-17T10:25:23.944414,
1cb1fb3bc09321d8,https://lv.linkedin.com/jobs/view/clinical-project-manager-europe-talent-pipeline-opportunity-at-emerald-clinical-4451161178,Clinical Project Manager (Europe) - Talent Pipeline Opportunity,,scraped,2026-08-17T10:25:31.640479,
32e411049f9dc2d4,https://lv.linkedin.com/jobs/view/test-automation-engineer-at-swisscom-devops-center-riga-4451215857,Test Automation Engineer,,scraped,2026-08-17T10:25:48.239924,
a74f5d0e837826da,https://lv.linkedin.com/jobs/view/full-stack-developer-at-swisscom-devops-center-riga-4451208807,Full-stack Developer,,scraped,2026-08-17T10:25:55.340069,
de5021f3e6d41a89,https://lv.linkedin.com/jobs/view/business-consultant-networks-telecommunication-at-epam-systems-4452175924,"Business Consultant, Networks & Telecommunication",EPAM Systems,posted,2026-08-17T10:26:06.996903,635
4c1520b003232e5b,https://lv.linkedin.com/jobs/view/longevity-co-founder-head-of-engineering-100-%25-remote-m-f-d-at-ewor-4453564674,Longevity Co-Founder / Head of Engineering (100 % remote) (m/f/d),,scraped,2026-08-17T10:26:11.632050,
47666b42fa6ec844,https://lv.linkedin.com/jobs/view/transporta-dispe%C4%8Ders-transport-manager-latvia-at-girteka-4450121484,Transporta dispečers - Transport Manager Latvia,,scraped,2026-08-17T10:26:24.333835,
2e7cb00ca545ce40,https://lv.linkedin.com/jobs/view/latvian-speaking-support-associate-part-time-at-wolt-4452985771,Latvian Speaking Support Associate (part-time),,scraped,2026-08-17T10:26:47.051607,
371b11d247c293be,https://lv.linkedin.com/jobs/view/ai-architect-igaming-at-neurons-lab-4452460720,AI Architect (iGaming),,scraped,2026-08-17T10:26:58.413405,
de658a718022c2a1,https://lv.linkedin.com/jobs/view/head-of-legal-at-coinspaid-solutions-4454595955,Head of Legal,,scraped,2026-08-17T10:27:08.529690,
b65ae9cda450a117,https://lv.linkedin.com/jobs/view/legal-administrative-assistant-at-berger-consulting-latvia-4450498043,Legal Administrative Assistant,,scraped,2026-08-17T10:27:16.436960,
4882508f22feaa84,https://lv.linkedin.com/jobs/view/p%C4%81rdev%C4%93js-a-nepilns-darba-laiks-t-c-spice-at-lindex-4451927537,"Pārdevējs/a (nepilns darba laiks), t/c ""Spice""",,scraped,2026-08-17T10:27:23.281014,
04187f1ba3d3ce41,https://lv.linkedin.com/jobs/view/p%C4%81rdev%C4%93js-pre%C4%8Du-pie%C5%86%C4%93m%C4%93js-jysk-veikal%C4%81-liep%C4%81j%C4%81-20h-ned%C4%93%C4%BC%C4%81-at-jysk-baltics-4452490547,Pārdevējs - preču pieņēmējs JYSK veikalā Liepājā (20h nedēļā),JYSK Baltics,posted,2026-08-17T10:27:40.695715,1771
173b1365b8fa3c7a,https://lv.linkedin.com/jobs/view/backend-engineer-python-fastapi-remote-at-crossing-hurdles-4442603215,Backend Engineer (Python / FastAPI) | Remote,Crossing Hurdles,posted,2026-08-17T10:27:49.210891,1773
d969af7ef5cc2a76,https://lv.linkedin.com/jobs/view/senior-data-engineer-at-gomining-4454392557,Senior Data Engineer,,scraped,2026-08-17T10:27:51.793190,
644f168b991c0bc2,https://lv.linkedin.com/jobs/view/p%C4%81rdev%C4%93js-pre%C4%8Du-pie%C5%86%C4%93m%C4%93js-jysk-veikal%C4%81-tc-spice-home-pusslodzes-darbs-at-jysk-baltics-4452476831,"Pārdevējs - preču pieņēmējs JYSK veikalā TC ""SPICE HOME"" (pusslodzes darbs)",JYSK Baltics,posted,2026-08-17T10:28:07.537686,1775
455f44c741204715,https://lv.linkedin.com/jobs/view/freelance-senior-clinical-research-associate-at-tfs-healthscience-4453333673,Freelance Senior Clinical Research Associate,TFS HealthScience,posted,2026-08-17T10:28:19.984839,1777
f71bb2bfef6a62d1,https://lv.linkedin.com/jobs/view/llm-genai-engineer-at-accenture-baltics-4453238886,LLM/GenAI engineer,Accenture Baltics,posted,2026-08-17T10:28:28.209242,1037
d7bbca3ac7925d1b,https://lv.linkedin.com/jobs/view/m%C4%81sas-pal%C4%ABgs-jaun%C4%81kais-m%C4%81sas-pal%C4%ABgs-31-hemodial%C4%ABzes-noda%C4%BC%C4%81-at-paula-stradi%C5%86a-kl%C4%ABnisk%C4%81-universit%C4%81tes-slimn%C4%ABca-4454230995,MĀSAS PALĪGS / JAUNĀKAIS MĀSAS PALĪGS 31. Hemodialīzes nodaļā,,scraped,2026-08-17T10:28:32.756323,
05762cc548385afc,https://lv.linkedin.com/jobs/view/b2b-content-writer-remote-contract-at-infuse-4454816829,"B2B Content Writer (Remote, Contract)",INFUSE,posted,2026-08-17T10:29:00.971461,1779
12d2d88884fad1e9,https://lv.linkedin.com/jobs/view/software-engineer-ios-at-luminor-group-4454234239,Software Engineer (iOS),Luminor Group,posted,2026-08-17T10:29:13.910164,767
5d68e622f9ba1e88,https://lv.linkedin.com/jobs/view/senior-java-developer-at-accenture-baltics-4453254929,Senior Java Developer,Accenture Baltics,posted,2026-08-17T10:29:26.054595,334
382391546b180af9,https://lv.linkedin.com/jobs/view/software-engineer-android-at-luminor-group-4454210407,Software Engineer (Android),Luminor Group,posted,2026-08-17T10:29:36.719289,1593
fd41bf96485e9ac2,https://lv.linkedin.com/jobs/view/studijas-interjera-dizaineris-studio-interior-designer-at-evolution-4452237682,Studijas Interjera Dizaineris/ Studio Interior Designer,,scraped,2026-08-17T10:29:41.394020,
d54464394d03c970,https://lv.linkedin.com/jobs/view/senior-financial-data-analyst-at-luminor-group-4454220282,Senior Financial Data Analyst,Luminor Group,posted,2026-08-17T10:29:56.421057,1301
fc069d37829c8047,https://lv.linkedin.com/jobs/view/ai-safety-specialist-fully-remote-upto-%2470-hr-at-mercor-4451376868,AI Safety Specialist - Fully Remote | Upto $70/hr,Mercor,posted,2026-08-17T10:30:01.493384,1717
d82b97f79cb6bcab,https://lv.linkedin.com/jobs/view/apmaks%C4%81ta-prakse-b%C5%ABvniec%C4%ABbas-projekta-departament%C4%81-at-prakse-lv-4454536254,Apmaksāta prakse būvniecības projekta departamentā,Prakse.lv,posted,2026-08-17T10:30:19.553547,1781
aa55de5ea9e5ba31,https://lv.linkedin.com/jobs/view/cloud-engineer-fully-remote-upto-%2485-hr-at-mercor-4453501911,Cloud Engineer - Fully Remote | Upto $85/hr,Mercor,posted,2026-08-17T10:30:31.646946,1783
0595bd44f261b0c2,https://lv.linkedin.com/jobs/view/devops-engineer-ai-model-evaluator-at-mercor-4446483988,DevOps Engineer - AI Model Evaluator,Mercor,posted,2026-08-17T10:30:45.829428,1785
52f9d17ded2ab1e0,https://lv.linkedin.com/jobs/view/m%C4%81rketinga-rado%C5%A1ais-dizaineris-apmaks%C4%81ta-prakse-at-prakse-lv-4454554155,Mārketinga radošais dizaineris APMAKSĀTA PRAKSE,Prakse.lv,posted,2026-08-17T10:31:13.630493,1787
e4bdf875c9b0720f,https://lv.linkedin.com/jobs/view/solutions-consultant-with-danish-and-english-at-telus-digital-4454020941,Solutions Consultant with Danish and English,,scraped,2026-08-17T10:31:16.379989,
